-- --------------------------------------------------------
-- 主机:                           127.0.0.1
-- 服务器版本:                        5.7.14 - MySQL Community Server (GPL)
-- 服务器操作系统:                      Win64
-- HeidiSQL 版本:                  9.4.0.5125
-- --------------------------------------------------------

/*!40101 SET @OLD_CHARACTER_SET_CLIENT=@@CHARACTER_SET_CLIENT */;
/*!40101 SET NAMES utf8 */;
/*!50503 SET NAMES utf8mb4 */;
/*!40014 SET @OLD_FOREIGN_KEY_CHECKS=@@FOREIGN_KEY_CHECKS, FOREIGN_KEY_CHECKS=0 */;
/*!40101 SET @OLD_SQL_MODE=@@SQL_MODE, SQL_MODE='NO_AUTO_VALUE_ON_ZERO' */;


-- 导出 yunlife 的数据库结构
DROP DATABASE IF EXISTS `yunlife`;
CREATE DATABASE IF NOT EXISTS `yunlife` /*!40100 DEFAULT CHARACTER SET utf8 */;
USE `yunlife`;

-- 导出  表 yunlife.address 结构
DROP TABLE IF EXISTS `address`;
CREATE TABLE IF NOT EXISTS `address` (
  `id` tinyint(4) NOT NULL AUTO_INCREMENT COMMENT 'ID',
  `user_id` int(6) DEFAULT NULL COMMENT '用户id',
  `addr` varchar(60) DEFAULT NULL COMMENT '地址',
  `default` tinyint(1) DEFAULT NULL COMMENT '是否默认;1:默认;2;备用',
  `phone` varchar(11) DEFAULT '' COMMENT '手机号',
  PRIMARY KEY (`id`)
) ENGINE=MyISAM AUTO_INCREMENT=8 DEFAULT CHARSET=utf8 COMMENT='用户地址';

-- 正在导出表  yunlife.address 的数据：1 rows
/*!40000 ALTER TABLE `address` DISABLE KEYS */;
INSERT INTO `address` (`id`, `user_id`, `addr`, `default`, `phone`) VALUES
	(7, 100001, '上海市普陀区金沙江路1145号', 1, '12345');
/*!40000 ALTER TABLE `address` ENABLE KEYS */;

-- 导出  表 yunlife.admin_account 结构
DROP TABLE IF EXISTS `admin_account`;
CREATE TABLE IF NOT EXISTS `admin_account` (
  `id` int(11) NOT NULL AUTO_INCREMENT,
  `admin_id` int(11) NOT NULL COMMENT '用户ID',
  `realname` varchar(100) NOT NULL COMMENT '真实姓名',
  `id_card` varchar(100) NOT NULL COMMENT '身份证号',
  `bank_name` varchar(100) NOT NULL COMMENT '银行名称',
  `bank_card` varchar(100) NOT NULL COMMENT '银行卡号',
  `bank_user` varchar(100) NOT NULL COMMENT '持卡人姓名',
  `bank_mobile` char(11) NOT NULL COMMENT '银行预留手机号',
  `bank_type` varchar(100) NOT NULL COMMENT '联行号',
  `bank_areacode` varchar(50) NOT NULL COMMENT '地区码',
  `bank_code` varchar(50) DEFAULT NULL COMMENT '银行编码',
  `bank_address` varchar(100) DEFAULT '' COMMENT '开户行地址',
  `province` varchar(100) NOT NULL COMMENT '省份',
  `city` varchar(100) NOT NULL COMMENT '城市',
  `address` varchar(150) DEFAULT '' COMMENT '地址',
  `created_at` datetime DEFAULT NULL,
  PRIMARY KEY (`id`),
  UNIQUE KEY `admin_id` (`admin_id`) USING BTREE
) ENGINE=InnoDB AUTO_INCREMENT=20 DEFAULT CHARSET=utf8 COMMENT='后台用户账户表';

-- 正在导出表  yunlife.admin_account 的数据：~0 rows (大约)
/*!40000 ALTER TABLE `admin_account` DISABLE KEYS */;
INSERT INTO `admin_account` (`id`, `admin_id`, `realname`, `id_card`, `bank_name`, `bank_card`, `bank_user`, `bank_mobile`, `bank_type`, `bank_areacode`, `bank_code`, `bank_address`, `province`, `city`, `address`, `created_at`) VALUES
	(19, 4, '任宏', '1', '102', '6228480408625634675', '任宏', '15851408673', '', '', '中国工商银行', '1', '', '', '', '2017-08-14 15:38:24');
/*!40000 ALTER TABLE `admin_account` ENABLE KEYS */;

-- 导出  表 yunlife.admin_deposit 结构
DROP TABLE IF EXISTS `admin_deposit`;
CREATE TABLE IF NOT EXISTS `admin_deposit` (
  `id` int(11) NOT NULL AUTO_INCREMENT,
  `order_id` int(11) NOT NULL COMMENT '订单id',
  `user_id` int(11) DEFAULT '0' COMMENT '头寸用户',
  `admin_id` int(11) NOT NULL COMMENT '账号',
  `amount` decimal(11,2) NOT NULL DEFAULT '0.00' COMMENT '金额',
  `created_at` datetime DEFAULT NULL COMMENT '创建时间',
  PRIMARY KEY (`id`)
) ENGINE=InnoDB AUTO_INCREMENT=3 DEFAULT CHARSET=utf8 COMMENT='管理员保证金记录表';

-- 正在导出表  yunlife.admin_deposit 的数据：~2 rows (大约)
/*!40000 ALTER TABLE `admin_deposit` DISABLE KEYS */;
INSERT INTO `admin_deposit` (`id`, `order_id`, `user_id`, `admin_id`, `amount`, `created_at`) VALUES
	(1, 1, 100001, 10, 8.50, '2017-08-15 17:54:17'),
	(2, 2, 100001, 10, -8.50, '2017-08-15 18:03:53');
/*!40000 ALTER TABLE `admin_deposit` ENABLE KEYS */;

-- 导出  表 yunlife.admin_leader 结构
DROP TABLE IF EXISTS `admin_leader`;
CREATE TABLE IF NOT EXISTS `admin_leader` (
  `admin_id` int(11) NOT NULL,
  `mobile` char(11) DEFAULT '' COMMENT '手机号',
  `point` tinyint(3) DEFAULT '0' COMMENT '返点百分比%',
  `deposit` decimal(13,2) DEFAULT '0.00' COMMENT '保证金',
  `state` tinyint(4) DEFAULT '1',
  `created_at` datetime DEFAULT NULL,
  `created_by` int(11) DEFAULT NULL,
  `updated_at` datetime DEFAULT NULL,
  `updated_by` int(11) DEFAULT NULL,
  PRIMARY KEY (`admin_id`)
) ENGINE=InnoDB DEFAULT CHARSET=utf8 COMMENT='综会表';

-- 正在导出表  yunlife.admin_leader 的数据：~6 rows (大约)
/*!40000 ALTER TABLE `admin_leader` DISABLE KEYS */;
INSERT INTO `admin_leader` (`admin_id`, `mobile`, `point`, `deposit`, `state`, `created_at`, `created_by`, `updated_at`, `updated_by`) VALUES
	(2, '99999999999', 100, 0.00, 1, '2017-05-19 15:29:35', 2, '2017-05-20 10:43:39', 100001),
	(3, '13900000000', 80, 0.00, 1, '2017-05-19 15:29:35', 2, '2017-05-20 10:43:39', 100001),
	(7, '132', 80, 100.00, 1, '2017-08-15 16:46:06', 1, '2017-08-15 17:37:32', 1),
	(8, '130', 80, 300.00, 1, '2017-08-15 16:50:13', 1, '2017-08-15 17:37:28', 1),
	(10, '136', 80, 108.50, 1, '2017-08-15 16:53:34', 1, '2017-08-15 18:03:53', 0),
	(11, '156', 80, 100.00, 1, '2017-08-15 16:55:55', 1, '2017-08-15 17:34:30', 1);
/*!40000 ALTER TABLE `admin_leader` ENABLE KEYS */;

-- 导出  表 yunlife.admin_menu 结构
DROP TABLE IF EXISTS `admin_menu`;
CREATE TABLE IF NOT EXISTS `admin_menu` (
  `id` int(11) NOT NULL AUTO_INCREMENT COMMENT '序号',
  `name` varchar(30) NOT NULL COMMENT '菜单名',
  `pid` int(11) DEFAULT '0' COMMENT '父ID',
  `level` smallint(6) DEFAULT '1' COMMENT '层级',
  `sort` int(11) DEFAULT '1' COMMENT '排序值',
  `url` varchar(250) DEFAULT '' COMMENT '跳转链接',
  `icon` varchar(250) DEFAULT NULL COMMENT '图标',
  `is_show` tinyint(4) DEFAULT '1' COMMENT '是否显示',
  `category` tinyint(4) DEFAULT '1' COMMENT '菜单分类',
  `state` tinyint(4) DEFAULT '1' COMMENT '状态',
  `created_at` datetime DEFAULT NULL,
  `created_by` int(11) DEFAULT NULL,
  `updated_at` datetime DEFAULT NULL,
  `updated_by` int(11) DEFAULT NULL,
  PRIMARY KEY (`id`)
) ENGINE=InnoDB AUTO_INCREMENT=45 DEFAULT CHARSET=utf8 COMMENT='菜单表';

-- 正在导出表  yunlife.admin_menu 的数据：~44 rows (大约)
/*!40000 ALTER TABLE `admin_menu` DISABLE KEYS */;
INSERT INTO `admin_menu` (`id`, `name`, `pid`, `level`, `sort`, `url`, `icon`, `is_show`, `category`, `state`, `created_at`, `created_by`, `updated_at`, `updated_by`) VALUES
	(1, '系统管理', 0, 1, 1, 'system', '<i class="Hui-iconfont">&#xe62e;</i>', 1, 1, 1, '2016-08-22 17:54:31', 1, '2016-10-28 15:03:56', 1),
	(2, '系统设置', 1, 2, 1, 'system/setting', '', 1, 1, 1, '2016-08-22 17:54:58', 1, '2016-08-22 17:54:58', 1),
	(3, '系统菜单', 1, 2, 2, 'system/menu', '', 1, 1, 1, '2016-08-22 17:55:35', 1, '2016-08-22 18:59:43', 1),
	(4, '系统日志', 1, 2, 3, 'system/logList', '', 1, 1, 1, '2016-08-22 18:42:11', 1, '2016-09-02 11:40:45', 1),
	(5, '管理员管理', 0, 1, 2, 'admin', '<i class="Hui-iconfont">&#xe62d;</i>', 1, 1, 1, '2016-08-22 18:43:29', 1, '2016-10-28 15:03:56', 1),
	(6, '管理员列表', 5, 2, 1, 'admin/list', '', 1, 1, 1, '2016-08-22 18:46:24', 1, '2016-08-22 18:46:24', 1),
	(7, '角色列表', 5, 2, 2, 'admin/roleList', '', 1, 1, 1, '2016-08-22 18:46:50', 1, '2016-08-30 18:25:01', 1),
	(8, '权限列表', 5, 2, 3, 'admin/permissionList', '', 1, 1, 1, '2016-08-22 18:47:10', 1, '2016-08-30 18:24:58', 1),
	(9, '会员管理', 0, 1, 3, 'user', '<i class="Hui-iconfont">&#xe60d;</i>', 1, 1, 1, '2016-08-22 18:47:49', 1, '2016-10-28 15:03:56', 1),
	(10, '会员列表', 9, 2, 1, 'user/list', '', 1, 1, 1, '2016-08-22 18:48:13', 1, '2016-08-27 19:45:26', 1),
	(11, '代理商管理', 0, 1, 7, 'retail', '<i class="Hui-iconfont">&#xe616;</i>', 1, 1, 1, '2016-08-22 18:48:55', 1, '2016-11-28 16:49:41', 1),
	(12, '代理商列表', 11, 2, 2, 'retail/list', '', 1, 1, 1, '2016-08-22 18:49:15', 1, '2016-11-28 16:49:54', 1),
	(13, '体验券管理', 0, 1, 6, 'coupon', '<i class="Hui-iconfont">&#xe613;</i>', 1, 1, 1, '2016-08-22 18:49:39', 1, '2016-10-28 15:07:00', 1),
	(14, '体验券列表', 13, 2, 1, 'coupon/list', '', 1, 1, 1, '2016-08-22 18:49:54', 1, '2016-10-28 15:07:04', 1),
	(15, '产品管理', 0, 1, 5, 'product', '<i class="Hui-iconfont">&#xe620;</i>', 1, 1, 1, '2016-08-22 18:51:04', 1, '2016-10-28 15:03:56', 1),
	(16, '产品列表', 15, 2, 1, 'product/list', '', 1, 1, 1, '2016-08-22 18:51:18', 1, '2016-08-22 18:51:18', 1),
	(17, '分销管理', 0, 1, 6, 'sale', '<i class="Hui-iconfont">&#xe622;</i>', 1, 1, -1, '2016-08-22 18:51:35', 1, '2016-10-28 15:03:56', 1),
	(18, '经纪人列表', 17, 2, 2, 'sale/managerList', '', 1, 1, -1, '2016-08-22 18:52:10', 1, '2016-10-28 15:48:01', 1),
	(19, '订单管理', 0, 1, 4, 'order', '<i class="Hui-iconfont">&#xe61a;</i>', 1, 1, 1, '2016-08-22 19:00:05', 1, '2016-10-28 15:03:56', 1),
	(20, '用户持有体验券', 13, 2, 2, 'coupon/ownerList', '', 1, 1, 1, '2016-10-27 14:50:18', 1, '2016-10-28 15:27:50', 1),
	(21, '会员持仓列表', 9, 2, 2, 'user/positionList', '', 1, 1, 1, '2016-10-27 15:32:31', 1, '2016-10-28 09:27:38', 1),
	(22, '会员赠金', 9, 2, 3, 'user/giveList', '', 1, 1, 1, '2016-10-27 15:33:45', 1, '2016-10-27 19:55:55', 1),
	(23, '会员出金', 9, 2, 4, 'user/withdrawList', '', 1, 1, 1, '2016-10-27 15:34:11', 1, '2016-10-27 19:55:59', 1),
	(24, '会员充值记录', 9, 2, 5, 'user/chargeRecordList', '', 1, 1, 1, '2016-10-27 15:36:04', 1, '2016-10-27 19:56:07', 1),
	(25, '订单列表', 19, 2, 1, 'order/list', '', 1, 1, 1, '2016-10-27 21:10:41', 1, '2016-10-27 21:10:41', 1),
	(26, '风险管理', 0, 1, 8, 'risk', '<i class="Hui-iconfont">&#xe65a;</i>', 1, 1, 1, '2016-10-29 10:45:01', 1, '2016-10-29 10:50:36', 1),
	(27, '风险控制', 26, 2, 1, 'risk/center', '', 1, 1, 1, '2016-10-29 10:45:37', 1, '2016-10-29 10:45:37', 1),
	(28, '审核经纪人', 9, 2, 7, 'user/verifyManager', '', 1, 1, -1, '2016-10-31 17:06:34', 1, '2016-10-31 17:06:34', 1),
	(29, '经纪人列表', 11, 2, 3, 'sale/managerList', '', 1, 1, 1, '2016-11-30 18:00:01', 1, '2016-11-30 18:00:01', 1),
	(30, '审核经纪人', 11, 2, 4, 'user/verifyManager', '', 1, 1, 1, '2016-11-30 18:00:25', 1, '2016-11-30 18:00:25', 1),
	(31, '管理员返点记录列表', 11, 2, 5, 'sale/managerRebateList', '', 1, 1, 1, '2016-12-06 15:50:40', 1, '2017-05-19 18:45:34', 1),
	(32, '经纪人返点记录列表', 11, 2, 6, 'user/rebateList', '', 1, 1, 1, '2016-12-06 15:51:19', 1, '2017-05-19 18:45:18', 1),
	(33, '代理商出金记录', 11, 2, 7, 'retail/withdrawList', '', 1, 1, 1, '2017-04-10 14:08:34', 1, '2017-04-10 14:08:34', 1),
	(34, '综会列表', 11, 2, 1, 'admin/leaderList', '', 1, 1, 1, '2017-05-19 15:18:09', 1, '2017-05-19 15:18:09', 1),
	(35, '用户头寸统计记录', 11, 2, 8, 'record/depositList', '', 1, 1, 1, '2017-05-20 10:49:44', 1, '2017-05-20 10:49:44', 1),
	(36, '商城商品列表', 15, 2, 2, 'shop/list', '', 1, 1, 1, '2017-06-20 14:57:18', 1, '2017-06-20 14:57:18', 1),
	(37, '返利商品列表', 15, 2, 3, 'shop/prizeList', '', 1, 1, 1, '2017-06-20 18:11:14', 1, '2017-06-20 18:11:14', 1),
	(38, '积分商品列表', 15, 2, 4, 'shop/inteList', '', 1, 1, 1, '2017-06-21 11:32:45', 1, '2017-06-21 11:32:45', 1),
	(39, '会员积分列表', 9, 2, 8, 'user/userIntelist', '', 1, 1, 1, '2017-06-22 18:26:27', 1, '2017-06-22 18:26:27', 1),
	(40, '会员商城订单列表', 9, 2, 9, 'shop/orderList', '', 1, 1, 1, '2017-06-23 10:05:05', 1, '2017-06-23 10:05:05', 1),
	(41, '手续费提现', 9, 2, 10, 'user/adminWithdraw', '', 1, 1, 1, '2017-08-14 15:12:34', 1, '2017-08-14 15:12:34', 1),
	(42, '手续费出金', 9, 2, 11, 'user/adminsWithdrawList', '', 1, 1, 1, '2017-08-14 15:12:49', 1, '2017-08-14 15:12:49', 1),
	(43, '人工风险', 26, 2, 2, 'risk/control', '', 1, 1, 1, '2017-08-24 09:47:40', 1, '2017-08-24 09:47:40', 1),
	(44, '赠金记录', 9, 2, 12, 'user/giveMoneyList', '', 1, 1, 1, '2017-08-25 16:49:55', 1, '2017-08-25 16:49:55', 1);
/*!40000 ALTER TABLE `admin_menu` ENABLE KEYS */;

-- 导出  表 yunlife.admin_user 结构
DROP TABLE IF EXISTS `admin_user`;
CREATE TABLE IF NOT EXISTS `admin_user` (
  `id` int(11) NOT NULL AUTO_INCREMENT,
  `username` varchar(30) NOT NULL COMMENT '账号',
  `password` varchar(80) NOT NULL COMMENT '密码',
  `realname` varchar(30) NOT NULL DEFAULT '' COMMENT '真名',
  `pid` int(11) DEFAULT '0' COMMENT '上级',
  `power` int(11) DEFAULT '10000' COMMENT '权力值',
  `state` tinyint(4) DEFAULT '1' COMMENT '状态',
  `created_at` datetime DEFAULT NULL,
  `created_by` int(11) DEFAULT NULL,
  `updated_at` datetime DEFAULT NULL,
  `updated_by` int(11) DEFAULT NULL,
  PRIMARY KEY (`id`),
  UNIQUE KEY `username` (`username`) USING BTREE
) ENGINE=InnoDB AUTO_INCREMENT=12 DEFAULT CHARSET=utf8 COMMENT='后台用户表';

-- 正在导出表  yunlife.admin_user 的数据：~9 rows (大约)
/*!40000 ALTER TABLE `admin_user` DISABLE KEYS */;
INSERT INTO `admin_user` (`id`, `username`, `password`, `realname`, `pid`, `power`, `state`, `created_at`, `created_by`, `updated_at`, `updated_by`) VALUES
	(1, 'ChisWill', '$2y$13$NyildiAukB0CCBj4m0Xi5euEgcaAHFKFdr4lRYe41.2S6YFCJmlGq', 'ChisWill', 0, 10000, 1, '2016-08-06 23:36:12', 0, '2016-08-31 11:41:15', 1),
	(2, 'admin', '$2y$13$YpUPtfQjhqjg82jhXWL2YOcCxDmo7aBJNvcrcZ2StfTvQ2TXBJF9i', 'admin', 0, 9999, 1, '2016-10-26 17:41:00', 1, '2017-08-24 14:28:56', 2),
	(3, '综会001', '$2y$13$FrX47.U1Gpae0y6hUrnyFOTGlRfV4wbWHKWHDYDpR7Bl14c7zXAFq', '综会', 2, 9998, 1, '2017-05-19 15:29:35', 1, '2017-05-19 15:29:35', 1),
	(4, '代理商001', '$2y$13$NyildiAukB0CCBj4m0Xi5euEgcaAHFKFdr4lRYe41.2S6YFCJmlGq', '代理商001', 10, 9997, 1, '2017-05-19 15:44:16', 1, '2017-05-19 15:44:16', 1),
	(7, '综会004', '$2y$13$xKTmvGwq6Z.am8tNmSNVpOdUUjZoadQ/gixAUVTTei1507eAOBi1i', '1', 2, 9998, 1, '2017-08-15 16:46:06', 1, '2017-08-15 16:46:06', 1),
	(8, '会05', '$2y$13$CtuwlzYOjZcnzLk9ot9PM.up0ldATalu7zkq5C6G1borVpnrNQMKi', '会05', 2, 9998, 1, '2017-08-15 16:50:13', 1, '2017-08-15 16:50:13', 1),
	(9, '会06', '$2y$13$hIYz957itARmAHXDhh6Cbe85.ogTPrTZlTK/RFNQcqZu1gHQAt0wK', '会06', 2, 9999, 1, '2017-08-15 16:51:14', 1, '2017-08-15 16:51:14', 1),
	(10, '会07', '$2y$13$U2iS4oo/SDaAotJAa0l7IOAjQmVNWZMdcIjwykNiKAI94MclhBt3C', '会07', 2, 9998, 1, '2017-08-15 16:53:34', 1, '2017-08-15 16:53:34', 1),
	(11, '会08', '$2y$13$/lVmHVUIxB.5cnFOsXc7WetuU.tls5t6LJmjzqKX6x8uT4EG9SNZG', '会08', 2, 9998, 1, '2017-08-15 16:55:55', 1, '2017-08-15 16:55:55', 1);
/*!40000 ALTER TABLE `admin_user` ENABLE KEYS */;

-- 导出  表 yunlife.admin_withdraw 结构
DROP TABLE IF EXISTS `admin_withdraw`;
CREATE TABLE IF NOT EXISTS `admin_withdraw` (
  `id` int(11) NOT NULL AUTO_INCREMENT,
  `admin_id` int(11) NOT NULL COMMENT '用户ID',
  `amount` decimal(11,2) NOT NULL COMMENT '出金金额',
  `op_state` tinyint(4) DEFAULT '1' COMMENT '操作状态：1待审核，2已操作，-1不通过',
  `created_at` datetime DEFAULT NULL COMMENT '申请时间',
  `created_by` int(11) DEFAULT NULL,
  `updated_at` datetime DEFAULT NULL COMMENT '审核时间',
  `updated_by` int(11) DEFAULT NULL,
  PRIMARY KEY (`id`),
  KEY `admin_id` (`admin_id`)
) ENGINE=InnoDB DEFAULT CHARSET=utf8 COMMENT='管理员提款表';

-- 正在导出表  yunlife.admin_withdraw 的数据：~0 rows (大约)
/*!40000 ALTER TABLE `admin_withdraw` DISABLE KEYS */;
/*!40000 ALTER TABLE `admin_withdraw` ENABLE KEYS */;

-- 导出  表 yunlife.article 结构
DROP TABLE IF EXISTS `article`;
CREATE TABLE IF NOT EXISTS `article` (
  `id` int(11) NOT NULL AUTO_INCREMENT,
  `title` varchar(50) NOT NULL COMMENT '标题',
  `content` text NOT NULL COMMENT '内容',
  `publish_time` datetime NOT NULL COMMENT '发生时间',
  `category` tinyint(4) DEFAULT '1' COMMENT '分类',
  `state` tinyint(4) DEFAULT '1' COMMENT '状态',
  `created_at` datetime DEFAULT NULL COMMENT '发布时间',
  `created_by` int(11) DEFAULT NULL COMMENT '发布人',
  `updated_at` datetime DEFAULT NULL COMMENT '更新时间',
  `updated_by` int(11) DEFAULT NULL COMMENT '修改人',
  PRIMARY KEY (`id`)
) ENGINE=InnoDB DEFAULT CHARSET=utf8 COMMENT='资讯表';

-- 正在导出表  yunlife.article 的数据：~0 rows (大约)
/*!40000 ALTER TABLE `article` DISABLE KEYS */;
/*!40000 ALTER TABLE `article` ENABLE KEYS */;

-- 导出  表 yunlife.auth_assignment 结构
DROP TABLE IF EXISTS `auth_assignment`;
CREATE TABLE IF NOT EXISTS `auth_assignment` (
  `item_name` varchar(64) COLLATE utf8_unicode_ci NOT NULL,
  `user_id` varchar(64) COLLATE utf8_unicode_ci NOT NULL,
  `created_at` int(11) DEFAULT NULL,
  PRIMARY KEY (`item_name`,`user_id`),
  CONSTRAINT `auth_assignment_ibfk_1` FOREIGN KEY (`item_name`) REFERENCES `auth_item` (`name`) ON DELETE CASCADE ON UPDATE CASCADE
) ENGINE=InnoDB DEFAULT CHARSET=utf8 COLLATE=utf8_unicode_ci;

-- 正在导出表  yunlife.auth_assignment 的数据：~10 rows (大约)
/*!40000 ALTER TABLE `auth_assignment` DISABLE KEYS */;
INSERT INTO `auth_assignment` (`item_name`, `user_id`, `created_at`) VALUES
	('代理商管理', '10', 1502787215),
	('代理商管理', '11', 1502787356),
	('代理商管理', '4', 1495179857),
	('代理商管理', '5', 1502786167),
	('代理商管理', '6', 1502786582),
	('代理商管理', '7', 1502786767),
	('代理商管理', '8', 1502787014),
	('代理商管理', '9', 1502787074),
	('综会管理', '3', 1495178976),
	('超级管理员', '2', 1472551696);
/*!40000 ALTER TABLE `auth_assignment` ENABLE KEYS */;

-- 导出  表 yunlife.auth_item 结构
DROP TABLE IF EXISTS `auth_item`;
CREATE TABLE IF NOT EXISTS `auth_item` (
  `name` varchar(64) COLLATE utf8_unicode_ci NOT NULL,
  `type` int(11) NOT NULL,
  `description` text COLLATE utf8_unicode_ci,
  `rule_name` varchar(64) COLLATE utf8_unicode_ci DEFAULT NULL,
  `data` text COLLATE utf8_unicode_ci,
  `created_at` int(11) DEFAULT NULL,
  `updated_at` int(11) DEFAULT NULL,
  PRIMARY KEY (`name`),
  KEY `rule_name` (`rule_name`),
  KEY `idx-auth_item-type` (`type`),
  CONSTRAINT `auth_item_ibfk_1` FOREIGN KEY (`rule_name`) REFERENCES `auth_rule` (`name`) ON DELETE SET NULL ON UPDATE CASCADE
) ENGINE=InnoDB DEFAULT CHARSET=utf8 COLLATE=utf8_unicode_ci;

-- 正在导出表  yunlife.auth_item 的数据：~101 rows (大约)
/*!40000 ALTER TABLE `auth_item` DISABLE KEYS */;
INSERT INTO `auth_item` (`name`, `type`, `description`, `rule_name`, `data`, `created_at`, `updated_at`) VALUES
	('frontendAdminAddPermission', 2, '添加权限', NULL, NULL, 1472525853, 1472525853),
	('frontendAdminAjaxDeleteAdmin', 2, '删除管理员', NULL, NULL, 1477473346, 1477473346),
	('frontendAdminAjaxDeleteRole', 2, '删除角色', NULL, NULL, 1472525853, 1472525853),
	('frontendAdminAjaxRoleInfo', 2, '查看角色权限', NULL, NULL, 1472543566, 1472543566),
	('frontendAdminAjaxUpdatePermission', 2, '修改权限', NULL, NULL, 1472525853, 1472525853),
	('frontendAdminCreateRole', 2, '创建角色', NULL, NULL, 1472525853, 1472525853),
	('frontendAdminEditPoint', 2, '修改综会返点%', NULL, NULL, 1495192221, 1495192221),
	('frontendAdminEditRole', 2, '编辑角色', NULL, NULL, 1472525853, 1472525853),
	('frontendAdminLeaderList', 2, '综会列表', NULL, NULL, 1495192221, 1495192221),
	('frontendAdminList', 2, '管理员列表', NULL, NULL, 1472525853, 1472525853),
	('frontendAdminPermissionList', 2, '权限列表', NULL, NULL, 1472525853, 1472525853),
	('frontendAdminRoleList', 2, '角色列表', NULL, NULL, 1472525853, 1472525853),
	('frontendAdminSaveAdmin', 2, '创建/修改管理员', NULL, NULL, 1477473346, 1477473346),
	('frontendAdminSaveLeader', 2, '创建/修改综会', NULL, NULL, 1495192221, 1495192221),
	('frontendArticleDeleteArticle', 2, '删除资讯', NULL, NULL, 1477837454, 1477837454),
	('frontendArticleList', 2, '资讯列表', NULL, NULL, 1472720497, 1472723714),
	('frontendArticleSaveArticle', 2, '添加/编辑资讯', NULL, NULL, 1477837454, 1477837454),
	('frontendCouponCreateCoupon', 2, '添加体验券', NULL, NULL, 1477837454, 1477837454),
	('frontendCouponList', 2, '体验券列表', NULL, NULL, 1477837454, 1477837454),
	('frontendCouponOwnerList', 2, '会员体验券列表', NULL, NULL, 1477837454, 1477837512),
	('frontendOrderList', 2, '订单列表', NULL, NULL, 1477837454, 1477837454),
	('frontendOrderOrderExcel', 2, '订单信息导出', NULL, NULL, 1491882588, 1491882588),
	('frontendOrderSellOrder', 2, '手动平仓', NULL, NULL, 1480586668, 1480586668),
	('frontendOrderToday', 2, '今日订单', NULL, NULL, 1503539198, 1503539198),
	('frontendProductAddProduct', 2, '添加特殊产品', NULL, NULL, 1495192221, 1495192221),
	('frontendProductAddStock', 2, '添加股票', NULL, NULL, 1480586668, 1480586668),
	('frontendProductAjaxAllDown', 2, '一键下架产品', NULL, NULL, 1477837454, 1477837454),
	('frontendProductAjaxAllUp', 2, '一键上架产品', NULL, NULL, 1477837454, 1477837454),
	('frontendProductDeletePrice', 2, '删除产品价格', NULL, NULL, 1477837454, 1477837504),
	('frontendProductEditPoint', 2, '修改产品浮动点位', NULL, NULL, 1495192221, 1495192221),
	('frontendProductFloatList', 2, '产品浮动列表', NULL, NULL, 1495192221, 1495192221),
	('frontendProductList', 2, '产品列表', NULL, NULL, 1477837454, 1477837454),
	('frontendProductSetTradePrice', 2, '设置交易价格', NULL, NULL, 1477837454, 1477837454),
	('frontendProductSetTradeTime', 2, '设置交易时间', NULL, NULL, 1477837454, 1477837454),
	('frontendRecordAddRingWechat', 2, '创建微会员公众号', NULL, NULL, 1495248674, 1495248674),
	('frontendRecordDepositList', 2, '用户头寸统计记录', NULL, NULL, 1495248674, 1495248674),
	('frontendRecordDepositRecord', 2, '保证金操作记录', NULL, NULL, 1495248674, 1495248674),
	('frontendRecordFeeRecord', 2, '手续费提现记录', NULL, NULL, 1495248674, 1495248674),
	('frontendRecordNewsWechat', 2, '公众号消息列表', NULL, NULL, 1495248674, 1495248674),
	('frontendRecordRingWechatList', 2, '微会员公众号记录', NULL, NULL, 1495248674, 1495248674),
	('frontendRecordSaveNewsWechat', 2, '添加/编辑公众号消息', NULL, NULL, 1495248674, 1495248674),
	('frontendRecordSendMessage', 2, '推送微信图文消息', NULL, NULL, 1495248674, 1495248674),
	('frontendRetailEditPoint', 2, '修改代理商返点%', NULL, NULL, 1495192221, 1495192221),
	('frontendRetailList', 2, '代理商列表', NULL, NULL, 1480586668, 1480586668),
	('frontendRetailSaveRetail', 2, '添加/编辑会员单位', NULL, NULL, 1480586668, 1480586668),
	('frontendRetailSaveWithdraw', 2, '添加/编辑代理商出金', NULL, NULL, 1491814259, 1491814259),
	('frontendRetailVerifyWithdraw', 2, '代理商出金操作', NULL, NULL, 1491814259, 1491814259),
	('frontendRetailWithdrawList', 2, '代理商出金列表', NULL, NULL, 1491814259, 1491814259),
	('frontendRiskCenter', 2, '风险控制', NULL, NULL, 1477837454, 1477837454),
	('frontendRiskControl', 2, '风险控制', NULL, NULL, 1503539198, 1503539198),
	('frontendRiskOrderInfo', 2, '实时下单信息', NULL, NULL, 1503539198, 1503539198),
	('frontendSaleEditPoint', 2, '修改经纪人返点%', NULL, NULL, 1480586668, 1480586668),
	('frontendSaleManagerList', 2, '经纪人列表', NULL, NULL, 1477837454, 1477837454),
	('frontendSaleManagerRebateList', 2, '代理商返点统计', NULL, NULL, 1481010977, 1481010977),
	('frontendShopEditInte', 2, '添加积分商品', NULL, NULL, 1498033601, 1498033601),
	('frontendShopEditPrize', 2, '添加返利商品', NULL, NULL, 1498033601, 1498033601),
	('frontendShopEditShop', 2, '添加商城商品', NULL, NULL, 1498033600, 1498033600),
	('frontendShopInteList', 2, '积分商品列表', NULL, NULL, 1498033601, 1498033601),
	('frontendShopList', 2, '商城商品列表', NULL, NULL, 1498033600, 1498033600),
	('frontendShopOrderList', 2, '商城订单列表', NULL, NULL, 1502695202, 1502695202),
	('frontendShopPrizeList', 2, '返利商品列表', NULL, NULL, 1498033601, 1498033601),
	('frontendShopSuccessOrder', 2, '商品订单确认收货', NULL, NULL, 1502695203, 1502695203),
	('frontendShopUpdateOrder', 2, '商品订单操作', NULL, NULL, 1502695203, 1502695203),
	('frontendSystemAddSetting', 2, '添加系统设置', NULL, NULL, 1472720497, 1472720497),
	('frontendSystemDeleteSetting', 2, '删除系统设置', NULL, NULL, 1472720497, 1472720497),
	('frontendSystemDestroy', 2, '一键销毁数据', NULL, NULL, 1480586668, 1480586668),
	('frontendSystemLogDetail', 2, '查看日志详情', NULL, NULL, 1472794349, 1472794349),
	('frontendSystemLogList', 2, '系统日志', NULL, NULL, 1472794349, 1472794349),
	('frontendSystemMenu', 2, '系统菜单', NULL, NULL, 1472525853, 1472525853),
	('frontendSystemSaveSetting', 2, '修改系统设置', NULL, NULL, 1472720497, 1472720497),
	('frontendSystemSetting', 2, '系统设置', NULL, NULL, 1472525853, 1472525853),
	('frontendUserAdminStateWithdraw', 2, '更改出金状态', NULL, NULL, 1502696759, 1502696759),
	('frontendUserAdminsVerifyWithdraw', 2, '超管审核出金操作', NULL, NULL, 1502696759, 1502696759),
	('frontendUserAdminsWithdrawList', 2, '超管审核出金管理', NULL, NULL, 1502695203, 1502695203),
	('frontendUserAdminVerifyWithdraw', 2, '后台用户出金申请操作', NULL, NULL, 1502695409, 1502695409),
	('frontendUserAdminWithdraw', 2, '后台用户申请出金列表', NULL, NULL, 1502695203, 1502695203),
	('frontendUserChargeExcel', 2, '用户充值信息导出', NULL, NULL, 1491875833, 1491875833),
	('frontendUserChargeRecordList', 2, '会员充值记录', NULL, NULL, 1477837454, 1477837454),
	('frontendUserChargeToday', 2, '今日会员充值记录', NULL, NULL, 1503539198, 1503539198),
	('frontendUserDeleteUser', 2, '冻结/恢复用户', NULL, NULL, 1477837454, 1477837454),
	('frontendUserEditUserPass', 2, '修改会员密码', NULL, NULL, 1477837454, 1477837454),
	('frontendUserGiveList', 2, '会员赠金', NULL, NULL, 1477837454, 1477837454),
	('frontendUserGiveMoneyList', 2, '赠金记录', NULL, NULL, 1503651006, 1503651006),
	('frontendUserList', 2, '会员列表', NULL, NULL, 1477837454, 1477837454),
	('frontendUserPositionList', 2, '会员持仓列表', NULL, NULL, 1477837454, 1477837454),
	('frontendUserRebateList', 2, '返点记录列表', NULL, NULL, 1480586668, 1480586668),
	('frontendUserSearchMoney', 2, '订单状态查询 后', NULL, NULL, 1503539198, 1503539198),
	('frontendUserSendCoupon', 2, '赠送优惠券', NULL, NULL, 1477837454, 1477837454),
	('frontendUserStateWithdraw', 2, '更改出金状态', NULL, NULL, 1502695203, 1502695203),
	('frontendUserUserExcel', 2, '用户信息导出', NULL, NULL, 1491814259, 1491814259),
	('frontendUserUserInte', 2, '会员积分兑换操作', NULL, NULL, 1502695203, 1502695203),
	('frontendUserUserIntelist', 2, '会员积分列表', NULL, NULL, 1502695203, 1502695203),
	('frontendUserVerifyManager', 2, '审核经纪人', NULL, NULL, 1477921692, 1477921692),
	('frontendUserVerifyWithdraw', 2, '会员出金操作', NULL, NULL, 1477837454, 1477837454),
	('frontendUserWithdrawExcel', 2, '用户出金信息导出', NULL, NULL, 1491875833, 1491875833),
	('frontendUserWithdrawList', 2, '会员出金管理', NULL, NULL, 1477837454, 1477837454),
	('代理商管理', 1, 'frontend', NULL, NULL, 1480500162, 1502695438),
	('后台管理员', 1, 'frontend', NULL, NULL, 1477837542, 1498033619),
	('系统管理员', 1, 'frontend', NULL, NULL, 1472433243, 1481011370),
	('综会管理', 1, 'frontend', NULL, NULL, 1495178027, 1502695450),
	('超级管理员', 1, 'frontend', NULL, NULL, 1472448576, 1503651323);
/*!40000 ALTER TABLE `auth_item` ENABLE KEYS */;

-- 导出  表 yunlife.auth_item_child 结构
DROP TABLE IF EXISTS `auth_item_child`;
CREATE TABLE IF NOT EXISTS `auth_item_child` (
  `parent` varchar(64) COLLATE utf8_unicode_ci NOT NULL,
  `child` varchar(64) COLLATE utf8_unicode_ci NOT NULL,
  PRIMARY KEY (`parent`,`child`),
  KEY `child` (`child`),
  CONSTRAINT `auth_item_child_ibfk_1` FOREIGN KEY (`parent`) REFERENCES `auth_item` (`name`) ON DELETE CASCADE ON UPDATE CASCADE,
  CONSTRAINT `auth_item_child_ibfk_2` FOREIGN KEY (`child`) REFERENCES `auth_item` (`name`) ON DELETE CASCADE ON UPDATE CASCADE
) ENGINE=InnoDB DEFAULT CHARSET=utf8 COLLATE=utf8_unicode_ci;

-- 正在导出表  yunlife.auth_item_child 的数据：~83 rows (大约)
/*!40000 ALTER TABLE `auth_item_child` DISABLE KEYS */;
INSERT INTO `auth_item_child` (`parent`, `child`) VALUES
	('系统管理员', 'frontendAdminAjaxRoleInfo'),
	('系统管理员', 'frontendAdminCreateRole'),
	('后台管理员', 'frontendAdminEditPoint'),
	('系统管理员', 'frontendAdminEditRole'),
	('后台管理员', 'frontendAdminLeaderList'),
	('后台管理员', 'frontendAdminSaveLeader'),
	('代理商管理', 'frontendOrderList'),
	('后台管理员', 'frontendOrderList'),
	('综会管理', 'frontendOrderList'),
	('后台管理员', 'frontendOrderOrderExcel'),
	('后台管理员', 'frontendProductAjaxAllDown'),
	('后台管理员', 'frontendProductAjaxAllUp'),
	('后台管理员', 'frontendProductDeletePrice'),
	('后台管理员', 'frontendProductList'),
	('后台管理员', 'frontendProductSetTradePrice'),
	('后台管理员', 'frontendProductSetTradeTime'),
	('后台管理员', 'frontendRecordDepositList'),
	('综会管理', 'frontendRecordDepositList'),
	('后台管理员', 'frontendRetailEditPoint'),
	('综会管理', 'frontendRetailEditPoint'),
	('后台管理员', 'frontendRetailList'),
	('综会管理', 'frontendRetailList'),
	('后台管理员', 'frontendRetailSaveRetail'),
	('综会管理', 'frontendRetailSaveRetail'),
	('后台管理员', 'frontendRiskCenter'),
	('代理商管理', 'frontendSaleEditPoint'),
	('后台管理员', 'frontendSaleEditPoint'),
	('系统管理员', 'frontendSaleEditPoint'),
	('综会管理', 'frontendSaleEditPoint'),
	('代理商管理', 'frontendSaleManagerList'),
	('后台管理员', 'frontendSaleManagerList'),
	('系统管理员', 'frontendSaleManagerList'),
	('综会管理', 'frontendSaleManagerList'),
	('后台管理员', 'frontendSaleManagerRebateList'),
	('系统管理员', 'frontendSaleManagerRebateList'),
	('综会管理', 'frontendSaleManagerRebateList'),
	('后台管理员', 'frontendShopEditInte'),
	('后台管理员', 'frontendShopEditPrize'),
	('后台管理员', 'frontendShopEditShop'),
	('后台管理员', 'frontendShopInteList'),
	('后台管理员', 'frontendShopList'),
	('后台管理员', 'frontendShopPrizeList'),
	('系统管理员', 'frontendSystemSaveSetting'),
	('系统管理员', 'frontendSystemSetting'),
	('超级管理员', 'frontendUserAdminStateWithdraw'),
	('超级管理员', 'frontendUserAdminsVerifyWithdraw'),
	('超级管理员', 'frontendUserAdminsWithdrawList'),
	('代理商管理', 'frontendUserAdminVerifyWithdraw'),
	('综会管理', 'frontendUserAdminVerifyWithdraw'),
	('代理商管理', 'frontendUserAdminWithdraw'),
	('综会管理', 'frontendUserAdminWithdraw'),
	('超级管理员', 'frontendUserAdminWithdraw'),
	('后台管理员', 'frontendUserChargeExcel'),
	('代理商管理', 'frontendUserChargeRecordList'),
	('后台管理员', 'frontendUserChargeRecordList'),
	('综会管理', 'frontendUserChargeRecordList'),
	('代理商管理', 'frontendUserDeleteUser'),
	('后台管理员', 'frontendUserDeleteUser'),
	('综会管理', 'frontendUserDeleteUser'),
	('代理商管理', 'frontendUserEditUserPass'),
	('后台管理员', 'frontendUserEditUserPass'),
	('综会管理', 'frontendUserEditUserPass'),
	('后台管理员', 'frontendUserGiveList'),
	('超级管理员', 'frontendUserGiveMoneyList'),
	('代理商管理', 'frontendUserList'),
	('后台管理员', 'frontendUserList'),
	('综会管理', 'frontendUserList'),
	('代理商管理', 'frontendUserPositionList'),
	('后台管理员', 'frontendUserPositionList'),
	('综会管理', 'frontendUserPositionList'),
	('后台管理员', 'frontendUserRebateList'),
	('系统管理员', 'frontendUserRebateList'),
	('综会管理', 'frontendUserRebateList'),
	('超级管理员', 'frontendUserStateWithdraw'),
	('后台管理员', 'frontendUserUserExcel'),
	('代理商管理', 'frontendUserVerifyManager'),
	('后台管理员', 'frontendUserVerifyManager'),
	('综会管理', 'frontendUserVerifyManager'),
	('后台管理员', 'frontendUserVerifyWithdraw'),
	('后台管理员', 'frontendUserWithdrawExcel'),
	('后台管理员', 'frontendUserWithdrawList'),
	('超级管理员', '后台管理员'),
	('超级管理员', '系统管理员');
/*!40000 ALTER TABLE `auth_item_child` ENABLE KEYS */;

-- 导出  表 yunlife.auth_rule 结构
DROP TABLE IF EXISTS `auth_rule`;
CREATE TABLE IF NOT EXISTS `auth_rule` (
  `name` varchar(64) COLLATE utf8_unicode_ci NOT NULL,
  `data` text COLLATE utf8_unicode_ci,
  `created_at` int(11) DEFAULT NULL,
  `updated_at` int(11) DEFAULT NULL,
  PRIMARY KEY (`name`)
) ENGINE=InnoDB DEFAULT CHARSET=utf8 COLLATE=utf8_unicode_ci;

-- 正在导出表  yunlife.auth_rule 的数据：~0 rows (大约)
/*!40000 ALTER TABLE `auth_rule` DISABLE KEYS */;
/*!40000 ALTER TABLE `auth_rule` ENABLE KEYS */;

-- 导出  表 yunlife.bank 结构
DROP TABLE IF EXISTS `bank`;
CREATE TABLE IF NOT EXISTS `bank` (
  `number` int(11) NOT NULL,
  `name` varchar(255) DEFAULT NULL COMMENT '名称',
  `state` tinyint(4) DEFAULT '0' COMMENT '0无效1有效'
) ENGINE=InnoDB DEFAULT CHARSET=utf8;

-- 正在导出表  yunlife.bank 的数据：~87 rows (大约)
/*!40000 ALTER TABLE `bank` DISABLE KEYS */;
INSERT INTO `bank` (`number`, `name`, `state`) VALUES
	(102, '中国工商银行', 1),
	(103, '中国农业银行', 1),
	(104, '中国银行', 1),
	(105, '中国建设银行', 1),
	(201, '国家开发银行', 0),
	(202, '中国进出口银行', 0),
	(203, '中国农业发展银行', 0),
	(301, '交通银行', 1),
	(302, '中信银行', 0),
	(303, '中国光大银行', 1),
	(304, '华夏银行', 0),
	(305, '中国民生银行', 1),
	(306, '广东发展银行', 0),
	(307, '深圳发展银行', 0),
	(308, '招商银行', 1),
	(309, '兴业银行', 0),
	(310, '上海浦东发展银行', 1),
	(313, '城市商业银行', 0),
	(314, '农村商业银行', 0),
	(315, '恒丰银行', 0),
	(316, '浙商银行', 0),
	(317, '农村合作银行', 0),
	(318, '渤海银行股份有限公司', 0),
	(319, '徽商银行股份有限公司', 0),
	(320, '镇银行有限责任公司', 0),
	(401, '城市信用社', 0),
	(402, '农村信用社（含北京农村商业银行）', 0),
	(403, '中国邮政储蓄银行', 1),
	(501, '汇丰银行', 0),
	(502, '东亚银行', 0),
	(503, '南洋商业银行', 0),
	(504, '恒生银行（中国）有限公司', 0),
	(505, '中国银行（香港）有限公司', 0),
	(506, '集友银行有限公司', 0),
	(507, '创业银行有限公司', 0),
	(509, '星展银行（中国）有限公司', 0),
	(510, '永亨银行（中国）有限公司', 0),
	(512, '永隆银行', 0),
	(531, '花旗银行（中国）有限公司', 0),
	(532, '美国银行有限公司', 0),
	(533, '摩根大通银行（中国）有限公司', 0),
	(561, '三菱东京日联银行（中国）有限公司', 0),
	(563, '日本三井住友银行股份有限公司', 0),
	(564, '瑞穗实业银行（中国）有限公司', 0),
	(565, '日本山口银行股份有限公司', 0),
	(591, '韩国外换银行股份有限公司', 0),
	(593, '友利银行（中国）有限公司', 0),
	(591, '韩国外换银行股份有限公司', 0),
	(594, '韩国产业银行', 0),
	(595, '新韩银行（中国）有限公司', 0),
	(596, '韩国中小企业银行有限公司', 0),
	(597, '韩亚银行（中国）有限公司', 0),
	(621, '华侨银行（中国）有限公司', 0),
	(622, '大华银行（中国）有限公司', 0),
	(623, '星展银行（中国）有限公司', 0),
	(631, '泰国盘谷银行（大众有限公司）', 0),
	(641, '奥地利中央合作银行股份有限公司', 0),
	(651, '比利时联合银行股份有限公司', 0),
	(652, '比利时富通银行有限公司', 0),
	(661, '荷兰银行', 0),
	(662, '荷兰安智银行股份有限公司', 0),
	(671, '渣打银行', 0),
	(672, '英国苏格兰皇家银行公众有限公司', 0),
	(691, '法国兴业银行（中国）有限公司', 0),
	(694, '法国东方汇理银行股份有限公司', 0),
	(695, '法国外贸银行股份有限公司', 0),
	(711, '德国德累斯登银行股份有限公司', 0),
	(712, '德意志银行（中国）有限公司', 0),
	(713, '德国商业银行股份有限公司', 0),
	(714, '德国西德银行股份有限公司', 0),
	(715, '德国巴伐利亚州银行', 0),
	(716, '德国北德意志州银行', 0),
	(732, '意大利联合圣保罗银行股份有限公司', 0),
	(741, '瑞士信贷银行股份有限公司', 0),
	(742, '瑞士银行', 0),
	(751, '加拿大丰业银行有限公司', 0),
	(752, '加拿大蒙特利尔银行有限公司', 0),
	(761, '澳大利亚和新西兰银行集团有限公司', 0),
	(771, '摩根士丹利国际银行（中国）有限公司', 0),
	(775, '联合银行（中国）有限公司', 0),
	(776, '荷兰合作银行有限公司', 0),
	(781, '厦门国际银行', 0),
	(782, '法国巴黎银行（中国）有限公司', 0),
	(785, '华商银行', 0),
	(787, '华一银行', 0),
	(969, '（澳门地区）银行', 0),
	(989, '（香港地区）银行', 0);
/*!40000 ALTER TABLE `bank` ENABLE KEYS */;

-- 导出  表 yunlife.coupon 结构
DROP TABLE IF EXISTS `coupon`;
CREATE TABLE IF NOT EXISTS `coupon` (
  `id` int(11) NOT NULL AUTO_INCREMENT,
  `desc` varchar(50) NOT NULL COMMENT '描述',
  `remark` text COMMENT '备注信息',
  `amount` decimal(11,2) NOT NULL COMMENT '额度',
  `coupon_type` int(11) DEFAULT '0' COMMENT '优惠劵类型',
  `valid_day` int(11) NOT NULL COMMENT '有效时间（天）',
  PRIMARY KEY (`id`),
  UNIQUE KEY `amount` (`amount`,`coupon_type`)
) ENGINE=InnoDB DEFAULT CHARSET=utf8 COMMENT='优惠券表';

-- 正在导出表  yunlife.coupon 的数据：~0 rows (大约)
/*!40000 ALTER TABLE `coupon` DISABLE KEYS */;
/*!40000 ALTER TABLE `coupon` ENABLE KEYS */;

-- 导出  表 yunlife.data_all 结构
DROP TABLE IF EXISTS `data_all`;
CREATE TABLE IF NOT EXISTS `data_all` (
  `name` varchar(20) NOT NULL COMMENT '产品名称',
  `price` varchar(20) DEFAULT '' COMMENT '当前价格',
  `time` datetime DEFAULT NULL COMMENT '当前时间',
  `diff` decimal(11,2) DEFAULT '0.00' COMMENT '涨跌值',
  `diff_rate` varchar(20) DEFAULT '0.00' COMMENT '涨跌%',
  `open` decimal(11,2) DEFAULT NULL,
  `high` decimal(11,2) DEFAULT NULL,
  `low` decimal(11,2) DEFAULT NULL,
  `close` decimal(11,2) DEFAULT NULL,
  PRIMARY KEY (`name`),
  UNIQUE KEY `name` (`name`)
) ENGINE=InnoDB DEFAULT CHARSET=utf8 COMMENT='所有产品数据汇总表';

-- 正在导出表  yunlife.data_all 的数据：~24 rows (大约)
/*!40000 ALTER TABLE `data_all` DISABLE KEYS */;
INSERT INTO `data_all` (`name`, `price`, `time`, `diff`, `diff_rate`, `open`, `high`, `low`, `close`) VALUES
	('a50', '9849.00', '2016-10-26 17:48:35', -37.00, '0.00', NULL, NULL, NULL, NULL),
	('ag', '4073', '2017-04-12 10:07:41', 18.00, '0.44%', 4061.00, 4085.00, 4058.00, 4073.00),
	('cl', '48.45', '2016-10-31 19:18:04', -0.28, '0.00', NULL, NULL, NULL, NULL),
	('conc', '6443', '2018-01-15 16:06:54', 0.03, '0.05%', 6443.00, 6459.00, 6418.00, 6443.00),
	('cu0', '48326', '2017-02-10 10:32:27', -160.00, '-0.33%', 48426.00, 48478.00, 48192.00, 48486.00),
	('cu1610', '36580.00', '2016-09-02 13:54:33', 130.00, '0.00', NULL, NULL, NULL, NULL),
	('gc', '1274.9', '2016-10-31 19:18:03', -1.90, '0.00', NULL, NULL, NULL, NULL),
	('hkhsi', '23374.40', '2016-10-20 16:10:22', 69.43, '0.00', NULL, NULL, NULL, NULL),
	('ic1609', '6451.80', '2016-10-21 15:00:15', -47.20, '-1.00', NULL, NULL, NULL, NULL),
	('if1609', '3319.20', '2016-10-21 15:00:15', 1.80, '0.00', NULL, NULL, NULL, NULL),
	('longyanxiang', '7517', '2018-01-15 11:55:48', 109.00, '0.63%', 7600.00, 7565.00, 7513.00, 7600.00),
	('mila', '-25', '2018-01-15 11:55:48', 283.00, '4.99%', 5844.00, -37.00, -13.00, 5672.00),
	('ng', '3.149', '2018-01-15 16:06:43', -0.05, '-1.59%', 3.13, 3.16, 3.09, 3.20),
	('ni1609', '78450.00', '2016-09-02 13:54:30', 1360.00, '2.00', NULL, NULL, NULL, NULL),
	('oil', '476.33', '2016-12-02 11:07:27', 0.28, '0.06%', 477.09, 479.01, 475.29, 476.05),
	('rb1610', '2255.00', '2016-10-12 01:42:34', 50.00, '2.00', NULL, NULL, NULL, NULL),
	('rm1609', '2329.00', '2016-09-02 13:54:33', 32.00, '1.00', NULL, NULL, NULL, NULL),
	('ru1609', '10305.00', '2016-09-02 13:54:30', 190.00, '2.00', NULL, NULL, NULL, NULL),
	('sh000001', '3131.76', '2016-12-22 11:35:03', -5.67, '-0.18', 3132.16, 3141.37, 3128.57, 3137.43),
	('usd', '90.72', '2018-01-15 16:06:56', -0.20, '-0.22%', 90.92, 90.94, 90.62, 90.72),
	('xag', '177.58', '2016-10-26 18:11:45', 0.03, '0.00', NULL, NULL, NULL, NULL),
	('xau', '134273', '2018-01-15 16:06:55', 5.09, '0.38%', 133665.00, 134480.00, 133611.00, 134273.00),
	('xhn', '7500', '2016-12-22 11:39:59', -0.14, '-0.19%', 7552.00, 7562.00, 7489.00, 7500.00),
	('xpt', '961.25', '2016-10-26 18:11:45', -2.54, '0.00', NULL, NULL, NULL, NULL),
	('yushi', '12835', '2018-01-15 11:55:48', 176.00, '1.27%', 13208.00, 12865.00, 12821.00, 13856.00);
/*!40000 ALTER TABLE `data_all` ENABLE KEYS */;

-- 导出  表 yunlife.data_conc 结构
DROP TABLE IF EXISTS `data_conc`;
CREATE TABLE IF NOT EXISTS `data_conc` (
  `id` int(11) NOT NULL AUTO_INCREMENT,
  `price` varchar(30) DEFAULT NULL,
  `time` datetime DEFAULT NULL,
  PRIMARY KEY (`id`),
  UNIQUE KEY `time` (`time`)
) ENGINE=InnoDB AUTO_INCREMENT=2959 DEFAULT CHARSET=utf8;

-- 正在导出表  yunlife.data_conc 的数据：~582 rows (大约)
/*!40000 ALTER TABLE `data_conc` DISABLE KEYS */;
INSERT INTO `data_conc` (`id`, `price`, `time`) VALUES
	(1, '6441', '2018-01-15 11:20:26'),
	(11, '6440', '2018-01-15 11:21:39'),
	(12, '6441', '2018-01-15 11:21:43'),
	(16, '6442', '2018-01-15 11:21:50'),
	(18, '6441', '2018-01-15 11:21:53'),
	(21, '6442', '2018-01-15 11:22:05'),
	(24, '6441', '2018-01-15 11:22:11'),
	(38, '6442', '2018-01-15 11:22:53'),
	(52, '6441', '2018-01-15 11:23:35'),
	(59, '6442', '2018-01-15 11:24:02'),
	(87, '6441', '2018-01-15 11:25:46'),
	(105, '6438', '2018-01-15 11:56:05'),
	(113, '6452', '2018-01-15 13:58:46'),
	(134, '6453', '2018-01-15 14:00:13'),
	(141, '6452', '2018-01-15 14:00:31'),
	(148, '6453', '2018-01-15 14:00:43'),
	(156, '6452', '2018-01-15 14:01:00'),
	(158, '6450', '2018-01-15 14:01:04'),
	(159, '6448', '2018-01-15 14:01:08'),
	(160, '6448', '2018-01-15 14:01:09'),
	(161, '6448', '2018-01-15 14:01:11'),
	(162, '6449', '2018-01-15 14:01:13'),
	(172, '6450', '2018-01-15 14:01:36'),
	(205, '6450', '2018-01-15 14:02:49'),
	(207, '6449', '2018-01-15 14:02:56'),
	(208, '6448', '2018-01-15 14:02:57'),
	(211, '6449', '2018-01-15 14:03:08'),
	(214, '6448', '2018-01-15 14:03:17'),
	(216, '6449', '2018-01-15 14:03:21'),
	(223, '6448', '2018-01-15 14:03:36'),
	(228, '6449', '2018-01-15 14:03:49'),
	(238, '6448', '2018-01-15 14:04:10'),
	(242, '6449', '2018-01-15 14:04:19'),
	(243, '6450', '2018-01-15 14:04:20'),
	(244, '6449', '2018-01-15 14:04:25'),
	(245, '6449', '2018-01-15 14:04:26'),
	(247, '6450', '2018-01-15 14:04:30'),
	(250, '6449', '2018-01-15 14:04:35'),
	(255, '6450', '2018-01-15 14:04:45'),
	(256, '6449', '2018-01-15 14:04:47'),
	(267, '6450', '2018-01-15 14:05:16'),
	(269, '6449', '2018-01-15 14:05:19'),
	(271, '6450', '2018-01-15 14:05:28'),
	(275, '6449', '2018-01-15 14:05:35'),
	(279, '6450', '2018-01-15 14:05:47'),
	(284, '6449', '2018-01-15 14:06:01'),
	(286, '6450', '2018-01-15 14:06:04'),
	(296, '6451', '2018-01-15 14:06:24'),
	(299, '6452', '2018-01-15 14:06:33'),
	(305, '6453', '2018-01-15 14:06:46'),
	(307, '6452', '2018-01-15 14:06:51'),
	(310, '6453', '2018-01-15 14:06:58'),
	(311, '6452', '2018-01-15 14:07:01'),
	(325, '6451', '2018-01-15 14:07:31'),
	(331, '6452', '2018-01-15 14:07:46'),
	(332, '6451', '2018-01-15 14:07:50'),
	(347, '6452', '2018-01-15 14:08:24'),
	(374, '6452', '2018-01-15 14:09:24'),
	(386, '6451', '2018-01-15 14:09:51'),
	(393, '6450', '2018-01-15 14:10:16'),
	(396, '6451', '2018-01-15 14:10:23'),
	(398, '6450', '2018-01-15 14:10:26'),
	(406, '6449', '2018-01-15 14:10:43'),
	(407, '6451', '2018-01-15 14:11:16'),
	(424, '6450', '2018-01-15 14:11:57'),
	(426, '6450', '2018-01-15 14:12:01'),
	(427, '6451', '2018-01-15 14:12:04'),
	(429, '6450', '2018-01-15 14:12:09'),
	(435, '6451', '2018-01-15 14:12:20'),
	(444, '6450', '2018-01-15 14:12:42'),
	(452, '6449', '2018-01-15 14:13:09'),
	(453, '6450', '2018-01-15 14:13:12'),
	(483, '6450', '2018-01-15 14:14:14'),
	(487, '6450', '2018-01-15 14:14:26'),
	(489, '6449', '2018-01-15 14:14:33'),
	(494, '6450', '2018-01-15 14:14:45'),
	(500, '6449', '2018-01-15 14:14:59'),
	(502, '6450', '2018-01-15 14:15:04'),
	(503, '6449', '2018-01-15 14:15:08'),
	(509, '6450', '2018-01-15 14:15:21'),
	(526, '6449', '2018-01-15 14:16:00'),
	(532, '6448', '2018-01-15 14:16:14'),
	(545, '6449', '2018-01-15 14:16:42'),
	(547, '6448', '2018-01-15 14:16:46'),
	(552, '6449', '2018-01-15 14:16:56'),
	(558, '6448', '2018-01-15 14:17:08'),
	(571, '6447', '2018-01-15 14:17:34'),
	(585, '6448', '2018-01-15 14:18:11'),
	(586, '6447', '2018-01-15 14:18:12'),
	(597, '6445', '2018-01-15 14:18:40'),
	(606, '6447', '2018-01-15 14:19:00'),
	(609, '6446', '2018-01-15 14:19:06'),
	(612, '6447', '2018-01-15 14:19:13'),
	(617, '6447', '2018-01-15 14:19:28'),
	(618, '6446', '2018-01-15 14:19:30'),
	(619, '6446', '2018-01-15 14:19:32'),
	(638, '6447', '2018-01-15 14:20:24'),
	(641, '6446', '2018-01-15 14:20:42'),
	(643, '6446', '2018-01-15 14:20:53'),
	(644, '6446', '2018-01-15 14:20:56'),
	(645, '6445', '2018-01-15 14:21:05'),
	(646, '6446', '2018-01-15 14:21:10'),
	(660, '6445', '2018-01-15 14:21:59'),
	(663, '6446', '2018-01-15 14:22:06'),
	(664, '6446', '2018-01-15 14:22:09'),
	(665, '6445', '2018-01-15 14:22:10'),
	(666, '6446', '2018-01-15 14:22:17'),
	(670, '6445', '2018-01-15 14:22:26'),
	(672, '6446', '2018-01-15 14:22:29'),
	(676, '6445', '2018-01-15 14:22:39'),
	(678, '6446', '2018-01-15 14:22:44'),
	(679, '6446', '2018-01-15 14:22:47'),
	(684, '6445', '2018-01-15 14:23:01'),
	(693, '6444', '2018-01-15 14:23:25'),
	(707, '6445', '2018-01-15 14:24:01'),
	(710, '6444', '2018-01-15 14:24:08'),
	(714, '6445', '2018-01-15 14:24:19'),
	(717, '6444', '2018-01-15 14:24:27'),
	(718, '6445', '2018-01-15 14:24:31'),
	(719, '6444', '2018-01-15 14:24:33'),
	(720, '6445', '2018-01-15 14:24:35'),
	(721, '6444', '2018-01-15 14:24:38'),
	(722, '6445', '2018-01-15 14:24:41'),
	(726, '6444', '2018-01-15 14:24:52'),
	(733, '6445', '2018-01-15 14:25:09'),
	(744, '6446', '2018-01-15 14:25:34'),
	(746, '6446', '2018-01-15 14:25:43'),
	(747, '6447', '2018-01-15 14:25:46'),
	(748, '6446', '2018-01-15 14:25:47'),
	(750, '6447', '2018-01-15 14:25:54'),
	(762, '6446', '2018-01-15 14:26:38'),
	(764, '6447', '2018-01-15 14:26:42'),
	(777, '6446', '2018-01-15 14:27:18'),
	(789, '6447', '2018-01-15 14:27:52'),
	(798, '6446', '2018-01-15 14:28:16'),
	(804, '6447', '2018-01-15 14:28:30'),
	(805, '6446', '2018-01-15 14:28:34'),
	(807, '6447', '2018-01-15 14:28:39'),
	(809, '6447', '2018-01-15 14:28:46'),
	(824, '6446', '2018-01-15 14:29:22'),
	(828, '6447', '2018-01-15 14:29:31'),
	(829, '6446', '2018-01-15 14:29:34'),
	(837, '6447', '2018-01-15 14:29:53'),
	(839, '6446', '2018-01-15 14:30:00'),
	(858, '6445', '2018-01-15 14:30:52'),
	(874, '6446', '2018-01-15 14:31:27'),
	(895, '6445', '2018-01-15 14:32:26'),
	(896, '6446', '2018-01-15 14:32:27'),
	(910, '6445', '2018-01-15 14:33:02'),
	(911, '6446', '2018-01-15 14:33:03'),
	(917, '6447', '2018-01-15 14:33:18'),
	(924, '6448', '2018-01-15 14:33:35'),
	(926, '6447', '2018-01-15 14:33:39'),
	(934, '6446', '2018-01-15 14:33:59'),
	(937, '6446', '2018-01-15 14:34:06'),
	(949, '6447', '2018-01-15 14:34:32'),
	(950, '6446', '2018-01-15 14:34:37'),
	(954, '6447', '2018-01-15 14:34:48'),
	(961, '6448', '2018-01-15 14:35:05'),
	(965, '6447', '2018-01-15 14:35:13'),
	(987, '6447', '2018-01-15 14:36:05'),
	(990, '6447', '2018-01-15 14:36:12'),
	(998, '6447', '2018-01-15 14:36:31'),
	(1005, '6448', '2018-01-15 14:36:47'),
	(1008, '6447', '2018-01-15 14:36:53'),
	(1010, '6447', '2018-01-15 14:36:57'),
	(1021, '6448', '2018-01-15 14:37:21'),
	(1043, '6447', '2018-01-15 14:38:09'),
	(1097, '6447', '2018-01-15 14:40:11'),
	(1109, '6448', '2018-01-15 14:40:37'),
	(1114, '6447', '2018-01-15 14:40:47'),
	(1118, '6448', '2018-01-15 14:40:58'),
	(1119, '6447', '2018-01-15 14:41:01'),
	(1122, '6448', '2018-01-15 14:41:09'),
	(1135, '6447', '2018-01-15 14:41:38'),
	(1142, '6446', '2018-01-15 14:41:56'),
	(1146, '6445', '2018-01-15 14:42:04'),
	(1159, '6446', '2018-01-15 14:42:32'),
	(1162, '6445', '2018-01-15 14:42:41'),
	(1179, '6446', '2018-01-15 14:43:17'),
	(1193, '6445', '2018-01-15 14:43:47'),
	(1196, '6446', '2018-01-15 14:43:55'),
	(1201, '6445', '2018-01-15 14:44:05'),
	(1203, '6446', '2018-01-15 14:44:09'),
	(1205, '6445', '2018-01-15 14:44:14'),
	(1208, '6445', '2018-01-15 14:44:22'),
	(1212, '6446', '2018-01-15 14:44:30'),
	(1213, '6445', '2018-01-15 14:44:34'),
	(1217, '6446', '2018-01-15 14:44:42'),
	(1218, '6445', '2018-01-15 14:44:45'),
	(1225, '6444', '2018-01-15 14:45:01'),
	(1232, '6445', '2018-01-15 14:45:17'),
	(1235, '6444', '2018-01-15 14:45:25'),
	(1253, '6443', '2018-01-15 14:46:03'),
	(1254, '6444', '2018-01-15 14:46:04'),
	(1255, '6443', '2018-01-15 14:46:08'),
	(1267, '6444', '2018-01-15 14:46:34'),
	(1269, '6443', '2018-01-15 14:46:41'),
	(1272, '6442', '2018-01-15 14:46:49'),
	(1275, '6443', '2018-01-15 14:46:55'),
	(1276, '6442', '2018-01-15 14:46:56'),
	(1277, '6443', '2018-01-15 14:46:59'),
	(1278, '6442', '2018-01-15 14:47:01'),
	(1282, '6442', '2018-01-15 14:47:12'),
	(1293, '6443', '2018-01-15 14:47:37'),
	(1296, '6442', '2018-01-15 14:47:44'),
	(1305, '6442', '2018-01-15 14:48:05'),
	(1309, '6443', '2018-01-15 14:48:12'),
	(1311, '6442', '2018-01-15 14:48:18'),
	(1313, '6443', '2018-01-15 14:48:23'),
	(1321, '6442', '2018-01-15 14:48:40'),
	(1327, '6441', '2018-01-15 14:48:57'),
	(1328, '6439', '2018-01-15 14:48:58'),
	(1329, '6439', '2018-01-15 14:49:00'),
	(1331, '6440', '2018-01-15 14:49:04'),
	(1332, '6439', '2018-01-15 14:49:07'),
	(1336, '6439', '2018-01-15 14:49:19'),
	(1339, '6441', '2018-01-15 14:49:26'),
	(1340, '6440', '2018-01-15 14:49:28'),
	(1342, '6441', '2018-01-15 14:49:32'),
	(1344, '6441', '2018-01-15 14:49:38'),
	(1346, '6441', '2018-01-15 14:49:43'),
	(1348, '6440', '2018-01-15 14:49:47'),
	(1349, '6441', '2018-01-15 14:49:48'),
	(1351, '6441', '2018-01-15 14:49:55'),
	(1353, '6441', '2018-01-15 14:49:59'),
	(1364, '6440', '2018-01-15 14:50:26'),
	(1366, '6441', '2018-01-15 14:50:29'),
	(1367, '6439', '2018-01-15 14:50:33'),
	(1376, '6439', '2018-01-15 14:50:52'),
	(1377, '6438', '2018-01-15 14:50:53'),
	(1381, '6437', '2018-01-15 14:51:02'),
	(1382, '6438', '2018-01-15 14:51:04'),
	(1383, '6436', '2018-01-15 14:51:08'),
	(1386, '6437', '2018-01-15 14:51:14'),
	(1387, '6439', '2018-01-15 14:51:19'),
	(1389, '6441', '2018-01-15 14:51:23'),
	(1390, '6440', '2018-01-15 14:51:26'),
	(1392, '6439', '2018-01-15 14:51:31'),
	(1395, '6440', '2018-01-15 14:51:41'),
	(1396, '6439', '2018-01-15 14:51:44'),
	(1400, '6438', '2018-01-15 14:51:52'),
	(1403, '6437', '2018-01-15 14:51:58'),
	(1404, '6439', '2018-01-15 14:52:02'),
	(1416, '6439', '2018-01-15 14:52:31'),
	(1422, '6438', '2018-01-15 14:52:42'),
	(1429, '6439', '2018-01-15 14:52:59'),
	(1432, '6438', '2018-01-15 14:53:07'),
	(1433, '6440', '2018-01-15 14:53:13'),
	(1434, '6439', '2018-01-15 14:53:14'),
	(1435, '6439', '2018-01-15 14:53:20'),
	(1437, '6440', '2018-01-15 14:53:23'),
	(1439, '6439', '2018-01-15 14:53:29'),
	(1448, '6439', '2018-01-15 14:53:50'),
	(1451, '6440', '2018-01-15 14:53:56'),
	(1452, '6439', '2018-01-15 14:53:59'),
	(1456, '6440', '2018-01-15 14:54:07'),
	(1457, '6439', '2018-01-15 14:54:09'),
	(1461, '6440', '2018-01-15 14:54:18'),
	(1462, '6440', '2018-01-15 14:54:22'),
	(1463, '6439', '2018-01-15 14:54:24'),
	(1470, '6439', '2018-01-15 14:54:40'),
	(1476, '6438', '2018-01-15 14:54:54'),
	(1477, '6439', '2018-01-15 14:54:57'),
	(1478, '6438', '2018-01-15 14:54:59'),
	(1481, '6438', '2018-01-15 14:55:07'),
	(1490, '6437', '2018-01-15 14:55:25'),
	(1492, '6436', '2018-01-15 14:55:29'),
	(1493, '6437', '2018-01-15 14:55:31'),
	(1495, '6436', '2018-01-15 14:55:38'),
	(1497, '6436', '2018-01-15 14:55:41'),
	(1498, '6436', '2018-01-15 14:55:45'),
	(1499, '6437', '2018-01-15 14:55:47'),
	(1500, '6437', '2018-01-15 14:55:51'),
	(1510, '6437', '2018-01-15 14:56:14'),
	(1513, '6438', '2018-01-15 14:56:24'),
	(1514, '6437', '2018-01-15 14:56:29'),
	(1516, '6438', '2018-01-15 14:56:33'),
	(1517, '6438', '2018-01-15 14:56:34'),
	(1518, '6437', '2018-01-15 14:56:36'),
	(1524, '6438', '2018-01-15 14:56:55'),
	(1528, '6437', '2018-01-15 14:57:04'),
	(1529, '6438', '2018-01-15 14:57:06'),
	(1536, '6437', '2018-01-15 14:57:23'),
	(1539, '6438', '2018-01-15 14:57:28'),
	(1548, '6437', '2018-01-15 14:57:49'),
	(1550, '6438', '2018-01-15 14:57:52'),
	(1566, '6437', '2018-01-15 14:58:30'),
	(1569, '6438', '2018-01-15 14:58:38'),
	(1573, '6438', '2018-01-15 14:58:47'),
	(1574, '6439', '2018-01-15 14:58:50'),
	(1576, '6440', '2018-01-15 14:58:53'),
	(1577, '6439', '2018-01-15 14:58:55'),
	(1585, '6440', '2018-01-15 14:59:12'),
	(1595, '6439', '2018-01-15 14:59:37'),
	(1602, '6440', '2018-01-15 14:59:53'),
	(1606, '6440', '2018-01-15 15:00:03'),
	(1617, '6439', '2018-01-15 15:00:26'),
	(1618, '6439', '2018-01-15 15:00:31'),
	(1626, '6438', '2018-01-15 15:00:50'),
	(1628, '6437', '2018-01-15 15:00:55'),
	(1631, '6438', '2018-01-15 15:01:02'),
	(1634, '6437', '2018-01-15 15:01:08'),
	(1636, '6438', '2018-01-15 15:01:12'),
	(1638, '6437', '2018-01-15 15:01:19'),
	(1640, '6438', '2018-01-15 15:01:23'),
	(1642, '6437', '2018-01-15 15:01:28'),
	(1643, '6437', '2018-01-15 15:01:31'),
	(1644, '6438', '2018-01-15 15:01:33'),
	(1645, '6437', '2018-01-15 15:01:35'),
	(1647, '6438', '2018-01-15 15:01:39'),
	(1649, '6433', '2018-01-15 15:01:46'),
	(1650, '6433', '2018-01-15 15:01:48'),
	(1651, '6435', '2018-01-15 15:01:50'),
	(1654, '6436', '2018-01-15 15:01:58'),
	(1656, '6437', '2018-01-15 15:02:02'),
	(1660, '6436', '2018-01-15 15:02:11'),
	(1668, '6435', '2018-01-15 15:02:28'),
	(1672, '6435', '2018-01-15 15:02:36'),
	(1674, '6436', '2018-01-15 15:02:41'),
	(1677, '6436', '2018-01-15 15:02:47'),
	(1681, '6437', '2018-01-15 15:03:00'),
	(1693, '6436', '2018-01-15 15:03:29'),
	(1696, '6436', '2018-01-15 15:03:38'),
	(1699, '6437', '2018-01-15 15:03:45'),
	(1700, '6436', '2018-01-15 15:03:48'),
	(1703, '6437', '2018-01-15 15:03:54'),
	(1705, '6436', '2018-01-15 15:03:58'),
	(1706, '6437', '2018-01-15 15:04:01'),
	(1714, '6438', '2018-01-15 15:04:18'),
	(1724, '6437', '2018-01-15 15:04:40'),
	(1730, '6438', '2018-01-15 15:04:56'),
	(1733, '6436', '2018-01-15 15:05:05'),
	(1738, '6436', '2018-01-15 15:05:15'),
	(1741, '6436', '2018-01-15 15:05:22'),
	(1751, '6435', '2018-01-15 15:05:43'),
	(1753, '6436', '2018-01-15 15:05:49'),
	(1757, '6437', '2018-01-15 15:05:57'),
	(1758, '6436', '2018-01-15 15:05:58'),
	(1766, '6435', '2018-01-15 15:06:17'),
	(1769, '6436', '2018-01-15 15:06:25'),
	(1785, '6435', '2018-01-15 15:07:00'),
	(1786, '6436', '2018-01-15 15:07:04'),
	(1789, '6435', '2018-01-15 15:07:11'),
	(1791, '6436', '2018-01-15 15:07:15'),
	(1796, '6435', '2018-01-15 15:07:25'),
	(1801, '6436', '2018-01-15 15:07:41'),
	(1824, '6437', '2018-01-15 15:08:33'),
	(1825, '6436', '2018-01-15 15:08:35'),
	(1829, '6435', '2018-01-15 15:08:43'),
	(1830, '6435', '2018-01-15 15:08:48'),
	(1832, '6434', '2018-01-15 15:08:53'),
	(1835, '6434', '2018-01-15 15:08:58'),
	(1836, '6434', '2018-01-15 15:09:03'),
	(1837, '6435', '2018-01-15 15:09:04'),
	(1840, '6434', '2018-01-15 15:09:11'),
	(1844, '6435', '2018-01-15 15:09:21'),
	(1847, '6434', '2018-01-15 15:09:27'),
	(1848, '6435', '2018-01-15 15:09:28'),
	(1852, '6435', '2018-01-15 15:09:38'),
	(1854, '6434', '2018-01-15 15:09:43'),
	(1857, '6436', '2018-01-15 15:09:49'),
	(1864, '6435', '2018-01-15 15:10:02'),
	(1865, '6434', '2018-01-15 15:10:07'),
	(1866, '6435', '2018-01-15 15:10:08'),
	(1867, '6434', '2018-01-15 15:10:12'),
	(1869, '6433', '2018-01-15 15:10:16'),
	(1871, '6432', '2018-01-15 15:10:21'),
	(1872, '6433', '2018-01-15 15:10:23'),
	(1873, '6432', '2018-01-15 15:10:25'),
	(1874, '6432', '2018-01-15 15:10:27'),
	(1875, '6432', '2018-01-15 15:10:30'),
	(1876, '6432', '2018-01-15 15:10:34'),
	(1879, '6433', '2018-01-15 15:10:43'),
	(1880, '6434', '2018-01-15 15:10:49'),
	(1882, '6435', '2018-01-15 15:10:53'),
	(1883, '6434', '2018-01-15 15:10:54'),
	(1884, '6434', '2018-01-15 15:10:59'),
	(1888, '6433', '2018-01-15 15:11:11'),
	(1889, '6434', '2018-01-15 15:11:12'),
	(1892, '6435', '2018-01-15 15:11:19'),
	(1904, '6435', '2018-01-15 15:11:47'),
	(1905, '6434', '2018-01-15 15:11:49'),
	(1913, '6434', '2018-01-15 15:12:09'),
	(1914, '6435', '2018-01-15 15:12:10'),
	(1916, '6434', '2018-01-15 15:12:18'),
	(1917, '6435', '2018-01-15 15:12:20'),
	(1918, '6436', '2018-01-15 15:12:23'),
	(1919, '6435', '2018-01-15 15:12:26'),
	(1923, '6434', '2018-01-15 15:12:40'),
	(1932, '6435', '2018-01-15 15:13:03'),
	(1942, '6437', '2018-01-15 15:13:29'),
	(1943, '6436', '2018-01-15 15:13:31'),
	(1944, '6435', '2018-01-15 15:13:36'),
	(1950, '6436', '2018-01-15 15:13:50'),
	(1953, '6437', '2018-01-15 15:13:56'),
	(1954, '6436', '2018-01-15 15:13:59'),
	(1955, '6437', '2018-01-15 15:14:01'),
	(1957, '6437', '2018-01-15 15:14:09'),
	(1963, '6436', '2018-01-15 15:14:27'),
	(1964, '6437', '2018-01-15 15:14:28'),
	(1973, '6438', '2018-01-15 15:14:54'),
	(1983, '6437', '2018-01-15 15:15:15'),
	(1986, '6438', '2018-01-15 15:15:22'),
	(1993, '6437', '2018-01-15 15:15:41'),
	(1994, '6438', '2018-01-15 15:15:43'),
	(1999, '6439', '2018-01-15 15:16:05'),
	(2002, '6440', '2018-01-15 15:16:14'),
	(2003, '6439', '2018-01-15 15:16:16'),
	(2004, '6440', '2018-01-15 15:16:18'),
	(2005, '6441', '2018-01-15 15:16:22'),
	(2006, '6442', '2018-01-15 15:16:24'),
	(2007, '6443', '2018-01-15 15:16:28'),
	(2008, '6444', '2018-01-15 15:16:29'),
	(2009, '6443', '2018-01-15 15:16:32'),
	(2010, '6443', '2018-01-15 15:16:36'),
	(2011, '6444', '2018-01-15 15:16:38'),
	(2012, '6443', '2018-01-15 15:16:42'),
	(2015, '6442', '2018-01-15 15:16:47'),
	(2016, '6440', '2018-01-15 15:16:50'),
	(2017, '6441', '2018-01-15 15:16:54'),
	(2018, '6440', '2018-01-15 15:16:57'),
	(2023, '6440', '2018-01-15 15:17:14'),
	(2026, '6440', '2018-01-15 15:17:20'),
	(2028, '6441', '2018-01-15 15:17:25'),
	(2029, '6440', '2018-01-15 15:17:28'),
	(2030, '6441', '2018-01-15 15:17:32'),
	(2035, '6442', '2018-01-15 15:17:44'),
	(2042, '6441', '2018-01-15 15:18:05'),
	(2046, '6442', '2018-01-15 15:18:13'),
	(2050, '6442', '2018-01-15 15:18:25'),
	(2051, '6441', '2018-01-15 15:18:28'),
	(2052, '6442', '2018-01-15 15:18:30'),
	(2061, '6441', '2018-01-15 15:18:53'),
	(2071, '6441', '2018-01-15 15:19:15'),
	(2085, '6440', '2018-01-15 15:19:54'),
	(2086, '6441', '2018-01-15 15:19:55'),
	(2088, '6440', '2018-01-15 15:20:01'),
	(2089, '6440', '2018-01-15 15:20:02'),
	(2090, '6439', '2018-01-15 15:20:03'),
	(2092, '6441', '2018-01-15 15:20:10'),
	(2094, '6440', '2018-01-15 15:20:14'),
	(2095, '6439', '2018-01-15 15:20:19'),
	(2097, '6439', '2018-01-15 15:20:24'),
	(2098, '6439', '2018-01-15 15:20:26'),
	(2100, '6440', '2018-01-15 15:20:31'),
	(2103, '6440', '2018-01-15 15:20:37'),
	(2104, '6441', '2018-01-15 15:20:39'),
	(2105, '6441', '2018-01-15 15:20:42'),
	(2108, '6442', '2018-01-15 15:20:48'),
	(2112, '6441', '2018-01-15 15:20:58'),
	(2113, '6441', '2018-01-15 15:21:00'),
	(2117, '6441', '2018-01-15 15:21:12'),
	(2118, '6442', '2018-01-15 15:21:13'),
	(2119, '6441', '2018-01-15 15:21:16'),
	(2127, '6440', '2018-01-15 15:21:35'),
	(2130, '6441', '2018-01-15 15:21:44'),
	(2131, '6440', '2018-01-15 15:21:47'),
	(2135, '6441', '2018-01-15 15:21:57'),
	(2145, '6440', '2018-01-15 15:22:24'),
	(2148, '6441', '2018-01-15 15:22:34'),
	(2153, '6442', '2018-01-15 15:22:49'),
	(2158, '6441', '2018-01-15 15:23:02'),
	(2165, '6440', '2018-01-15 15:23:20'),
	(2175, '6439', '2018-01-15 15:23:48'),
	(2177, '6440', '2018-01-15 15:23:52'),
	(2184, '6439', '2018-01-15 15:24:10'),
	(2187, '6440', '2018-01-15 15:24:19'),
	(2189, '6439', '2018-01-15 15:24:25'),
	(2203, '6438', '2018-01-15 15:25:05'),
	(2205, '6438', '2018-01-15 15:25:09'),
	(2207, '6436', '2018-01-15 15:25:13'),
	(2210, '6437', '2018-01-15 15:25:21'),
	(2224, '6438', '2018-01-15 15:26:01'),
	(2225, '6437', '2018-01-15 15:26:04'),
	(2233, '6437', '2018-01-15 15:26:27'),
	(2234, '6438', '2018-01-15 15:26:28'),
	(2238, '6439', '2018-01-15 15:26:38'),
	(2248, '6438', '2018-01-15 15:27:15'),
	(2255, '6439', '2018-01-15 15:27:36'),
	(2263, '6438', '2018-01-15 15:27:55'),
	(2264, '6439', '2018-01-15 15:27:57'),
	(2267, '6438', '2018-01-15 15:28:05'),
	(2276, '6437', '2018-01-15 15:28:29'),
	(2282, '6436', '2018-01-15 15:28:48'),
	(2291, '6437', '2018-01-15 15:29:09'),
	(2295, '6437', '2018-01-15 15:30:02'),
	(2301, '6439', '2018-01-15 15:30:19'),
	(2303, '6438', '2018-01-15 15:30:25'),
	(2312, '6437', '2018-01-15 15:30:49'),
	(2315, '6436', '2018-01-15 15:30:58'),
	(2317, '6435', '2018-01-15 15:31:01'),
	(2320, '6436', '2018-01-15 15:31:08'),
	(2328, '6435', '2018-01-15 15:31:26'),
	(2329, '6436', '2018-01-15 15:31:27'),
	(2331, '6435', '2018-01-15 15:31:32'),
	(2335, '6437', '2018-01-15 15:31:44'),
	(2338, '6437', '2018-01-15 15:31:52'),
	(2343, '6438', '2018-01-15 15:32:06'),
	(2344, '6437', '2018-01-15 15:32:08'),
	(2346, '6438', '2018-01-15 15:32:16'),
	(2352, '6438', '2018-01-15 15:32:35'),
	(2367, '6438', '2018-01-15 15:33:16'),
	(2370, '6439', '2018-01-15 15:33:23'),
	(2371, '6438', '2018-01-15 15:33:25'),
	(2374, '6439', '2018-01-15 15:33:32'),
	(2378, '6438', '2018-01-15 15:33:41'),
	(2379, '6436', '2018-01-15 15:33:45'),
	(2380, '6437', '2018-01-15 15:33:47'),
	(2381, '6438', '2018-01-15 15:33:50'),
	(2384, '6437', '2018-01-15 15:33:57'),
	(2385, '6436', '2018-01-15 15:33:58'),
	(2387, '6437', '2018-01-15 15:34:05'),
	(2391, '6436', '2018-01-15 15:34:12'),
	(2392, '6437', '2018-01-15 15:34:15'),
	(2397, '6436', '2018-01-15 15:34:29'),
	(2409, '6437', '2018-01-15 15:34:59'),
	(2411, '6436', '2018-01-15 15:35:03'),
	(2415, '6436', '2018-01-15 15:35:13'),
	(2422, '6435', '2018-01-15 15:35:31'),
	(2425, '6435', '2018-01-15 15:35:41'),
	(2441, '6436', '2018-01-15 15:36:18'),
	(2443, '6435', '2018-01-15 15:36:26'),
	(2450, '6436', '2018-01-15 15:36:42'),
	(2452, '6435', '2018-01-15 15:36:50'),
	(2461, '6436', '2018-01-15 15:37:11'),
	(2465, '6435', '2018-01-15 15:37:21'),
	(2466, '6434', '2018-01-15 15:37:22'),
	(2471, '6435', '2018-01-15 15:42:12'),
	(2477, '6435', '2018-01-15 15:43:32'),
	(2480, '6436', '2018-01-15 15:43:53'),
	(2483, '6438', '2018-01-15 15:45:26'),
	(2489, '6437', '2018-01-15 15:45:42'),
	(2490, '6437', '2018-01-15 15:45:44'),
	(2494, '6435', '2018-01-15 15:45:52'),
	(2500, '6436', '2018-01-15 15:46:08'),
	(2503, '6437', '2018-01-15 15:46:18'),
	(2505, '6436', '2018-01-15 15:46:24'),
	(2515, '6435', '2018-01-15 15:46:51'),
	(2516, '6436', '2018-01-15 15:46:53'),
	(2517, '6436', '2018-01-15 15:46:55'),
	(2528, '6435', '2018-01-15 15:47:24'),
	(2536, '6433', '2018-01-15 15:47:41'),
	(2538, '6434', '2018-01-15 15:47:49'),
	(2550, '6435', '2018-01-15 15:48:20'),
	(2552, '6434', '2018-01-15 15:48:25'),
	(2555, '6435', '2018-01-15 15:48:35'),
	(2560, '6435', '2018-01-15 15:48:49'),
	(2572, '6436', '2018-01-15 15:49:18'),
	(2574, '6435', '2018-01-15 15:49:23'),
	(2577, '6436', '2018-01-15 15:49:30'),
	(2584, '6436', '2018-01-15 15:49:51'),
	(2588, '6435', '2018-01-15 15:50:01'),
	(2593, '6436', '2018-01-15 15:50:14'),
	(2594, '6435', '2018-01-15 15:50:17'),
	(2595, '6436', '2018-01-15 15:50:20'),
	(2597, '6435', '2018-01-15 15:50:24'),
	(2607, '6436', '2018-01-15 15:50:51'),
	(2610, '6435', '2018-01-15 15:50:58'),
	(2614, '6434', '2018-01-15 15:51:06'),
	(2619, '6434', '2018-01-15 15:51:20'),
	(2620, '6433', '2018-01-15 15:51:21'),
	(2621, '6434', '2018-01-15 15:51:23'),
	(2626, '6434', '2018-01-15 15:51:36'),
	(2632, '6435', '2018-01-15 15:51:52'),
	(2637, '6434', '2018-01-15 15:52:04'),
	(2640, '6433', '2018-01-15 15:52:11'),
	(2642, '6432', '2018-01-15 15:52:18'),
	(2643, '6433', '2018-01-15 15:52:19'),
	(2646, '6432', '2018-01-15 15:52:28'),
	(2647, '6433', '2018-01-15 15:52:31'),
	(2648, '6432', '2018-01-15 15:52:34'),
	(2649, '6433', '2018-01-15 15:52:35'),
	(2652, '6434', '2018-01-15 15:52:44'),
	(2655, '6433', '2018-01-15 15:52:49'),
	(2657, '6432', '2018-01-15 15:52:56'),
	(2658, '6433', '2018-01-15 15:52:58'),
	(2667, '6434', '2018-01-15 15:53:19'),
	(2669, '6433', '2018-01-15 15:53:26'),
	(2671, '6434', '2018-01-15 15:53:31'),
	(2677, '6433', '2018-01-15 15:53:48'),
	(2678, '6434', '2018-01-15 15:53:50'),
	(2691, '6435', '2018-01-15 15:54:25'),
	(2692, '6434', '2018-01-15 15:54:27'),
	(2694, '6436', '2018-01-15 15:54:33'),
	(2696, '6437', '2018-01-15 15:54:37'),
	(2699, '6436', '2018-01-15 15:54:45'),
	(2701, '6437', '2018-01-15 15:54:49'),
	(2702, '6436', '2018-01-15 15:54:52'),
	(2703, '6436', '2018-01-15 15:54:57'),
	(2704, '6437', '2018-01-15 15:54:58'),
	(2705, '6437', '2018-01-15 15:55:00'),
	(2706, '6436', '2018-01-15 15:55:04'),
	(2708, '6437', '2018-01-15 15:55:08'),
	(2710, '6436', '2018-01-15 15:55:14'),
	(2711, '6437', '2018-01-15 15:55:19'),
	(2716, '6435', '2018-01-15 15:55:38'),
	(2717, '6437', '2018-01-15 15:55:39'),
	(2718, '6436', '2018-01-15 15:55:42'),
	(2722, '6437', '2018-01-15 15:55:55'),
	(2725, '6436', '2018-01-15 15:56:14'),
	(2726, '6437', '2018-01-15 15:56:16'),
	(2728, '6438', '2018-01-15 15:56:22'),
	(2729, '6438', '2018-01-15 15:56:24'),
	(2731, '6439', '2018-01-15 15:56:30'),
	(2732, '6439', '2018-01-15 15:56:35'),
	(2745, '6440', '2018-01-15 15:57:11'),
	(2746, '6441', '2018-01-15 15:57:14'),
	(2747, '6440', '2018-01-15 15:57:17'),
	(2748, '6440', '2018-01-15 15:57:20'),
	(2749, '6441', '2018-01-15 15:57:23'),
	(2750, '6440', '2018-01-15 15:57:26'),
	(2752, '6441', '2018-01-15 15:57:30'),
	(2753, '6442', '2018-01-15 15:57:39'),
	(2754, '6442', '2018-01-15 15:57:41'),
	(2755, '6442', '2018-01-15 15:57:44'),
	(2756, '6443', '2018-01-15 15:57:47'),
	(2762, '6442', '2018-01-15 15:58:05'),
	(2773, '6440', '2018-01-15 15:58:34'),
	(2779, '6439', '2018-01-15 15:58:48'),
	(2781, '6439', '2018-01-15 15:58:56'),
	(2784, '6440', '2018-01-15 15:59:03'),
	(2787, '6441', '2018-01-15 15:59:12'),
	(2789, '6440', '2018-01-15 15:59:14'),
	(2792, '6441', '2018-01-15 15:59:23'),
	(2794, '6440', '2018-01-15 15:59:28'),
	(2795, '6439', '2018-01-15 15:59:32'),
	(2796, '6440', '2018-01-15 15:59:34'),
	(2798, '6439', '2018-01-15 15:59:38'),
	(2799, '6440', '2018-01-15 15:59:40'),
	(2803, '6440', '2018-01-15 15:59:53'),
	(2805, '6439', '2018-01-15 15:59:58'),
	(2809, '6439', '2018-01-15 16:00:09'),
	(2811, '6440', '2018-01-15 16:00:14'),
	(2813, '6441', '2018-01-15 16:00:18'),
	(2814, '6442', '2018-01-15 16:00:23'),
	(2815, '6441', '2018-01-15 16:00:25'),
	(2818, '6440', '2018-01-15 16:00:41'),
	(2819, '6441', '2018-01-15 16:00:44'),
	(2823, '6442', '2018-01-15 16:00:52'),
	(2824, '6442', '2018-01-15 16:00:54'),
	(2825, '6441', '2018-01-15 16:00:59'),
	(2826, '6442', '2018-01-15 16:01:02'),
	(2831, '6443', '2018-01-15 16:01:15'),
	(2832, '6444', '2018-01-15 16:01:17'),
	(2833, '6446', '2018-01-15 16:01:20'),
	(2834, '6446', '2018-01-15 16:01:23'),
	(2835, '6443', '2018-01-15 16:01:26'),
	(2836, '6444', '2018-01-15 16:01:28'),
	(2837, '6442', '2018-01-15 16:01:31'),
	(2838, '6442', '2018-01-15 16:01:33'),
	(2839, '6444', '2018-01-15 16:01:38'),
	(2841, '6443', '2018-01-15 16:01:42'),
	(2843, '6443', '2018-01-15 16:01:50'),
	(2846, '6444', '2018-01-15 16:01:58'),
	(2847, '6443', '2018-01-15 16:02:03'),
	(2849, '6442', '2018-01-15 16:02:08'),
	(2851, '6442', '2018-01-15 16:02:12'),
	(2854, '6443', '2018-01-15 16:02:22'),
	(2855, '6442', '2018-01-15 16:02:27'),
	(2856, '6443', '2018-01-15 16:02:30'),
	(2860, '6444', '2018-01-15 16:02:40'),
	(2862, '6445', '2018-01-15 16:02:44'),
	(2863, '6444', '2018-01-15 16:02:46'),
	(2865, '6445', '2018-01-15 16:02:52'),
	(2866, '6444', '2018-01-15 16:02:54'),
	(2867, '6443', '2018-01-15 16:02:59'),
	(2869, '6444', '2018-01-15 16:03:03'),
	(2874, '6443', '2018-01-15 16:03:17'),
	(2876, '6443', '2018-01-15 16:03:20'),
	(2879, '6443', '2018-01-15 16:03:31'),
	(2883, '6444', '2018-01-15 16:03:40'),
	(2884, '6444', '2018-01-15 16:03:44'),
	(2887, '6444', '2018-01-15 16:03:52'),
	(2888, '6443', '2018-01-15 16:03:54'),
	(2893, '6442', '2018-01-15 16:04:08'),
	(2895, '6441', '2018-01-15 16:04:11'),
	(2903, '6442', '2018-01-15 16:04:31'),
	(2905, '6441', '2018-01-15 16:04:36'),
	(2908, '6442', '2018-01-15 16:04:45'),
	(2916, '6441', '2018-01-15 16:05:05'),
	(2918, '6441', '2018-01-15 16:05:11'),
	(2921, '6442', '2018-01-15 16:05:17'),
	(2952, '6444', '2018-01-15 16:06:36'),
	(2956, '6443', '2018-01-15 16:06:48'),
	(2957, '6442', '2018-01-15 16:06:50'),
	(2958, '6443', '2018-01-15 16:06:54');
/*!40000 ALTER TABLE `data_conc` ENABLE KEYS */;

-- 导出  表 yunlife.data_longyanxiang 结构
DROP TABLE IF EXISTS `data_longyanxiang`;
CREATE TABLE IF NOT EXISTS `data_longyanxiang` (
  `id` int(11) NOT NULL AUTO_INCREMENT,
  `price` varchar(30) DEFAULT NULL,
  `time` datetime DEFAULT NULL,
  PRIMARY KEY (`id`),
  UNIQUE KEY `time` (`time`)
) ENGINE=InnoDB AUTO_INCREMENT=213 DEFAULT CHARSET=utf8;

-- 正在导出表  yunlife.data_longyanxiang 的数据：~212 rows (大约)
/*!40000 ALTER TABLE `data_longyanxiang` DISABLE KEYS */;
INSERT INTO `data_longyanxiang` (`id`, `price`, `time`) VALUES
	(1, '7543', '2018-01-15 11:15:13'),
	(2, '7544', '2018-01-15 11:15:15'),
	(3, '7545', '2018-01-15 11:15:17'),
	(4, '7543', '2018-01-15 11:15:19'),
	(5, '7542', '2018-01-15 11:15:23'),
	(6, '7539', '2018-01-15 11:15:26'),
	(7, '7538', '2018-01-15 11:15:29'),
	(8, '7536', '2018-01-15 11:15:32'),
	(9, '7536', '2018-01-15 11:15:34'),
	(10, '7534', '2018-01-15 11:15:38'),
	(11, '7536', '2018-01-15 11:15:40'),
	(12, '7538', '2018-01-15 11:15:42'),
	(13, '7540', '2018-01-15 11:15:44'),
	(14, '7540', '2018-01-15 11:15:46'),
	(15, '7538', '2018-01-15 11:15:48'),
	(16, '7536', '2018-01-15 11:15:50'),
	(17, '7539', '2018-01-15 11:15:52'),
	(18, '7540', '2018-01-15 11:15:55'),
	(19, '7541', '2018-01-15 11:15:58'),
	(20, '7541', '2018-01-15 11:16:00'),
	(21, '7543', '2018-01-15 11:16:02'),
	(22, '7541', '2018-01-15 11:16:05'),
	(23, '7541', '2018-01-15 11:16:07'),
	(24, '7540', '2018-01-15 11:16:09'),
	(25, '7541', '2018-01-15 11:16:11'),
	(26, '7543', '2018-01-15 11:16:13'),
	(27, '7543', '2018-01-15 11:16:16'),
	(28, '7543', '2018-01-15 11:16:17'),
	(29, '7545', '2018-01-15 11:16:20'),
	(30, '7544', '2018-01-15 11:16:22'),
	(31, '7545', '2018-01-15 11:16:24'),
	(32, '7544', '2018-01-15 11:16:27'),
	(33, '7542', '2018-01-15 11:16:29'),
	(34, '7544', '2018-01-15 11:16:32'),
	(35, '7541', '2018-01-15 11:16:35'),
	(36, '7538', '2018-01-15 11:16:37'),
	(37, '7539', '2018-01-15 11:16:39'),
	(38, '7542', '2018-01-15 11:16:41'),
	(39, '7541', '2018-01-15 11:16:43'),
	(40, '7542', '2018-01-15 11:16:45'),
	(41, '7540', '2018-01-15 11:16:47'),
	(42, '7540', '2018-01-15 11:16:49'),
	(43, '7543', '2018-01-15 11:16:51'),
	(44, '7546', '2018-01-15 11:16:53'),
	(45, '7546', '2018-01-15 11:16:55'),
	(46, '7546', '2018-01-15 11:16:58'),
	(47, '7543', '2018-01-15 11:16:59'),
	(48, '7542', '2018-01-15 11:17:02'),
	(49, '7545', '2018-01-15 11:17:05'),
	(50, '7548', '2018-01-15 11:17:08'),
	(51, '7550', '2018-01-15 11:17:10'),
	(52, '7551', '2018-01-15 11:17:13'),
	(53, '7548', '2018-01-15 11:17:15'),
	(54, '7551', '2018-01-15 11:17:17'),
	(55, '7553', '2018-01-15 11:17:19'),
	(56, '7551', '2018-01-15 11:17:22'),
	(57, '7552', '2018-01-15 11:17:24'),
	(58, '7552', '2018-01-15 11:17:25'),
	(59, '7551', '2018-01-15 11:17:27'),
	(60, '7549', '2018-01-15 11:17:29'),
	(61, '7550', '2018-01-15 11:17:31'),
	(62, '7547', '2018-01-15 11:17:34'),
	(63, '7550', '2018-01-15 11:17:36'),
	(64, '7549', '2018-01-15 11:17:38'),
	(65, '7547', '2018-01-15 11:17:40'),
	(66, '7550', '2018-01-15 11:17:42'),
	(67, '7553', '2018-01-15 11:17:44'),
	(68, '7556', '2018-01-15 11:17:46'),
	(69, '7558', '2018-01-15 11:17:48'),
	(70, '7558', '2018-01-15 11:17:50'),
	(71, '7556', '2018-01-15 11:17:51'),
	(72, '7558', '2018-01-15 11:17:53'),
	(73, '7555', '2018-01-15 11:17:56'),
	(74, '7557', '2018-01-15 11:17:58'),
	(75, '7560', '2018-01-15 11:17:59'),
	(76, '7561', '2018-01-15 11:18:01'),
	(77, '7562', '2018-01-15 11:18:04'),
	(78, '7564', '2018-01-15 11:18:07'),
	(79, '7565', '2018-01-15 11:18:09'),
	(80, '7562', '2018-01-15 11:18:13'),
	(81, '7564', '2018-01-15 11:18:15'),
	(82, '7565', '2018-01-15 11:18:17'),
	(83, '7565', '2018-01-15 11:18:20'),
	(84, '7562', '2018-01-15 11:18:22'),
	(85, '7565', '2018-01-15 11:18:24'),
	(86, '7564', '2018-01-15 11:18:26'),
	(87, '7561', '2018-01-15 11:18:28'),
	(88, '7560', '2018-01-15 11:18:29'),
	(89, '7560', '2018-01-15 11:18:31'),
	(90, '7561', '2018-01-15 11:18:34'),
	(91, '7564', '2018-01-15 11:18:37'),
	(92, '7561', '2018-01-15 11:18:39'),
	(93, '7563', '2018-01-15 11:18:41'),
	(94, '7561', '2018-01-15 11:18:43'),
	(95, '7562', '2018-01-15 11:18:45'),
	(96, '7562', '2018-01-15 11:18:47'),
	(97, '7559', '2018-01-15 11:18:49'),
	(98, '7559', '2018-01-15 11:18:51'),
	(99, '7557', '2018-01-15 11:18:53'),
	(100, '7558', '2018-01-15 11:18:56'),
	(101, '7555', '2018-01-15 11:18:58'),
	(102, '7555', '2018-01-15 11:19:00'),
	(103, '7552', '2018-01-15 11:19:02'),
	(104, '7551', '2018-01-15 11:19:04'),
	(105, '7552', '2018-01-15 11:19:09'),
	(106, '7549', '2018-01-15 11:19:11'),
	(107, '7546', '2018-01-15 11:19:13'),
	(108, '7545', '2018-01-15 11:19:15'),
	(109, '7545', '2018-01-15 11:19:17'),
	(110, '7548', '2018-01-15 11:19:20'),
	(111, '7551', '2018-01-15 11:19:22'),
	(112, '7552', '2018-01-15 11:19:24'),
	(113, '7553', '2018-01-15 11:19:26'),
	(114, '7551', '2018-01-15 11:19:28'),
	(115, '7553', '2018-01-15 11:19:30'),
	(116, '7551', '2018-01-15 11:19:32'),
	(117, '7549', '2018-01-15 11:19:33'),
	(118, '7546', '2018-01-15 11:19:36'),
	(119, '7544', '2018-01-15 11:19:39'),
	(120, '7543', '2018-01-15 11:19:42'),
	(121, '7545', '2018-01-15 11:19:44'),
	(122, '7546', '2018-01-15 11:19:47'),
	(123, '7546', '2018-01-15 11:19:51'),
	(124, '7546', '2018-01-15 11:19:54'),
	(125, '7544', '2018-01-15 11:19:58'),
	(126, '7541', '2018-01-15 11:20:48'),
	(127, '7542', '2018-01-15 11:20:52'),
	(128, '7541', '2018-01-15 11:20:54'),
	(129, '7539', '2018-01-15 11:20:57'),
	(130, '7536', '2018-01-15 11:21:00'),
	(131, '7533', '2018-01-15 11:21:04'),
	(132, '7530', '2018-01-15 11:21:06'),
	(133, '7532', '2018-01-15 11:21:09'),
	(134, '7529', '2018-01-15 11:21:13'),
	(135, '7529', '2018-01-15 11:21:16'),
	(136, '7527', '2018-01-15 11:21:18'),
	(137, '7525', '2018-01-15 11:21:22'),
	(138, '7528', '2018-01-15 11:21:25'),
	(139, '7528', '2018-01-15 11:21:29'),
	(140, '7531', '2018-01-15 11:21:31'),
	(141, '7530', '2018-01-15 11:21:34'),
	(142, '7531', '2018-01-15 11:21:36'),
	(143, '7531', '2018-01-15 11:21:40'),
	(144, '7530', '2018-01-15 11:21:42'),
	(145, '7530', '2018-01-15 11:21:45'),
	(146, '7533', '2018-01-15 11:21:48'),
	(147, '7533', '2018-01-15 11:21:51'),
	(148, '7532', '2018-01-15 11:21:55'),
	(149, '7535', '2018-01-15 11:21:58'),
	(150, '7532', '2018-01-15 11:22:00'),
	(151, '7534', '2018-01-15 11:22:03'),
	(152, '7534', '2018-01-15 11:22:06'),
	(153, '7531', '2018-01-15 11:22:10'),
	(154, '7531', '2018-01-15 11:22:13'),
	(155, '7531', '2018-01-15 11:22:15'),
	(156, '7533', '2018-01-15 11:22:18'),
	(157, '7531', '2018-01-15 11:22:21'),
	(158, '7534', '2018-01-15 11:22:24'),
	(159, '7537', '2018-01-15 11:22:27'),
	(160, '7538', '2018-01-15 11:23:07'),
	(161, '7541', '2018-01-15 11:23:10'),
	(162, '7542', '2018-01-15 11:23:13'),
	(163, '7540', '2018-01-15 11:23:16'),
	(164, '7539', '2018-01-15 11:23:18'),
	(165, '7536', '2018-01-15 11:23:20'),
	(166, '7536', '2018-01-15 11:23:22'),
	(167, '7538', '2018-01-15 11:23:26'),
	(168, '7541', '2018-01-15 11:23:28'),
	(169, '7539', '2018-01-15 11:23:31'),
	(170, '7536', '2018-01-15 11:23:34'),
	(171, '7536', '2018-01-15 11:23:37'),
	(172, '7533', '2018-01-15 11:23:40'),
	(173, '7530', '2018-01-15 11:23:43'),
	(174, '7528', '2018-01-15 11:23:46'),
	(175, '7528', '2018-01-15 11:23:48'),
	(176, '7525', '2018-01-15 11:23:51'),
	(177, '7522', '2018-01-15 11:23:54'),
	(178, '7522', '2018-01-15 11:23:56'),
	(179, '7524', '2018-01-15 11:23:58'),
	(180, '7521', '2018-01-15 11:24:01'),
	(181, '7524', '2018-01-15 11:24:04'),
	(182, '7522', '2018-01-15 11:24:07'),
	(183, '7519', '2018-01-15 11:24:10'),
	(184, '7516', '2018-01-15 11:24:15'),
	(185, '7513', '2018-01-15 11:24:17'),
	(186, '7516', '2018-01-15 11:24:19'),
	(187, '7518', '2018-01-15 11:24:22'),
	(188, '7515', '2018-01-15 11:24:25'),
	(189, '7516', '2018-01-15 11:24:28'),
	(190, '7518', '2018-01-15 11:24:31'),
	(191, '7519', '2018-01-15 11:24:34'),
	(192, '7521', '2018-01-15 11:24:36'),
	(193, '7523', '2018-01-15 11:24:40'),
	(194, '7522', '2018-01-15 11:24:42'),
	(195, '7525', '2018-01-15 11:24:46'),
	(196, '7526', '2018-01-15 11:24:49'),
	(197, '7525', '2018-01-15 11:24:51'),
	(198, '7526', '2018-01-15 11:24:54'),
	(199, '7523', '2018-01-15 11:24:57'),
	(200, '7522', '2018-01-15 11:25:00'),
	(201, '7523', '2018-01-15 11:25:03'),
	(202, '7524', '2018-01-15 11:25:07'),
	(203, '7521', '2018-01-15 11:25:09'),
	(204, '7523', '2018-01-15 11:25:11'),
	(205, '7526', '2018-01-15 11:25:14'),
	(206, '7524', '2018-01-15 11:55:34'),
	(207, '7523', '2018-01-15 11:55:36'),
	(208, '7521', '2018-01-15 11:55:38'),
	(209, '7523', '2018-01-15 11:55:40'),
	(210, '7522', '2018-01-15 11:55:43'),
	(211, '7519', '2018-01-15 11:55:46'),
	(212, '7517', '2018-01-15 11:55:48');
/*!40000 ALTER TABLE `data_longyanxiang` ENABLE KEYS */;

-- 导出  表 yunlife.data_mila 结构
DROP TABLE IF EXISTS `data_mila`;
CREATE TABLE IF NOT EXISTS `data_mila` (
  `id` int(11) NOT NULL AUTO_INCREMENT,
  `price` varchar(30) DEFAULT NULL,
  `time` datetime DEFAULT NULL,
  PRIMARY KEY (`id`),
  UNIQUE KEY `time` (`time`)
) ENGINE=InnoDB AUTO_INCREMENT=212 DEFAULT CHARSET=utf8;

-- 正在导出表  yunlife.data_mila 的数据：~211 rows (大约)
/*!40000 ALTER TABLE `data_mila` DISABLE KEYS */;
INSERT INTO `data_mila` (`id`, `price`, `time`) VALUES
	(1, '-22', '2018-01-15 11:15:13'),
	(2, '-23', '2018-01-15 11:15:15'),
	(3, '-25', '2018-01-15 11:15:17'),
	(4, '-27', '2018-01-15 11:15:19'),
	(5, '-29', '2018-01-15 11:15:23'),
	(6, '-29', '2018-01-15 11:15:27'),
	(7, '-31', '2018-01-15 11:15:30'),
	(8, '-30', '2018-01-15 11:15:32'),
	(9, '-32', '2018-01-15 11:15:35'),
	(10, '-33', '2018-01-15 11:15:38'),
	(11, '-34', '2018-01-15 11:15:40'),
	(12, '-33', '2018-01-15 11:15:42'),
	(13, '-31', '2018-01-15 11:15:44'),
	(14, '-31', '2018-01-15 11:15:46'),
	(15, '-33', '2018-01-15 11:15:48'),
	(16, '-35', '2018-01-15 11:15:50'),
	(17, '-34', '2018-01-15 11:15:53'),
	(18, '-34', '2018-01-15 11:15:55'),
	(19, '-34', '2018-01-15 11:15:58'),
	(20, '-36', '2018-01-15 11:16:00'),
	(21, '-35', '2018-01-15 11:16:03'),
	(22, '-34', '2018-01-15 11:16:05'),
	(23, '-35', '2018-01-15 11:16:07'),
	(24, '-37', '2018-01-15 11:16:09'),
	(25, '-35', '2018-01-15 11:16:11'),
	(26, '-33', '2018-01-15 11:16:14'),
	(27, '-35', '2018-01-15 11:16:16'),
	(28, '-35', '2018-01-15 11:16:18'),
	(29, '-33', '2018-01-15 11:16:20'),
	(30, '-35', '2018-01-15 11:16:22'),
	(31, '-34', '2018-01-15 11:16:24'),
	(32, '-34', '2018-01-15 11:16:27'),
	(33, '-33', '2018-01-15 11:16:30'),
	(34, '-32', '2018-01-15 11:16:33'),
	(35, '-32', '2018-01-15 11:16:35'),
	(36, '-33', '2018-01-15 11:16:37'),
	(37, '-33', '2018-01-15 11:16:39'),
	(38, '-31', '2018-01-15 11:16:41'),
	(39, '-30', '2018-01-15 11:16:43'),
	(40, '-29', '2018-01-15 11:16:45'),
	(41, '-29', '2018-01-15 11:16:48'),
	(42, '-27', '2018-01-15 11:16:49'),
	(43, '-25', '2018-01-15 11:16:51'),
	(44, '-23', '2018-01-15 11:16:53'),
	(45, '-22', '2018-01-15 11:16:56'),
	(46, '-24', '2018-01-15 11:16:58'),
	(47, '-23', '2018-01-15 11:17:00'),
	(48, '-25', '2018-01-15 11:17:02'),
	(49, '-23', '2018-01-15 11:17:06'),
	(50, '-21', '2018-01-15 11:17:08'),
	(51, '-22', '2018-01-15 11:17:10'),
	(52, '-24', '2018-01-15 11:17:13'),
	(53, '-23', '2018-01-15 11:17:15'),
	(54, '-24', '2018-01-15 11:17:17'),
	(55, '-23', '2018-01-15 11:17:19'),
	(56, '-21', '2018-01-15 11:17:22'),
	(57, '-19', '2018-01-15 11:17:24'),
	(58, '-18', '2018-01-15 11:17:26'),
	(59, '-18', '2018-01-15 11:17:28'),
	(60, '-19', '2018-01-15 11:17:30'),
	(61, '-17', '2018-01-15 11:17:31'),
	(62, '-19', '2018-01-15 11:17:34'),
	(63, '-17', '2018-01-15 11:17:36'),
	(64, '-16', '2018-01-15 11:17:38'),
	(65, '-18', '2018-01-15 11:17:40'),
	(66, '-20', '2018-01-15 11:17:42'),
	(67, '-20', '2018-01-15 11:17:44'),
	(68, '-22', '2018-01-15 11:17:46'),
	(69, '-21', '2018-01-15 11:17:48'),
	(70, '-21', '2018-01-15 11:17:50'),
	(71, '-19', '2018-01-15 11:17:52'),
	(72, '-17', '2018-01-15 11:17:54'),
	(73, '-15', '2018-01-15 11:17:56'),
	(74, '-13', '2018-01-15 11:17:58'),
	(75, '-15', '2018-01-15 11:18:00'),
	(76, '-17', '2018-01-15 11:18:01'),
	(77, '-18', '2018-01-15 11:18:05'),
	(78, '-19', '2018-01-15 11:18:07'),
	(79, '-20', '2018-01-15 11:18:10'),
	(80, '-18', '2018-01-15 11:18:13'),
	(81, '-20', '2018-01-15 11:18:15'),
	(82, '-21', '2018-01-15 11:18:18'),
	(83, '-23', '2018-01-15 11:18:20'),
	(84, '-22', '2018-01-15 11:18:22'),
	(85, '-20', '2018-01-15 11:18:24'),
	(86, '-21', '2018-01-15 11:18:26'),
	(87, '-22', '2018-01-15 11:18:28'),
	(88, '-22', '2018-01-15 11:18:30'),
	(89, '-20', '2018-01-15 11:18:31'),
	(90, '-22', '2018-01-15 11:18:34'),
	(91, '-21', '2018-01-15 11:18:37'),
	(92, '-21', '2018-01-15 11:18:39'),
	(93, '-23', '2018-01-15 11:18:41'),
	(94, '-24', '2018-01-15 11:18:43'),
	(95, '-22', '2018-01-15 11:18:45'),
	(96, '-24', '2018-01-15 11:18:47'),
	(97, '-26', '2018-01-15 11:18:49'),
	(98, '-28', '2018-01-15 11:18:51'),
	(99, '-30', '2018-01-15 11:18:54'),
	(100, '-29', '2018-01-15 11:18:56'),
	(101, '-30', '2018-01-15 11:18:58'),
	(102, '-28', '2018-01-15 11:19:00'),
	(103, '-26', '2018-01-15 11:19:02'),
	(104, '-25', '2018-01-15 11:19:06'),
	(105, '-25', '2018-01-15 11:19:09'),
	(106, '-27', '2018-01-15 11:19:11'),
	(107, '-29', '2018-01-15 11:19:13'),
	(108, '-29', '2018-01-15 11:19:15'),
	(109, '-30', '2018-01-15 11:19:17'),
	(110, '-30', '2018-01-15 11:19:20'),
	(111, '-28', '2018-01-15 11:19:22'),
	(112, '-27', '2018-01-15 11:19:24'),
	(113, '-28', '2018-01-15 11:19:26'),
	(114, '-27', '2018-01-15 11:19:28'),
	(115, '-27', '2018-01-15 11:19:30'),
	(116, '-25', '2018-01-15 11:19:32'),
	(117, '-26', '2018-01-15 11:19:34'),
	(118, '-24', '2018-01-15 11:19:36'),
	(119, '-26', '2018-01-15 11:19:39'),
	(120, '-27', '2018-01-15 11:19:42'),
	(121, '-25', '2018-01-15 11:19:45'),
	(122, '-24', '2018-01-15 11:19:47'),
	(123, '-23', '2018-01-15 11:19:52'),
	(124, '-23', '2018-01-15 11:19:54'),
	(125, '-23', '2018-01-15 11:19:58'),
	(126, '-21', '2018-01-15 11:20:48'),
	(127, '-23', '2018-01-15 11:20:52'),
	(128, '-25', '2018-01-15 11:20:54'),
	(129, '-25', '2018-01-15 11:20:57'),
	(130, '-24', '2018-01-15 11:21:01'),
	(131, '-26', '2018-01-15 11:21:04'),
	(132, '-26', '2018-01-15 11:21:06'),
	(133, '-24', '2018-01-15 11:21:09'),
	(134, '-25', '2018-01-15 11:21:14'),
	(135, '-24', '2018-01-15 11:21:16'),
	(136, '-26', '2018-01-15 11:21:18'),
	(137, '-28', '2018-01-15 11:21:22'),
	(138, '-29', '2018-01-15 11:21:26'),
	(139, '-29', '2018-01-15 11:21:29'),
	(140, '-30', '2018-01-15 11:21:31'),
	(141, '-32', '2018-01-15 11:21:34'),
	(142, '-33', '2018-01-15 11:21:37'),
	(143, '-33', '2018-01-15 11:21:40'),
	(144, '-32', '2018-01-15 11:21:42'),
	(145, '-32', '2018-01-15 11:21:45'),
	(146, '-32', '2018-01-15 11:21:48'),
	(147, '-30', '2018-01-15 11:21:51'),
	(148, '-28', '2018-01-15 11:21:55'),
	(149, '-28', '2018-01-15 11:21:58'),
	(150, '-26', '2018-01-15 11:22:00'),
	(151, '-25', '2018-01-15 11:22:03'),
	(152, '-26', '2018-01-15 11:22:06'),
	(153, '-25', '2018-01-15 11:22:10'),
	(154, '-23', '2018-01-15 11:22:13'),
	(155, '-25', '2018-01-15 11:22:16'),
	(156, '-23', '2018-01-15 11:22:18'),
	(157, '-24', '2018-01-15 11:22:21'),
	(158, '-26', '2018-01-15 11:22:24'),
	(159, '-25', '2018-01-15 11:22:28'),
	(160, '-25', '2018-01-15 11:23:08'),
	(161, '-25', '2018-01-15 11:23:10'),
	(162, '-23', '2018-01-15 11:23:13'),
	(163, '-25', '2018-01-15 11:23:16'),
	(164, '-26', '2018-01-15 11:23:18'),
	(165, '-27', '2018-01-15 11:23:20'),
	(166, '-27', '2018-01-15 11:23:22'),
	(167, '-27', '2018-01-15 11:23:26'),
	(168, '-25', '2018-01-15 11:23:28'),
	(169, '-25', '2018-01-15 11:23:31'),
	(170, '-26', '2018-01-15 11:23:34'),
	(171, '-25', '2018-01-15 11:23:37'),
	(172, '-26', '2018-01-15 11:23:40'),
	(173, '-25', '2018-01-15 11:23:44'),
	(174, '-24', '2018-01-15 11:23:46'),
	(175, '-24', '2018-01-15 11:23:48'),
	(176, '-25', '2018-01-15 11:23:51'),
	(177, '-23', '2018-01-15 11:23:54'),
	(178, '-24', '2018-01-15 11:23:56'),
	(179, '-24', '2018-01-15 11:23:58'),
	(180, '-24', '2018-01-15 11:24:01'),
	(181, '-22', '2018-01-15 11:24:04'),
	(182, '-20', '2018-01-15 11:24:07'),
	(183, '-22', '2018-01-15 11:24:10'),
	(184, '-24', '2018-01-15 11:24:15'),
	(185, '-22', '2018-01-15 11:24:17'),
	(186, '-22', '2018-01-15 11:24:19'),
	(187, '-21', '2018-01-15 11:24:22'),
	(188, '-22', '2018-01-15 11:24:26'),
	(189, '-24', '2018-01-15 11:24:28'),
	(190, '-26', '2018-01-15 11:24:31'),
	(191, '-27', '2018-01-15 11:24:34'),
	(192, '-27', '2018-01-15 11:24:36'),
	(193, '-26', '2018-01-15 11:24:40'),
	(194, '-28', '2018-01-15 11:24:42'),
	(195, '-26', '2018-01-15 11:24:46'),
	(196, '-24', '2018-01-15 11:24:49'),
	(197, '-22', '2018-01-15 11:24:51'),
	(198, '-24', '2018-01-15 11:24:54'),
	(199, '-26', '2018-01-15 11:24:58'),
	(200, '-27', '2018-01-15 11:25:00'),
	(201, '-25', '2018-01-15 11:25:04'),
	(202, '-24', '2018-01-15 11:25:07'),
	(203, '-24', '2018-01-15 11:25:09'),
	(204, '-24', '2018-01-15 11:25:11'),
	(205, '-22', '2018-01-15 11:55:34'),
	(206, '-21', '2018-01-15 11:55:36'),
	(207, '-23', '2018-01-15 11:55:38'),
	(208, '-22', '2018-01-15 11:55:40'),
	(209, '-24', '2018-01-15 11:55:43'),
	(210, '-26', '2018-01-15 11:55:46'),
	(211, '-25', '2018-01-15 11:55:48');
/*!40000 ALTER TABLE `data_mila` ENABLE KEYS */;

-- 导出  表 yunlife.data_ng 结构
DROP TABLE IF EXISTS `data_ng`;
CREATE TABLE IF NOT EXISTS `data_ng` (
  `id` int(11) NOT NULL AUTO_INCREMENT,
  `price` varchar(30) DEFAULT NULL,
  `time` datetime DEFAULT NULL,
  PRIMARY KEY (`id`),
  UNIQUE KEY `time` (`time`)
) ENGINE=InnoDB AUTO_INCREMENT=281 DEFAULT CHARSET=utf8;

-- 正在导出表  yunlife.data_ng 的数据：~2 rows (大约)
/*!40000 ALTER TABLE `data_ng` DISABLE KEYS */;
INSERT INTO `data_ng` (`id`, `price`, `time`) VALUES
	(1, '3.150', '2018-01-15 15:53:51'),
	(2, '3.151', '2018-01-15 15:53:59'),
	(4, '3.151', '2018-01-15 15:54:05'),
	(5, '3.151', '2018-01-15 15:54:09'),
	(7, '3.149', '2018-01-15 15:54:15'),
	(9, '3.149', '2018-01-15 15:54:17'),
	(11, '3.150', '2018-01-15 15:54:22'),
	(13, '3.151', '2018-01-15 15:54:27'),
	(15, '3.149', '2018-01-15 15:54:35'),
	(17, '3.149', '2018-01-15 15:54:38'),
	(19, '3.150', '2018-01-15 15:54:44'),
	(21, '3.150', '2018-01-15 15:54:48'),
	(23, '3.150', '2018-01-15 15:54:55'),
	(25, '3.149', '2018-01-15 15:55:00'),
	(29, '3.149', '2018-01-15 15:55:15'),
	(30, '3.150', '2018-01-15 15:55:19'),
	(33, '3.151', '2018-01-15 15:55:30'),
	(35, '3.151', '2018-01-15 15:55:34'),
	(37, '3.151', '2018-01-15 15:55:40'),
	(39, '3.151', '2018-01-15 15:55:41'),
	(40, '3.152', '2018-01-15 15:55:45'),
	(41, '3.151', '2018-01-15 15:55:51'),
	(43, '3.151', '2018-01-15 15:56:03'),
	(45, '3.151', '2018-01-15 15:56:06'),
	(50, '3.151', '2018-01-15 15:56:22'),
	(51, '3.150', '2018-01-15 15:56:28'),
	(55, '3.149', '2018-01-15 15:56:37'),
	(74, '3.147', '2018-01-15 15:57:34'),
	(76, '3.147', '2018-01-15 15:57:41'),
	(79, '3.149', '2018-01-15 15:57:47'),
	(81, '3.149', '2018-01-15 15:57:51'),
	(83, '3.148', '2018-01-15 15:57:59'),
	(88, '3.147', '2018-01-15 15:58:12'),
	(92, '3.148', '2018-01-15 15:58:25'),
	(94, '3.148', '2018-01-15 15:58:26'),
	(96, '3.145', '2018-01-15 15:58:33'),
	(97, '3.146', '2018-01-15 15:58:38'),
	(99, '3.146', '2018-01-15 15:58:45'),
	(103, '3.147', '2018-01-15 15:58:52'),
	(107, '3.148', '2018-01-15 15:59:03'),
	(109, '3.149', '2018-01-15 15:59:06'),
	(111, '3.147', '2018-01-15 15:59:13'),
	(113, '3.146', '2018-01-15 15:59:16'),
	(119, '3.147', '2018-01-15 15:59:34'),
	(132, '3.148', '2018-01-15 16:00:09'),
	(134, '3.148', '2018-01-15 16:00:15'),
	(135, '3.148', '2018-01-15 16:00:20'),
	(137, '3.149', '2018-01-15 16:00:21'),
	(138, '3.148', '2018-01-15 16:00:30'),
	(139, '3.151', '2018-01-15 16:00:35'),
	(141, '3.151', '2018-01-15 16:00:39'),
	(144, '3.151', '2018-01-15 16:00:45'),
	(145, '3.151', '2018-01-15 16:00:50'),
	(147, '3.151', '2018-01-15 16:00:53'),
	(151, '3.153', '2018-01-15 16:01:07'),
	(152, '3.152', '2018-01-15 16:01:08'),
	(153, '3.153', '2018-01-15 16:01:11'),
	(155, '3.150', '2018-01-15 16:01:15'),
	(157, '3.152', '2018-01-15 16:01:21'),
	(159, '3.151', '2018-01-15 16:01:25'),
	(160, '3.149', '2018-01-15 16:01:32'),
	(161, '3.149', '2018-01-15 16:01:36'),
	(164, '3.149', '2018-01-15 16:01:40'),
	(165, '3.150', '2018-01-15 16:01:46'),
	(168, '3.152', '2018-01-15 16:01:56'),
	(172, '3.153', '2018-01-15 16:02:07'),
	(174, '3.152', '2018-01-15 16:02:11'),
	(176, '3.153', '2018-01-15 16:02:16'),
	(177, '3.154', '2018-01-15 16:02:21'),
	(178, '3.153', '2018-01-15 16:02:26'),
	(180, '3.153', '2018-01-15 16:02:30'),
	(182, '3.154', '2018-01-15 16:02:34'),
	(184, '3.153', '2018-01-15 16:02:41'),
	(186, '3.151', '2018-01-15 16:02:44'),
	(188, '3.151', '2018-01-15 16:02:51'),
	(191, '3.151', '2018-01-15 16:02:55'),
	(195, '3.151', '2018-01-15 16:03:08'),
	(197, '3.148', '2018-01-15 16:03:15'),
	(199, '3.148', '2018-01-15 16:03:20'),
	(201, '3.148', '2018-01-15 16:03:23'),
	(203, '3.148', '2018-01-15 16:03:28'),
	(209, '3.149', '2018-01-15 16:03:46'),
	(210, '3.149', '2018-01-15 16:03:48'),
	(212, '3.150', '2018-01-15 16:03:55'),
	(216, '3.147', '2018-01-15 16:04:06'),
	(220, '3.147', '2018-01-15 16:04:15'),
	(224, '3.147', '2018-01-15 16:04:25'),
	(227, '3.148', '2018-01-15 16:04:34'),
	(230, '3.149', '2018-01-15 16:04:41'),
	(232, '3.149', '2018-01-15 16:04:46'),
	(234, '3.148', '2018-01-15 16:04:51'),
	(240, '3.149', '2018-01-15 16:04:54'),
	(242, '3.148', '2018-01-15 16:05:09'),
	(254, '3.149', '2018-01-15 16:05:37'),
	(256, '3.149', '2018-01-15 16:05:46'),
	(266, '3.148', '2018-01-15 16:06:11'),
	(269, '3.149', '2018-01-15 16:06:22'),
	(277, '3.149', '2018-01-15 16:06:42'),
	(279, '3.149', '2018-01-15 16:06:43');
/*!40000 ALTER TABLE `data_ng` ENABLE KEYS */;

-- 导出  表 yunlife.data_usd 结构
DROP TABLE IF EXISTS `data_usd`;
CREATE TABLE IF NOT EXISTS `data_usd` (
  `id` int(11) NOT NULL AUTO_INCREMENT,
  `price` varchar(30) DEFAULT NULL,
  `time` datetime DEFAULT NULL,
  PRIMARY KEY (`id`),
  UNIQUE KEY `time` (`time`)
) ENGINE=InnoDB AUTO_INCREMENT=2932 DEFAULT CHARSET=utf8;

-- 正在导出表  yunlife.data_usd 的数据：~2,063 rows (大约)
/*!40000 ALTER TABLE `data_usd` DISABLE KEYS */;
INSERT INTO `data_usd` (`id`, `price`, `time`) VALUES
	(1, '90.854', '2018-01-15 11:22:11'),
	(4, '90.854', '2018-01-15 11:22:20'),
	(7, '90.86', '2018-01-15 11:22:30'),
	(8, '90.86', '2018-01-15 11:22:32'),
	(9, '90.86', '2018-01-15 11:22:36'),
	(11, '90.864', '2018-01-15 11:22:41'),
	(12, '90.86', '2018-01-15 11:22:44'),
	(13, '90.864', '2018-01-15 11:22:48'),
	(14, '90.865', '2018-01-15 11:22:52'),
	(17, '90.859', '2018-01-15 11:23:00'),
	(18, '90.859', '2018-01-15 11:23:02'),
	(19, '90.859', '2018-01-15 11:23:04'),
	(20, '90.859', '2018-01-15 11:23:08'),
	(21, '90.859', '2018-01-15 11:23:11'),
	(23, '90.859', '2018-01-15 11:23:19'),
	(24, '90.852', '2018-01-15 11:23:21'),
	(25, '90.852', '2018-01-15 11:23:22'),
	(26, '90.852', '2018-01-15 11:23:28'),
	(28, '90.852', '2018-01-15 11:23:31'),
	(29, '90.852', '2018-01-15 11:23:34'),
	(30, '90.852', '2018-01-15 11:23:37'),
	(33, '90.852', '2018-01-15 11:23:45'),
	(34, '90.852', '2018-01-15 11:23:50'),
	(35, '90.853', '2018-01-15 11:24:32'),
	(38, '90.853', '2018-01-15 11:24:42'),
	(40, '90.853', '2018-01-15 11:24:46'),
	(41, '90.848', '2018-01-15 11:24:50'),
	(43, '90.848', '2018-01-15 11:24:54'),
	(44, '90.848', '2018-01-15 11:24:57'),
	(45, '90.843', '2018-01-15 11:25:00'),
	(46, '90.847', '2018-01-15 11:25:04'),
	(47, '90.843', '2018-01-15 11:25:07'),
	(48, '90.843', '2018-01-15 11:25:08'),
	(49, '90.843', '2018-01-15 11:25:12'),
	(50, '90.847', '2018-01-15 11:25:15'),
	(51, '90.843', '2018-01-15 11:25:16'),
	(53, '90.847', '2018-01-15 11:25:21'),
	(54, '90.843', '2018-01-15 11:25:24'),
	(55, '90.843', '2018-01-15 11:25:26'),
	(59, '90.843', '2018-01-15 11:25:42'),
	(62, '90.843', '2018-01-15 11:25:51'),
	(63, '90.844', '2018-01-15 11:25:55'),
	(64, '90.844', '2018-01-15 11:25:57'),
	(65, '90.844', '2018-01-15 11:25:59'),
	(67, '90.843', '2018-01-15 11:26:05'),
	(68, '90.843', '2018-01-15 11:26:07'),
	(69, '90.838', '2018-01-15 11:26:11'),
	(71, '90.838', '2018-01-15 11:26:17'),
	(72, '90.838', '2018-01-15 11:26:21'),
	(73, '90.838', '2018-01-15 11:26:25'),
	(75, '90.838', '2018-01-15 11:26:29'),
	(76, '90.838', '2018-01-15 11:26:33'),
	(79, '90.834', '2018-01-15 11:56:43'),
	(80, '90.834', '2018-01-15 11:56:59'),
	(81, '90.834', '2018-01-15 11:57:01'),
	(83, '90.834', '2018-01-15 11:57:06'),
	(84, '90.834', '2018-01-15 11:57:09'),
	(85, '90.834', '2018-01-15 11:57:11'),
	(86, '90.706', '2018-01-15 13:59:27'),
	(87, '90.712', '2018-01-15 13:59:32'),
	(88, '90.713', '2018-01-15 13:59:34'),
	(89, '90.713', '2018-01-15 13:59:37'),
	(90, '90.711', '2018-01-15 13:59:38'),
	(91, '90.706', '2018-01-15 13:59:39'),
	(92, '90.706', '2018-01-15 13:59:43'),
	(93, '90.707', '2018-01-15 13:59:44'),
	(94, '90.714', '2018-01-15 13:59:48'),
	(95, '90.714', '2018-01-15 13:59:49'),
	(96, '90.713', '2018-01-15 13:59:50'),
	(98, '90.713', '2018-01-15 13:59:55'),
	(99, '90.714', '2018-01-15 13:59:58'),
	(100, '90.715', '2018-01-15 14:00:00'),
	(101, '90.715', '2018-01-15 14:00:02'),
	(104, '90.714', '2018-01-15 14:00:09'),
	(105, '90.714', '2018-01-15 14:00:10'),
	(106, '90.713', '2018-01-15 14:00:12'),
	(107, '90.713', '2018-01-15 14:00:16'),
	(108, '90.715', '2018-01-15 14:00:19'),
	(109, '90.715', '2018-01-15 14:00:21'),
	(110, '90.715', '2018-01-15 14:00:23'),
	(113, '90.72', '2018-01-15 14:00:29'),
	(115, '90.721', '2018-01-15 14:00:32'),
	(116, '90.72', '2018-01-15 14:00:35'),
	(117, '90.715', '2018-01-15 14:00:37'),
	(118, '90.71', '2018-01-15 14:00:39'),
	(119, '90.71', '2018-01-15 14:00:40'),
	(120, '90.714', '2018-01-15 14:00:43'),
	(121, '90.714', '2018-01-15 14:00:45'),
	(123, '90.715', '2018-01-15 14:00:49'),
	(125, '90.715', '2018-01-15 14:00:53'),
	(127, '90.716', '2018-01-15 14:00:56'),
	(128, '90.715', '2018-01-15 14:00:58'),
	(130, '90.715', '2018-01-15 14:01:03'),
	(131, '90.715', '2018-01-15 14:01:04'),
	(132, '90.715', '2018-01-15 14:01:08'),
	(133, '90.715', '2018-01-15 14:01:10'),
	(134, '90.715', '2018-01-15 14:01:12'),
	(135, '90.714', '2018-01-15 14:01:14'),
	(136, '90.714', '2018-01-15 14:01:16'),
	(137, '90.715', '2018-01-15 14:01:17'),
	(138, '90.715', '2018-01-15 14:01:19'),
	(139, '90.716', '2018-01-15 14:01:25'),
	(140, '90.716', '2018-01-15 14:01:26'),
	(141, '90.716', '2018-01-15 14:01:29'),
	(145, '90.72', '2018-01-15 14:01:39'),
	(146, '90.72', '2018-01-15 14:01:40'),
	(147, '90.72', '2018-01-15 14:01:43'),
	(149, '90.716', '2018-01-15 14:01:48'),
	(150, '90.716', '2018-01-15 14:01:49'),
	(152, '90.716', '2018-01-15 14:01:56'),
	(153, '90.72', '2018-01-15 14:01:57'),
	(154, '90.716', '2018-01-15 14:02:01'),
	(155, '90.716', '2018-01-15 14:02:04'),
	(156, '90.714', '2018-01-15 14:02:05'),
	(157, '90.714', '2018-01-15 14:02:07'),
	(158, '90.714', '2018-01-15 14:02:09'),
	(159, '90.715', '2018-01-15 14:02:12'),
	(160, '90.719', '2018-01-15 14:02:14'),
	(161, '90.719', '2018-01-15 14:02:16'),
	(164, '90.719', '2018-01-15 14:02:22'),
	(165, '90.714', '2018-01-15 14:02:23'),
	(166, '90.714', '2018-01-15 14:02:24'),
	(168, '90.714', '2018-01-15 14:02:29'),
	(169, '90.714', '2018-01-15 14:02:31'),
	(170, '90.71', '2018-01-15 14:02:33'),
	(171, '90.71', '2018-01-15 14:02:35'),
	(172, '90.704', '2018-01-15 14:02:38'),
	(173, '90.693', '2018-01-15 14:02:41'),
	(174, '90.697', '2018-01-15 14:02:44'),
	(175, '90.693', '2018-01-15 14:02:45'),
	(176, '90.694', '2018-01-15 14:02:47'),
	(177, '90.692', '2018-01-15 14:02:49'),
	(178, '90.692', '2018-01-15 14:02:54'),
	(179, '90.692', '2018-01-15 14:02:58'),
	(180, '90.688', '2018-01-15 14:03:00'),
	(181, '90.689', '2018-01-15 14:03:02'),
	(182, '90.689', '2018-01-15 14:03:06'),
	(183, '90.688', '2018-01-15 14:03:09'),
	(184, '90.681', '2018-01-15 14:03:11'),
	(185, '90.681', '2018-01-15 14:03:13'),
	(186, '90.681', '2018-01-15 14:03:15'),
	(187, '90.681', '2018-01-15 14:03:18'),
	(188, '90.681', '2018-01-15 14:03:20'),
	(190, '90.676', '2018-01-15 14:03:26'),
	(191, '90.676', '2018-01-15 14:03:28'),
	(192, '90.681', '2018-01-15 14:03:30'),
	(193, '90.685', '2018-01-15 14:03:32'),
	(194, '90.689', '2018-01-15 14:03:34'),
	(195, '90.69', '2018-01-15 14:03:36'),
	(196, '90.698', '2018-01-15 14:03:38'),
	(197, '90.701', '2018-01-15 14:03:40'),
	(198, '90.707', '2018-01-15 14:03:42'),
	(199, '90.703', '2018-01-15 14:03:45'),
	(200, '90.703', '2018-01-15 14:03:47'),
	(201, '90.698', '2018-01-15 14:03:49'),
	(202, '90.693', '2018-01-15 14:03:51'),
	(203, '90.692', '2018-01-15 14:03:53'),
	(205, '90.692', '2018-01-15 14:03:57'),
	(206, '90.691', '2018-01-15 14:03:59'),
	(207, '90.698', '2018-01-15 14:04:02'),
	(208, '90.703', '2018-01-15 14:04:04'),
	(209, '90.703', '2018-01-15 14:04:06'),
	(210, '90.698', '2018-01-15 14:04:08'),
	(211, '90.703', '2018-01-15 14:04:11'),
	(212, '90.703', '2018-01-15 14:04:13'),
	(213, '90.703', '2018-01-15 14:04:14'),
	(216, '90.703', '2018-01-15 14:04:20'),
	(217, '90.703', '2018-01-15 14:04:24'),
	(222, '90.703', '2018-01-15 14:04:34'),
	(223, '90.709', '2018-01-15 14:04:38'),
	(228, '90.703', '2018-01-15 14:04:47'),
	(229, '90.699', '2018-01-15 14:04:48'),
	(230, '90.703', '2018-01-15 14:04:51'),
	(231, '90.699', '2018-01-15 14:04:52'),
	(232, '90.7', '2018-01-15 14:04:55'),
	(233, '90.701', '2018-01-15 14:04:58'),
	(234, '90.7', '2018-01-15 14:05:00'),
	(235, '90.71', '2018-01-15 14:05:03'),
	(236, '90.709', '2018-01-15 14:05:04'),
	(238, '90.708', '2018-01-15 14:05:08'),
	(239, '90.709', '2018-01-15 14:05:13'),
	(240, '90.704', '2018-01-15 14:05:14'),
	(242, '90.704', '2018-01-15 14:05:18'),
	(243, '90.71', '2018-01-15 14:05:21'),
	(244, '90.709', '2018-01-15 14:05:25'),
	(245, '90.709', '2018-01-15 14:05:27'),
	(246, '90.709', '2018-01-15 14:05:29'),
	(247, '90.709', '2018-01-15 14:05:31'),
	(248, '90.708', '2018-01-15 14:05:32'),
	(249, '90.709', '2018-01-15 14:05:36'),
	(253, '90.709', '2018-01-15 14:05:45'),
	(254, '90.709', '2018-01-15 14:05:47'),
	(255, '90.71', '2018-01-15 14:05:53'),
	(256, '90.71', '2018-01-15 14:05:55'),
	(257, '90.709', '2018-01-15 14:05:56'),
	(258, '90.703', '2018-01-15 14:05:58'),
	(260, '90.703', '2018-01-15 14:06:03'),
	(261, '90.703', '2018-01-15 14:06:06'),
	(264, '90.703', '2018-01-15 14:06:11'),
	(266, '90.703', '2018-01-15 14:06:15'),
	(267, '90.689', '2018-01-15 14:06:17'),
	(268, '90.675', '2018-01-15 14:06:19'),
	(269, '90.681', '2018-01-15 14:06:21'),
	(270, '90.681', '2018-01-15 14:06:23'),
	(271, '90.686', '2018-01-15 14:06:27'),
	(272, '90.694', '2018-01-15 14:06:29'),
	(273, '90.694', '2018-01-15 14:06:31'),
	(274, '90.695', '2018-01-15 14:06:33'),
	(275, '90.699', '2018-01-15 14:06:36'),
	(277, '90.695', '2018-01-15 14:06:40'),
	(278, '90.693', '2018-01-15 14:06:41'),
	(279, '90.687', '2018-01-15 14:06:45'),
	(281, '90.688', '2018-01-15 14:06:51'),
	(282, '90.692', '2018-01-15 14:06:54'),
	(283, '90.692', '2018-01-15 14:06:55'),
	(284, '90.692', '2018-01-15 14:06:58'),
	(286, '90.692', '2018-01-15 14:07:02'),
	(288, '90.693', '2018-01-15 14:07:06'),
	(289, '90.694', '2018-01-15 14:07:08'),
	(290, '90.693', '2018-01-15 14:07:10'),
	(291, '90.693', '2018-01-15 14:07:11'),
	(292, '90.693', '2018-01-15 14:07:14'),
	(293, '90.693', '2018-01-15 14:07:17'),
	(294, '90.693', '2018-01-15 14:07:18'),
	(295, '90.697', '2018-01-15 14:07:21'),
	(296, '90.692', '2018-01-15 14:07:23'),
	(299, '90.697', '2018-01-15 14:07:30'),
	(301, '90.706', '2018-01-15 14:07:39'),
	(302, '90.707', '2018-01-15 14:07:40'),
	(303, '90.71', '2018-01-15 14:07:43'),
	(304, '90.712', '2018-01-15 14:07:45'),
	(305, '90.712', '2018-01-15 14:07:48'),
	(306, '90.712', '2018-01-15 14:07:50'),
	(307, '90.712', '2018-01-15 14:07:52'),
	(308, '90.708', '2018-01-15 14:07:56'),
	(309, '90.712', '2018-01-15 14:07:58'),
	(310, '90.712', '2018-01-15 14:08:00'),
	(311, '90.712', '2018-01-15 14:08:02'),
	(312, '90.712', '2018-01-15 14:08:06'),
	(313, '90.712', '2018-01-15 14:08:07'),
	(314, '90.719', '2018-01-15 14:08:10'),
	(315, '90.719', '2018-01-15 14:08:11'),
	(316, '90.718', '2018-01-15 14:08:14'),
	(317, '90.713', '2018-01-15 14:08:16'),
	(318, '90.712', '2018-01-15 14:08:18'),
	(319, '90.712', '2018-01-15 14:08:21'),
	(320, '90.713', '2018-01-15 14:08:23'),
	(321, '90.713', '2018-01-15 14:08:24'),
	(323, '90.713', '2018-01-15 14:08:30'),
	(324, '90.71', '2018-01-15 14:08:32'),
	(325, '90.714', '2018-01-15 14:08:33'),
	(326, '90.713', '2018-01-15 14:08:36'),
	(327, '90.717', '2018-01-15 14:08:38'),
	(328, '90.712', '2018-01-15 14:08:41'),
	(330, '90.712', '2018-01-15 14:08:44'),
	(331, '90.714', '2018-01-15 14:08:46'),
	(332, '90.713', '2018-01-15 14:08:49'),
	(333, '90.714', '2018-01-15 14:08:50'),
	(335, '90.718', '2018-01-15 14:08:56'),
	(336, '90.719', '2018-01-15 14:08:58'),
	(339, '90.719', '2018-01-15 14:09:02'),
	(340, '90.721', '2018-01-15 14:09:05'),
	(342, '90.723', '2018-01-15 14:09:10'),
	(344, '90.723', '2018-01-15 14:09:14'),
	(345, '90.73', '2018-01-15 14:09:16'),
	(346, '90.73', '2018-01-15 14:09:18'),
	(347, '90.738', '2018-01-15 14:09:21'),
	(348, '90.732', '2018-01-15 14:09:25'),
	(349, '90.729', '2018-01-15 14:09:27'),
	(350, '90.73', '2018-01-15 14:09:29'),
	(351, '90.734', '2018-01-15 14:09:31'),
	(352, '90.729', '2018-01-15 14:09:33'),
	(353, '90.735', '2018-01-15 14:09:36'),
	(354, '90.735', '2018-01-15 14:09:37'),
	(355, '90.737', '2018-01-15 14:09:40'),
	(356, '90.737', '2018-01-15 14:09:42'),
	(357, '90.736', '2018-01-15 14:09:44'),
	(360, '90.741', '2018-01-15 14:09:50'),
	(361, '90.742', '2018-01-15 14:09:51'),
	(363, '90.746', '2018-01-15 14:09:55'),
	(364, '90.729', '2018-01-15 14:09:58'),
	(365, '90.73', '2018-01-15 14:10:00'),
	(366, '90.735', '2018-01-15 14:10:10'),
	(367, '90.735', '2018-01-15 14:10:12'),
	(369, '90.735', '2018-01-15 14:10:16'),
	(370, '90.728', '2018-01-15 14:10:19'),
	(371, '90.732', '2018-01-15 14:10:21'),
	(373, '90.732', '2018-01-15 14:10:24'),
	(374, '90.732', '2018-01-15 14:10:27'),
	(377, '90.732', '2018-01-15 14:10:33'),
	(378, '90.732', '2018-01-15 14:10:34'),
	(379, '90.728', '2018-01-15 14:10:35'),
	(380, '90.728', '2018-01-15 14:10:39'),
	(381, '90.728', '2018-01-15 14:10:41'),
	(382, '90.723', '2018-01-15 14:11:19'),
	(383, '90.728', '2018-01-15 14:11:21'),
	(386, '90.722', '2018-01-15 14:11:28'),
	(387, '90.72', '2018-01-15 14:11:30'),
	(388, '90.71', '2018-01-15 14:11:32'),
	(389, '90.712', '2018-01-15 14:11:33'),
	(390, '90.708', '2018-01-15 14:11:36'),
	(391, '90.709', '2018-01-15 14:11:37'),
	(392, '90.71', '2018-01-15 14:11:40'),
	(393, '90.709', '2018-01-15 14:11:41'),
	(396, '90.708', '2018-01-15 14:11:49'),
	(400, '90.697', '2018-01-15 14:11:58'),
	(401, '90.699', '2018-01-15 14:12:00'),
	(402, '90.7', '2018-01-15 14:12:06'),
	(403, '90.705', '2018-01-15 14:12:08'),
	(404, '90.706', '2018-01-15 14:12:10'),
	(405, '90.706', '2018-01-15 14:12:12'),
	(406, '90.713', '2018-01-15 14:12:14'),
	(407, '90.707', '2018-01-15 14:12:15'),
	(408, '90.707', '2018-01-15 14:12:17'),
	(409, '90.706', '2018-01-15 14:12:20'),
	(410, '90.711', '2018-01-15 14:12:22'),
	(411, '90.711', '2018-01-15 14:12:23'),
	(412, '90.712', '2018-01-15 14:12:26'),
	(413, '90.713', '2018-01-15 14:12:30'),
	(414, '90.715', '2018-01-15 14:12:33'),
	(415, '90.715', '2018-01-15 14:12:34'),
	(416, '90.719', '2018-01-15 14:12:36'),
	(417, '90.719', '2018-01-15 14:12:37'),
	(418, '90.719', '2018-01-15 14:12:40'),
	(419, '90.72', '2018-01-15 14:12:43'),
	(420, '90.724', '2018-01-15 14:12:45'),
	(421, '90.724', '2018-01-15 14:12:49'),
	(422, '90.723', '2018-01-15 14:12:54'),
	(423, '90.724', '2018-01-15 14:12:56'),
	(424, '90.724', '2018-01-15 14:12:58'),
	(425, '90.722', '2018-01-15 14:13:02'),
	(426, '90.722', '2018-01-15 14:13:03'),
	(427, '90.717', '2018-01-15 14:13:06'),
	(428, '90.721', '2018-01-15 14:13:08'),
	(429, '90.723', '2018-01-15 14:13:09'),
	(430, '90.729', '2018-01-15 14:13:12'),
	(431, '90.724', '2018-01-15 14:13:14'),
	(432, '90.723', '2018-01-15 14:13:17'),
	(433, '90.722', '2018-01-15 14:13:18'),
	(434, '90.723', '2018-01-15 14:13:21'),
	(435, '90.723', '2018-01-15 14:13:23'),
	(436, '90.728', '2018-01-15 14:13:25'),
	(437, '90.729', '2018-01-15 14:13:26'),
	(438, '90.729', '2018-01-15 14:13:29'),
	(439, '90.729', '2018-01-15 14:13:31'),
	(443, '90.73', '2018-01-15 14:13:39'),
	(444, '90.735', '2018-01-15 14:13:42'),
	(445, '90.736', '2018-01-15 14:13:43'),
	(446, '90.736', '2018-01-15 14:13:44'),
	(448, '90.732', '2018-01-15 14:13:49'),
	(450, '90.732', '2018-01-15 14:13:53'),
	(451, '90.732', '2018-01-15 14:13:55'),
	(452, '90.732', '2018-01-15 14:13:57'),
	(453, '90.732', '2018-01-15 14:13:59'),
	(455, '90.732', '2018-01-15 14:14:05'),
	(456, '90.732', '2018-01-15 14:14:07'),
	(457, '90.731', '2018-01-15 14:14:08'),
	(461, '90.731', '2018-01-15 14:14:17'),
	(462, '90.726', '2018-01-15 14:14:19'),
	(464, '90.725', '2018-01-15 14:14:28'),
	(465, '90.725', '2018-01-15 14:14:29'),
	(466, '90.725', '2018-01-15 14:14:33'),
	(469, '90.725', '2018-01-15 14:14:42'),
	(471, '90.73', '2018-01-15 14:14:48'),
	(472, '90.73', '2018-01-15 14:14:50'),
	(473, '90.73', '2018-01-15 14:14:51'),
	(476, '90.73', '2018-01-15 14:14:58'),
	(477, '90.726', '2018-01-15 14:15:00'),
	(478, '90.726', '2018-01-15 14:15:03'),
	(480, '90.727', '2018-01-15 14:15:08'),
	(481, '90.731', '2018-01-15 14:15:10'),
	(482, '90.727', '2018-01-15 14:15:12'),
	(483, '90.727', '2018-01-15 14:15:16'),
	(485, '90.721', '2018-01-15 14:15:20'),
	(486, '90.727', '2018-01-15 14:15:22'),
	(487, '90.722', '2018-01-15 14:15:24'),
	(488, '90.725', '2018-01-15 14:15:25'),
	(489, '90.72', '2018-01-15 14:15:27'),
	(490, '90.721', '2018-01-15 14:15:29'),
	(492, '90.72', '2018-01-15 14:15:33'),
	(493, '90.726', '2018-01-15 14:15:35'),
	(494, '90.726', '2018-01-15 14:15:38'),
	(495, '90.72', '2018-01-15 14:15:41'),
	(496, '90.725', '2018-01-15 14:15:44'),
	(497, '90.726', '2018-01-15 14:15:47'),
	(498, '90.727', '2018-01-15 14:15:49'),
	(499, '90.721', '2018-01-15 14:15:51'),
	(501, '90.721', '2018-01-15 14:15:55'),
	(502, '90.724', '2018-01-15 14:15:58'),
	(503, '90.715', '2018-01-15 14:15:59'),
	(505, '90.714', '2018-01-15 14:16:03'),
	(506, '90.714', '2018-01-15 14:16:06'),
	(507, '90.714', '2018-01-15 14:16:07'),
	(508, '90.714', '2018-01-15 14:16:11'),
	(509, '90.714', '2018-01-15 14:16:12'),
	(511, '90.715', '2018-01-15 14:16:17'),
	(512, '90.715', '2018-01-15 14:16:19'),
	(516, '90.715', '2018-01-15 14:16:28'),
	(519, '90.715', '2018-01-15 14:16:33'),
	(520, '90.715', '2018-01-15 14:16:36'),
	(521, '90.72', '2018-01-15 14:16:38'),
	(522, '90.721', '2018-01-15 14:16:39'),
	(523, '90.721', '2018-01-15 14:16:42'),
	(524, '90.721', '2018-01-15 14:16:44'),
	(525, '90.721', '2018-01-15 14:16:45'),
	(526, '90.722', '2018-01-15 14:16:47'),
	(527, '90.721', '2018-01-15 14:16:49'),
	(529, '90.721', '2018-01-15 14:16:54'),
	(530, '90.722', '2018-01-15 14:16:57'),
	(531, '90.717', '2018-01-15 14:16:59'),
	(532, '90.71', '2018-01-15 14:17:01'),
	(535, '90.716', '2018-01-15 14:17:07'),
	(536, '90.715', '2018-01-15 14:17:09'),
	(537, '90.716', '2018-01-15 14:17:10'),
	(538, '90.715', '2018-01-15 14:17:12'),
	(540, '90.72', '2018-01-15 14:17:17'),
	(541, '90.72', '2018-01-15 14:17:19'),
	(545, '90.722', '2018-01-15 14:17:27'),
	(546, '90.721', '2018-01-15 14:17:29'),
	(547, '90.722', '2018-01-15 14:17:31'),
	(548, '90.726', '2018-01-15 14:17:34'),
	(549, '90.727', '2018-01-15 14:17:35'),
	(550, '90.727', '2018-01-15 14:17:38'),
	(551, '90.727', '2018-01-15 14:17:40'),
	(552, '90.726', '2018-01-15 14:17:43'),
	(553, '90.72', '2018-01-15 14:17:45'),
	(554, '90.725', '2018-01-15 14:17:49'),
	(555, '90.727', '2018-01-15 14:17:53'),
	(556, '90.727', '2018-01-15 14:17:55'),
	(557, '90.727', '2018-01-15 14:17:58'),
	(559, '90.721', '2018-01-15 14:18:02'),
	(560, '90.721', '2018-01-15 14:18:05'),
	(561, '90.721', '2018-01-15 14:18:06'),
	(562, '90.722', '2018-01-15 14:18:08'),
	(563, '90.721', '2018-01-15 14:18:11'),
	(565, '90.717', '2018-01-15 14:18:16'),
	(567, '90.716', '2018-01-15 14:18:20'),
	(569, '90.716', '2018-01-15 14:18:25'),
	(571, '90.721', '2018-01-15 14:18:30'),
	(572, '90.723', '2018-01-15 14:18:32'),
	(573, '90.727', '2018-01-15 14:18:35'),
	(574, '90.729', '2018-01-15 14:18:37'),
	(575, '90.728', '2018-01-15 14:18:38'),
	(578, '90.728', '2018-01-15 14:18:45'),
	(586, '90.722', '2018-01-15 14:19:05'),
	(587, '90.722', '2018-01-15 14:19:06'),
	(588, '90.723', '2018-01-15 14:19:11'),
	(589, '90.729', '2018-01-15 14:19:13'),
	(590, '90.729', '2018-01-15 14:19:14'),
	(591, '90.733', '2018-01-15 14:19:16'),
	(592, '90.733', '2018-01-15 14:19:18'),
	(593, '90.733', '2018-01-15 14:19:22'),
	(594, '90.733', '2018-01-15 14:19:28'),
	(597, '90.733', '2018-01-15 14:19:34'),
	(598, '90.734', '2018-01-15 14:19:38'),
	(599, '90.736', '2018-01-15 14:19:41'),
	(600, '90.74', '2018-01-15 14:19:44'),
	(601, '90.741', '2018-01-15 14:19:47'),
	(603, '90.74', '2018-01-15 14:19:51'),
	(605, '90.74', '2018-01-15 14:19:56'),
	(606, '90.74', '2018-01-15 14:19:59'),
	(607, '90.74', '2018-01-15 14:20:01'),
	(608, '90.74', '2018-01-15 14:20:05'),
	(609, '90.74', '2018-01-15 14:20:07'),
	(610, '90.744', '2018-01-15 14:20:08'),
	(611, '90.744', '2018-01-15 14:20:14'),
	(613, '90.744', '2018-01-15 14:20:20'),
	(614, '90.744', '2018-01-15 14:20:23'),
	(615, '90.744', '2018-01-15 14:20:29'),
	(616, '90.744', '2018-01-15 14:20:33'),
	(617, '90.749', '2018-01-15 14:20:41'),
	(618, '90.75', '2018-01-15 14:20:45'),
	(619, '90.75', '2018-01-15 14:20:50'),
	(620, '90.754', '2018-01-15 14:20:57'),
	(621, '90.757', '2018-01-15 14:21:06'),
	(622, '90.757', '2018-01-15 14:21:08'),
	(623, '90.757', '2018-01-15 14:21:12'),
	(624, '90.757', '2018-01-15 14:21:15'),
	(625, '90.756', '2018-01-15 14:21:18'),
	(626, '90.757', '2018-01-15 14:21:20'),
	(627, '90.761', '2018-01-15 14:21:22'),
	(628, '90.765', '2018-01-15 14:21:27'),
	(629, '90.76', '2018-01-15 14:21:29'),
	(630, '90.765', '2018-01-15 14:21:36'),
	(631, '90.774', '2018-01-15 14:21:42'),
	(632, '90.779', '2018-01-15 14:21:45'),
	(633, '90.778', '2018-01-15 14:21:49'),
	(634, '90.779', '2018-01-15 14:21:51'),
	(635, '90.778', '2018-01-15 14:21:53'),
	(636, '90.776', '2018-01-15 14:21:56'),
	(637, '90.783', '2018-01-15 14:21:58'),
	(638, '90.781', '2018-01-15 14:22:02'),
	(639, '90.776', '2018-01-15 14:22:08'),
	(640, '90.772', '2018-01-15 14:22:12'),
	(642, '90.771', '2018-01-15 14:22:16'),
	(643, '90.779', '2018-01-15 14:22:19'),
	(644, '90.78', '2018-01-15 14:22:21'),
	(645, '90.773', '2018-01-15 14:22:24'),
	(646, '90.773', '2018-01-15 14:22:26'),
	(648, '90.773', '2018-01-15 14:22:31'),
	(649, '90.787', '2018-01-15 14:22:34'),
	(650, '90.787', '2018-01-15 14:22:36'),
	(651, '90.8', '2018-01-15 14:22:39'),
	(652, '90.807', '2018-01-15 14:22:41'),
	(653, '90.8', '2018-01-15 14:22:44'),
	(654, '90.799', '2018-01-15 14:22:46'),
	(655, '90.794', '2018-01-15 14:22:49'),
	(656, '90.794', '2018-01-15 14:22:50'),
	(657, '90.799', '2018-01-15 14:22:53'),
	(658, '90.788', '2018-01-15 14:22:55'),
	(659, '90.794', '2018-01-15 14:22:59'),
	(660, '90.794', '2018-01-15 14:23:01'),
	(661, '90.799', '2018-01-15 14:23:04'),
	(663, '90.799', '2018-01-15 14:23:09'),
	(664, '90.799', '2018-01-15 14:23:11'),
	(665, '90.8', '2018-01-15 14:23:12'),
	(666, '90.794', '2018-01-15 14:23:15'),
	(667, '90.8', '2018-01-15 14:23:18'),
	(668, '90.8', '2018-01-15 14:23:21'),
	(669, '90.798', '2018-01-15 14:23:26'),
	(670, '90.794', '2018-01-15 14:23:29'),
	(671, '90.794', '2018-01-15 14:23:31'),
	(672, '90.805', '2018-01-15 14:23:34'),
	(673, '90.799', '2018-01-15 14:23:37'),
	(674, '90.793', '2018-01-15 14:23:39'),
	(675, '90.793', '2018-01-15 14:23:42'),
	(676, '90.793', '2018-01-15 14:23:44'),
	(677, '90.793', '2018-01-15 14:23:46'),
	(678, '90.793', '2018-01-15 14:23:48'),
	(682, '90.793', '2018-01-15 14:23:58'),
	(683, '90.793', '2018-01-15 14:24:01'),
	(684, '90.793', '2018-01-15 14:24:04'),
	(686, '90.797', '2018-01-15 14:24:07'),
	(687, '90.793', '2018-01-15 14:24:13'),
	(688, '90.793', '2018-01-15 14:24:14'),
	(689, '90.793', '2018-01-15 14:24:17'),
	(690, '90.796', '2018-01-15 14:24:19'),
	(691, '90.796', '2018-01-15 14:24:23'),
	(692, '90.797', '2018-01-15 14:24:25'),
	(693, '90.798', '2018-01-15 14:24:27'),
	(695, '90.793', '2018-01-15 14:24:34'),
	(696, '90.794', '2018-01-15 14:24:36'),
	(697, '90.787', '2018-01-15 14:24:41'),
	(698, '90.785', '2018-01-15 14:24:43'),
	(699, '90.786', '2018-01-15 14:24:46'),
	(700, '90.786', '2018-01-15 14:24:47'),
	(701, '90.786', '2018-01-15 14:24:50'),
	(702, '90.786', '2018-01-15 14:24:52'),
	(703, '90.786', '2018-01-15 14:24:54'),
	(704, '90.786', '2018-01-15 14:24:57'),
	(705, '90.785', '2018-01-15 14:25:00'),
	(706, '90.785', '2018-01-15 14:25:01'),
	(707, '90.785', '2018-01-15 14:25:04'),
	(708, '90.781', '2018-01-15 14:25:07'),
	(710, '90.779', '2018-01-15 14:25:12'),
	(712, '90.778', '2018-01-15 14:25:16'),
	(713, '90.778', '2018-01-15 14:25:18'),
	(714, '90.779', '2018-01-15 14:25:21'),
	(715, '90.774', '2018-01-15 14:25:23'),
	(716, '90.773', '2018-01-15 14:25:26'),
	(717, '90.773', '2018-01-15 14:25:28'),
	(718, '90.772', '2018-01-15 14:25:29'),
	(719, '90.773', '2018-01-15 14:25:34'),
	(721, '90.772', '2018-01-15 14:25:39'),
	(722, '90.763', '2018-01-15 14:25:44'),
	(723, '90.763', '2018-01-15 14:25:47'),
	(724, '90.763', '2018-01-15 14:25:49'),
	(725, '90.763', '2018-01-15 14:25:52'),
	(726, '90.762', '2018-01-15 14:25:54'),
	(727, '90.761', '2018-01-15 14:25:57'),
	(728, '90.762', '2018-01-15 14:25:59'),
	(729, '90.762', '2018-01-15 14:26:01'),
	(732, '90.768', '2018-01-15 14:26:14'),
	(733, '90.769', '2018-01-15 14:26:19'),
	(734, '90.774', '2018-01-15 14:26:23'),
	(735, '90.773', '2018-01-15 14:26:27'),
	(736, '90.768', '2018-01-15 14:26:32'),
	(737, '90.767', '2018-01-15 14:26:33'),
	(738, '90.772', '2018-01-15 14:26:37'),
	(739, '90.767', '2018-01-15 14:26:39'),
	(740, '90.772', '2018-01-15 14:26:41'),
	(741, '90.767', '2018-01-15 14:26:44'),
	(742, '90.772', '2018-01-15 14:26:47'),
	(744, '90.773', '2018-01-15 14:26:51'),
	(745, '90.773', '2018-01-15 14:26:53'),
	(746, '90.764', '2018-01-15 14:26:57'),
	(747, '90.764', '2018-01-15 14:26:59'),
	(748, '90.768', '2018-01-15 14:27:00'),
	(751, '90.769', '2018-01-15 14:27:08'),
	(752, '90.764', '2018-01-15 14:27:14'),
	(753, '90.763', '2018-01-15 14:27:17'),
	(754, '90.764', '2018-01-15 14:27:22'),
	(756, '90.764', '2018-01-15 14:27:27'),
	(757, '90.764', '2018-01-15 14:27:29'),
	(758, '90.768', '2018-01-15 14:27:30'),
	(759, '90.768', '2018-01-15 14:27:32'),
	(760, '90.763', '2018-01-15 14:27:36'),
	(764, '90.763', '2018-01-15 14:27:46'),
	(765, '90.763', '2018-01-15 14:27:48'),
	(766, '90.763', '2018-01-15 14:27:49'),
	(767, '90.763', '2018-01-15 14:27:53'),
	(769, '90.763', '2018-01-15 14:27:56'),
	(770, '90.763', '2018-01-15 14:28:04'),
	(771, '90.764', '2018-01-15 14:28:07'),
	(772, '90.764', '2018-01-15 14:28:10'),
	(773, '90.76', '2018-01-15 14:28:13'),
	(774, '90.76', '2018-01-15 14:28:15'),
	(779, '90.76', '2018-01-15 14:28:26'),
	(780, '90.76', '2018-01-15 14:28:29'),
	(781, '90.76', '2018-01-15 14:28:32'),
	(782, '90.754', '2018-01-15 14:28:35'),
	(783, '90.754', '2018-01-15 14:28:37'),
	(784, '90.754', '2018-01-15 14:28:40'),
	(786, '90.752', '2018-01-15 14:28:45'),
	(787, '90.748', '2018-01-15 14:28:47'),
	(788, '90.748', '2018-01-15 14:28:50'),
	(789, '90.742', '2018-01-15 14:28:52'),
	(790, '90.752', '2018-01-15 14:28:58'),
	(791, '90.757', '2018-01-15 14:29:01'),
	(792, '90.757', '2018-01-15 14:29:04'),
	(793, '90.762', '2018-01-15 14:29:06'),
	(794, '90.758', '2018-01-15 14:29:09'),
	(795, '90.763', '2018-01-15 14:29:10'),
	(796, '90.763', '2018-01-15 14:29:12'),
	(797, '90.758', '2018-01-15 14:29:16'),
	(799, '90.758', '2018-01-15 14:29:21'),
	(800, '90.753', '2018-01-15 14:29:22'),
	(801, '90.758', '2018-01-15 14:29:26'),
	(802, '90.758', '2018-01-15 14:29:27'),
	(803, '90.758', '2018-01-15 14:29:29'),
	(804, '90.762', '2018-01-15 14:29:31'),
	(805, '90.762', '2018-01-15 14:29:35'),
	(806, '90.763', '2018-01-15 14:29:37'),
	(807, '90.763', '2018-01-15 14:29:39'),
	(808, '90.763', '2018-01-15 14:29:42'),
	(809, '90.763', '2018-01-15 14:29:44'),
	(810, '90.763', '2018-01-15 14:29:45'),
	(811, '90.762', '2018-01-15 14:29:50'),
	(812, '90.762', '2018-01-15 14:29:52'),
	(813, '90.762', '2018-01-15 14:29:54'),
	(814, '90.762', '2018-01-15 14:29:57'),
	(815, '90.761', '2018-01-15 14:30:00'),
	(816, '90.761', '2018-01-15 14:30:02'),
	(817, '90.766', '2018-01-15 14:30:05'),
	(818, '90.767', '2018-01-15 14:30:07'),
	(819, '90.766', '2018-01-15 14:30:10'),
	(820, '90.766', '2018-01-15 14:30:11'),
	(821, '90.762', '2018-01-15 14:30:14'),
	(822, '90.766', '2018-01-15 14:30:17'),
	(823, '90.766', '2018-01-15 14:30:22'),
	(824, '90.767', '2018-01-15 14:30:24'),
	(825, '90.768', '2018-01-15 14:30:32'),
	(826, '90.772', '2018-01-15 14:30:34'),
	(828, '90.775', '2018-01-15 14:30:40'),
	(829, '90.774', '2018-01-15 14:30:42'),
	(830, '90.774', '2018-01-15 14:30:43'),
	(831, '90.77', '2018-01-15 14:30:47'),
	(832, '90.771', '2018-01-15 14:30:50'),
	(833, '90.77', '2018-01-15 14:30:52'),
	(834, '90.769', '2018-01-15 14:30:55'),
	(835, '90.769', '2018-01-15 14:30:57'),
	(837, '90.775', '2018-01-15 14:31:03'),
	(840, '90.775', '2018-01-15 14:31:08'),
	(842, '90.776', '2018-01-15 14:31:13'),
	(843, '90.776', '2018-01-15 14:31:16'),
	(847, '90.776', '2018-01-15 14:31:24'),
	(850, '90.776', '2018-01-15 14:31:31'),
	(851, '90.776', '2018-01-15 14:31:33'),
	(852, '90.776', '2018-01-15 14:31:35'),
	(853, '90.777', '2018-01-15 14:31:39'),
	(854, '90.777', '2018-01-15 14:31:40'),
	(855, '90.77', '2018-01-15 14:31:48'),
	(856, '90.769', '2018-01-15 14:31:49'),
	(857, '90.769', '2018-01-15 14:31:52'),
	(858, '90.769', '2018-01-15 14:31:55'),
	(859, '90.76', '2018-01-15 14:31:57'),
	(860, '90.759', '2018-01-15 14:31:58'),
	(861, '90.759', '2018-01-15 14:32:01'),
	(862, '90.759', '2018-01-15 14:32:07'),
	(863, '90.758', '2018-01-15 14:32:08'),
	(864, '90.758', '2018-01-15 14:32:10'),
	(865, '90.763', '2018-01-15 14:32:14'),
	(866, '90.762', '2018-01-15 14:32:17'),
	(867, '90.763', '2018-01-15 14:32:19'),
	(868, '90.763', '2018-01-15 14:32:20'),
	(869, '90.763', '2018-01-15 14:32:22'),
	(870, '90.763', '2018-01-15 14:32:27'),
	(871, '90.762', '2018-01-15 14:32:29'),
	(877, '90.763', '2018-01-15 14:32:43'),
	(878, '90.768', '2018-01-15 14:32:46'),
	(879, '90.768', '2018-01-15 14:32:48'),
	(880, '90.768', '2018-01-15 14:32:51'),
	(881, '90.764', '2018-01-15 14:32:53'),
	(884, '90.765', '2018-01-15 14:33:00'),
	(885, '90.765', '2018-01-15 14:33:02'),
	(886, '90.769', '2018-01-15 14:33:04'),
	(887, '90.769', '2018-01-15 14:33:05'),
	(888, '90.769', '2018-01-15 14:33:10'),
	(890, '90.769', '2018-01-15 14:33:15'),
	(892, '90.771', '2018-01-15 14:33:20'),
	(893, '90.772', '2018-01-15 14:33:21'),
	(894, '90.77', '2018-01-15 14:33:25'),
	(896, '90.765', '2018-01-15 14:33:29'),
	(897, '90.765', '2018-01-15 14:33:30'),
	(898, '90.765', '2018-01-15 14:33:33'),
	(899, '90.765', '2018-01-15 14:33:34'),
	(900, '90.765', '2018-01-15 14:33:38'),
	(901, '90.765', '2018-01-15 14:33:40'),
	(902, '90.765', '2018-01-15 14:33:43'),
	(904, '90.775', '2018-01-15 14:33:48'),
	(905, '90.777', '2018-01-15 14:33:50'),
	(906, '90.777', '2018-01-15 14:33:52'),
	(907, '90.777', '2018-01-15 14:33:55'),
	(909, '90.777', '2018-01-15 14:33:58'),
	(910, '90.777', '2018-01-15 14:34:01'),
	(911, '90.777', '2018-01-15 14:34:02'),
	(913, '90.777', '2018-01-15 14:34:07'),
	(914, '90.777', '2018-01-15 14:34:09'),
	(915, '90.777', '2018-01-15 14:34:14'),
	(916, '90.776', '2018-01-15 14:34:15'),
	(917, '90.776', '2018-01-15 14:34:17'),
	(918, '90.776', '2018-01-15 14:34:19'),
	(919, '90.776', '2018-01-15 14:34:21'),
	(924, '90.776', '2018-01-15 14:34:34'),
	(925, '90.764', '2018-01-15 14:34:37'),
	(926, '90.764', '2018-01-15 14:34:40'),
	(927, '90.764', '2018-01-15 14:34:43'),
	(928, '90.765', '2018-01-15 14:34:45'),
	(930, '90.765', '2018-01-15 14:34:49'),
	(931, '90.765', '2018-01-15 14:34:50'),
	(932, '90.765', '2018-01-15 14:34:55'),
	(934, '90.765', '2018-01-15 14:34:59'),
	(935, '90.761', '2018-01-15 14:35:02'),
	(939, '90.765', '2018-01-15 14:35:11'),
	(940, '90.761', '2018-01-15 14:35:13'),
	(942, '90.76', '2018-01-15 14:35:17'),
	(945, '90.76', '2018-01-15 14:35:24'),
	(946, '90.76', '2018-01-15 14:35:26'),
	(947, '90.76', '2018-01-15 14:35:28'),
	(949, '90.755', '2018-01-15 14:35:33'),
	(950, '90.755', '2018-01-15 14:35:35'),
	(955, '90.749', '2018-01-15 14:35:47'),
	(956, '90.747', '2018-01-15 14:35:48'),
	(958, '90.753', '2018-01-15 14:35:53'),
	(959, '90.757', '2018-01-15 14:35:56'),
	(960, '90.758', '2018-01-15 14:35:58'),
	(961, '90.753', '2018-01-15 14:36:00'),
	(962, '90.752', '2018-01-15 14:36:03'),
	(963, '90.752', '2018-01-15 14:36:05'),
	(964, '90.752', '2018-01-15 14:36:07'),
	(965, '90.739', '2018-01-15 14:36:10'),
	(966, '90.741', '2018-01-15 14:36:13'),
	(967, '90.74', '2018-01-15 14:36:15'),
	(968, '90.739', '2018-01-15 14:36:16'),
	(969, '90.738', '2018-01-15 14:36:20'),
	(970, '90.739', '2018-01-15 14:36:22'),
	(971, '90.739', '2018-01-15 14:36:24'),
	(973, '90.739', '2018-01-15 14:36:29'),
	(974, '90.735', '2018-01-15 14:36:30'),
	(977, '90.74', '2018-01-15 14:36:38'),
	(978, '90.746', '2018-01-15 14:36:40'),
	(979, '90.746', '2018-01-15 14:36:41'),
	(980, '90.747', '2018-01-15 14:36:44'),
	(981, '90.746', '2018-01-15 14:36:46'),
	(982, '90.746', '2018-01-15 14:36:49'),
	(983, '90.746', '2018-01-15 14:36:51'),
	(984, '90.745', '2018-01-15 14:36:53'),
	(985, '90.745', '2018-01-15 14:36:56'),
	(986, '90.745', '2018-01-15 14:36:58'),
	(987, '90.745', '2018-01-15 14:37:00'),
	(988, '90.745', '2018-01-15 14:37:03'),
	(990, '90.745', '2018-01-15 14:37:06'),
	(991, '90.745', '2018-01-15 14:37:09'),
	(995, '90.741', '2018-01-15 14:37:17'),
	(996, '90.742', '2018-01-15 14:37:20'),
	(1000, '90.741', '2018-01-15 14:37:28'),
	(1001, '90.741', '2018-01-15 14:37:31'),
	(1002, '90.741', '2018-01-15 14:37:32'),
	(1006, '90.735', '2018-01-15 14:37:41'),
	(1007, '90.735', '2018-01-15 14:37:42'),
	(1008, '90.734', '2018-01-15 14:37:46'),
	(1010, '90.733', '2018-01-15 14:37:50'),
	(1011, '90.733', '2018-01-15 14:37:54'),
	(1012, '90.734', '2018-01-15 14:37:56'),
	(1013, '90.728', '2018-01-15 14:37:58'),
	(1014, '90.737', '2018-01-15 14:38:00'),
	(1015, '90.738', '2018-01-15 14:38:01'),
	(1016, '90.739', '2018-01-15 14:38:03'),
	(1018, '90.739', '2018-01-15 14:38:09'),
	(1019, '90.74', '2018-01-15 14:38:11'),
	(1020, '90.741', '2018-01-15 14:38:13'),
	(1021, '90.741', '2018-01-15 14:38:15'),
	(1022, '90.741', '2018-01-15 14:38:18'),
	(1023, '90.74', '2018-01-15 14:38:19'),
	(1024, '90.741', '2018-01-15 14:38:23'),
	(1025, '90.747', '2018-01-15 14:38:25'),
	(1026, '90.752', '2018-01-15 14:38:27'),
	(1027, '90.747', '2018-01-15 14:38:30'),
	(1028, '90.747', '2018-01-15 14:38:31'),
	(1029, '90.74', '2018-01-15 14:38:35'),
	(1031, '90.739', '2018-01-15 14:38:39'),
	(1033, '90.74', '2018-01-15 14:38:42'),
	(1034, '90.74', '2018-01-15 14:38:44'),
	(1035, '90.74', '2018-01-15 14:38:47'),
	(1036, '90.74', '2018-01-15 14:38:49'),
	(1037, '90.74', '2018-01-15 14:38:51'),
	(1038, '90.739', '2018-01-15 14:38:53'),
	(1039, '90.743', '2018-01-15 14:38:55'),
	(1040, '90.743', '2018-01-15 14:38:58'),
	(1041, '90.743', '2018-01-15 14:39:00'),
	(1043, '90.748', '2018-01-15 14:39:04'),
	(1044, '90.748', '2018-01-15 14:39:05'),
	(1046, '90.748', '2018-01-15 14:39:10'),
	(1048, '90.748', '2018-01-15 14:39:16'),
	(1055, '90.748', '2018-01-15 14:39:29'),
	(1056, '90.748', '2018-01-15 14:39:32'),
	(1057, '90.748', '2018-01-15 14:39:35'),
	(1058, '90.746', '2018-01-15 14:39:37'),
	(1059, '90.746', '2018-01-15 14:39:38'),
	(1060, '90.748', '2018-01-15 14:39:42'),
	(1063, '90.748', '2018-01-15 14:39:49'),
	(1064, '90.748', '2018-01-15 14:39:50'),
	(1066, '90.752', '2018-01-15 14:39:56'),
	(1067, '90.752', '2018-01-15 14:39:57'),
	(1069, '90.752', '2018-01-15 14:40:02'),
	(1071, '90.752', '2018-01-15 14:40:06'),
	(1072, '90.752', '2018-01-15 14:40:08'),
	(1073, '90.753', '2018-01-15 14:40:12'),
	(1074, '90.754', '2018-01-15 14:40:13'),
	(1076, '90.753', '2018-01-15 14:40:19'),
	(1077, '90.753', '2018-01-15 14:40:21'),
	(1081, '90.754', '2018-01-15 14:40:28'),
	(1082, '90.753', '2018-01-15 14:40:30'),
	(1090, '90.754', '2018-01-15 14:40:51'),
	(1091, '90.753', '2018-01-15 14:40:53'),
	(1093, '90.754', '2018-01-15 14:40:57'),
	(1094, '90.755', '2018-01-15 14:41:00'),
	(1095, '90.755', '2018-01-15 14:41:01'),
	(1096, '90.756', '2018-01-15 14:41:04'),
	(1097, '90.756', '2018-01-15 14:41:07'),
	(1098, '90.756', '2018-01-15 14:41:09'),
	(1099, '90.756', '2018-01-15 14:41:10'),
	(1100, '90.756', '2018-01-15 14:41:15'),
	(1104, '90.751', '2018-01-15 14:41:23'),
	(1105, '90.755', '2018-01-15 14:41:26'),
	(1107, '90.751', '2018-01-15 14:41:30'),
	(1110, '90.756', '2018-01-15 14:41:38'),
	(1111, '90.756', '2018-01-15 14:41:40'),
	(1115, '90.756', '2018-01-15 14:41:49'),
	(1116, '90.756', '2018-01-15 14:41:50'),
	(1118, '90.756', '2018-01-15 14:41:55'),
	(1121, '90.756', '2018-01-15 14:42:03'),
	(1125, '90.756', '2018-01-15 14:42:11'),
	(1126, '90.752', '2018-01-15 14:42:14'),
	(1128, '90.752', '2018-01-15 14:42:19'),
	(1129, '90.756', '2018-01-15 14:42:20'),
	(1130, '90.752', '2018-01-15 14:42:23'),
	(1131, '90.752', '2018-01-15 14:42:25'),
	(1132, '90.755', '2018-01-15 14:42:27'),
	(1133, '90.755', '2018-01-15 14:42:28'),
	(1134, '90.751', '2018-01-15 14:42:30'),
	(1135, '90.755', '2018-01-15 14:42:34'),
	(1137, '90.754', '2018-01-15 14:42:38'),
	(1141, '90.753', '2018-01-15 14:42:48'),
	(1142, '90.753', '2018-01-15 14:42:49'),
	(1144, '90.748', '2018-01-15 14:42:53'),
	(1145, '90.748', '2018-01-15 14:42:56'),
	(1147, '90.748', '2018-01-15 14:43:00'),
	(1148, '90.753', '2018-01-15 14:43:03'),
	(1149, '90.753', '2018-01-15 14:43:04'),
	(1150, '90.754', '2018-01-15 14:43:07'),
	(1151, '90.75', '2018-01-15 14:43:09'),
	(1152, '90.749', '2018-01-15 14:43:10'),
	(1153, '90.754', '2018-01-15 14:43:13'),
	(1156, '90.75', '2018-01-15 14:43:19'),
	(1157, '90.75', '2018-01-15 14:43:22'),
	(1158, '90.75', '2018-01-15 14:43:23'),
	(1160, '90.75', '2018-01-15 14:43:29'),
	(1162, '90.75', '2018-01-15 14:43:32'),
	(1163, '90.75', '2018-01-15 14:43:35'),
	(1165, '90.75', '2018-01-15 14:43:39'),
	(1167, '90.75', '2018-01-15 14:43:44'),
	(1172, '90.75', '2018-01-15 14:43:55'),
	(1173, '90.754', '2018-01-15 14:43:58'),
	(1176, '90.756', '2018-01-15 14:44:03'),
	(1180, '90.755', '2018-01-15 14:44:13'),
	(1181, '90.754', '2018-01-15 14:44:16'),
	(1184, '90.754', '2018-01-15 14:44:21'),
	(1185, '90.75', '2018-01-15 14:44:23'),
	(1186, '90.754', '2018-01-15 14:44:25'),
	(1187, '90.751', '2018-01-15 14:44:29'),
	(1188, '90.755', '2018-01-15 14:44:31'),
	(1189, '90.751', '2018-01-15 14:44:33'),
	(1190, '90.751', '2018-01-15 14:44:37'),
	(1191, '90.755', '2018-01-15 14:44:38'),
	(1192, '90.755', '2018-01-15 14:44:41'),
	(1193, '90.755', '2018-01-15 14:44:44'),
	(1194, '90.755', '2018-01-15 14:44:45'),
	(1195, '90.755', '2018-01-15 14:44:49'),
	(1196, '90.755', '2018-01-15 14:44:51'),
	(1197, '90.756', '2018-01-15 14:44:53'),
	(1198, '90.761', '2018-01-15 14:44:54'),
	(1199, '90.761', '2018-01-15 14:44:57'),
	(1200, '90.761', '2018-01-15 14:44:58'),
	(1201, '90.761', '2018-01-15 14:45:01'),
	(1202, '90.761', '2018-01-15 14:45:03'),
	(1203, '90.761', '2018-01-15 14:45:05'),
	(1204, '90.761', '2018-01-15 14:45:07'),
	(1205, '90.761', '2018-01-15 14:45:10'),
	(1207, '90.761', '2018-01-15 14:45:16'),
	(1208, '90.761', '2018-01-15 14:45:18'),
	(1209, '90.766', '2018-01-15 14:45:20'),
	(1210, '90.766', '2018-01-15 14:45:23'),
	(1211, '90.766', '2018-01-15 14:45:25'),
	(1212, '90.767', '2018-01-15 14:45:29'),
	(1213, '90.767', '2018-01-15 14:45:31'),
	(1214, '90.767', '2018-01-15 14:45:32'),
	(1215, '90.767', '2018-01-15 14:45:36'),
	(1217, '90.767', '2018-01-15 14:45:39'),
	(1218, '90.767', '2018-01-15 14:45:40'),
	(1219, '90.767', '2018-01-15 14:45:44'),
	(1220, '90.767', '2018-01-15 14:45:45'),
	(1225, '90.767', '2018-01-15 14:45:55'),
	(1231, '90.762', '2018-01-15 14:46:09'),
	(1232, '90.767', '2018-01-15 14:46:11'),
	(1233, '90.763', '2018-01-15 14:46:13'),
	(1234, '90.767', '2018-01-15 14:46:17'),
	(1236, '90.767', '2018-01-15 14:46:20'),
	(1238, '90.767', '2018-01-15 14:46:24'),
	(1240, '90.767', '2018-01-15 14:46:29'),
	(1241, '90.768', '2018-01-15 14:46:31'),
	(1242, '90.772', '2018-01-15 14:46:34'),
	(1244, '90.779', '2018-01-15 14:46:39'),
	(1245, '90.78', '2018-01-15 14:46:40'),
	(1246, '90.78', '2018-01-15 14:46:44'),
	(1247, '90.787', '2018-01-15 14:46:47'),
	(1248, '90.79', '2018-01-15 14:46:49'),
	(1249, '90.804', '2018-01-15 14:46:51'),
	(1250, '90.8', '2018-01-15 14:46:54'),
	(1251, '90.798', '2018-01-15 14:46:56'),
	(1252, '90.798', '2018-01-15 14:46:58'),
	(1253, '90.793', '2018-01-15 14:47:00'),
	(1254, '90.789', '2018-01-15 14:47:03'),
	(1255, '90.789', '2018-01-15 14:47:06'),
	(1256, '90.788', '2018-01-15 14:47:08'),
	(1257, '90.794', '2018-01-15 14:47:10'),
	(1258, '90.796', '2018-01-15 14:47:13'),
	(1261, '90.796', '2018-01-15 14:47:18'),
	(1262, '90.796', '2018-01-15 14:47:21'),
	(1263, '90.796', '2018-01-15 14:47:24'),
	(1264, '90.792', '2018-01-15 14:47:25'),
	(1266, '90.792', '2018-01-15 14:47:30'),
	(1268, '90.791', '2018-01-15 14:47:35'),
	(1271, '90.785', '2018-01-15 14:47:43'),
	(1272, '90.785', '2018-01-15 14:47:45'),
	(1273, '90.784', '2018-01-15 14:47:47'),
	(1274, '90.783', '2018-01-15 14:47:49'),
	(1275, '90.779', '2018-01-15 14:47:51'),
	(1276, '90.773', '2018-01-15 14:47:54'),
	(1277, '90.772', '2018-01-15 14:47:56'),
	(1278, '90.772', '2018-01-15 14:47:58'),
	(1279, '90.772', '2018-01-15 14:47:59'),
	(1280, '90.771', '2018-01-15 14:48:02'),
	(1282, '90.771', '2018-01-15 14:48:07'),
	(1283, '90.77', '2018-01-15 14:48:09'),
	(1284, '90.766', '2018-01-15 14:48:12'),
	(1286, '90.771', '2018-01-15 14:48:17'),
	(1287, '90.772', '2018-01-15 14:48:19'),
	(1289, '90.777', '2018-01-15 14:48:23'),
	(1291, '90.777', '2018-01-15 14:48:27'),
	(1292, '90.778', '2018-01-15 14:48:29'),
	(1293, '90.778', '2018-01-15 14:48:32'),
	(1294, '90.773', '2018-01-15 14:48:34'),
	(1297, '90.773', '2018-01-15 14:48:41'),
	(1298, '90.773', '2018-01-15 14:48:43'),
	(1299, '90.778', '2018-01-15 14:48:47'),
	(1300, '90.773', '2018-01-15 14:48:53'),
	(1303, '90.772', '2018-01-15 14:48:58'),
	(1304, '90.772', '2018-01-15 14:49:01'),
	(1305, '90.772', '2018-01-15 14:49:03'),
	(1306, '90.772', '2018-01-15 14:49:05'),
	(1308, '90.772', '2018-01-15 14:49:10'),
	(1309, '90.773', '2018-01-15 14:49:13'),
	(1310, '90.778', '2018-01-15 14:49:17'),
	(1313, '90.778', '2018-01-15 14:49:25'),
	(1314, '90.781', '2018-01-15 14:49:27'),
	(1316, '90.782', '2018-01-15 14:49:31'),
	(1319, '90.782', '2018-01-15 14:49:38'),
	(1320, '90.781', '2018-01-15 14:49:40'),
	(1321, '90.781', '2018-01-15 14:49:43'),
	(1325, '90.78', '2018-01-15 14:49:53'),
	(1328, '90.775', '2018-01-15 14:49:59'),
	(1329, '90.775', '2018-01-15 14:50:01'),
	(1331, '90.775', '2018-01-15 14:50:06'),
	(1332, '90.768', '2018-01-15 14:50:09'),
	(1333, '90.773', '2018-01-15 14:50:12'),
	(1337, '90.775', '2018-01-15 14:50:21'),
	(1338, '90.775', '2018-01-15 14:50:24'),
	(1339, '90.776', '2018-01-15 14:50:26'),
	(1340, '90.776', '2018-01-15 14:50:28'),
	(1341, '90.771', '2018-01-15 14:50:30'),
	(1342, '90.775', '2018-01-15 14:50:33'),
	(1343, '90.776', '2018-01-15 14:50:34'),
	(1344, '90.776', '2018-01-15 14:50:37'),
	(1346, '90.776', '2018-01-15 14:50:41'),
	(1347, '90.776', '2018-01-15 14:50:43'),
	(1348, '90.776', '2018-01-15 14:50:45'),
	(1349, '90.776', '2018-01-15 14:50:47'),
	(1351, '90.776', '2018-01-15 14:50:51'),
	(1353, '90.775', '2018-01-15 14:50:55'),
	(1354, '90.782', '2018-01-15 14:50:59'),
	(1355, '90.782', '2018-01-15 14:51:01'),
	(1356, '90.782', '2018-01-15 14:51:03'),
	(1357, '90.782', '2018-01-15 14:51:04'),
	(1359, '90.782', '2018-01-15 14:51:11'),
	(1360, '90.781', '2018-01-15 14:51:13'),
	(1361, '90.781', '2018-01-15 14:51:15'),
	(1362, '90.782', '2018-01-15 14:51:18'),
	(1363, '90.782', '2018-01-15 14:51:19'),
	(1364, '90.782', '2018-01-15 14:51:27'),
	(1365, '90.781', '2018-01-15 14:51:31'),
	(1366, '90.783', '2018-01-15 14:51:36'),
	(1367, '90.782', '2018-01-15 14:51:38'),
	(1368, '90.782', '2018-01-15 14:51:40'),
	(1369, '90.788', '2018-01-15 14:51:43'),
	(1370, '90.789', '2018-01-15 14:51:47'),
	(1371, '90.789', '2018-01-15 14:51:50'),
	(1372, '90.789', '2018-01-15 14:51:51'),
	(1375, '90.79', '2018-01-15 14:51:58'),
	(1376, '90.79', '2018-01-15 14:52:00'),
	(1378, '90.791', '2018-01-15 14:52:05'),
	(1379, '90.791', '2018-01-15 14:52:07'),
	(1380, '90.788', '2018-01-15 14:52:09'),
	(1381, '90.788', '2018-01-15 14:52:11'),
	(1382, '90.787', '2018-01-15 14:52:14'),
	(1383, '90.788', '2018-01-15 14:52:16'),
	(1384, '90.793', '2018-01-15 14:52:19'),
	(1386, '90.794', '2018-01-15 14:52:24'),
	(1387, '90.793', '2018-01-15 14:52:25'),
	(1388, '90.793', '2018-01-15 14:52:26'),
	(1389, '90.789', '2018-01-15 14:52:31'),
	(1390, '90.788', '2018-01-15 14:52:32'),
	(1391, '90.787', '2018-01-15 14:52:35'),
	(1396, '90.787', '2018-01-15 14:52:48'),
	(1397, '90.791', '2018-01-15 14:52:49'),
	(1398, '90.792', '2018-01-15 14:52:51'),
	(1399, '90.792', '2018-01-15 14:52:54'),
	(1400, '90.787', '2018-01-15 14:52:56'),
	(1401, '90.787', '2018-01-15 14:52:57'),
	(1402, '90.791', '2018-01-15 14:53:01'),
	(1403, '90.787', '2018-01-15 14:53:02'),
	(1404, '90.788', '2018-01-15 14:53:05'),
	(1405, '90.787', '2018-01-15 14:53:07'),
	(1406, '90.787', '2018-01-15 14:53:09'),
	(1407, '90.787', '2018-01-15 14:53:14'),
	(1408, '90.787', '2018-01-15 14:53:20'),
	(1409, '90.792', '2018-01-15 14:53:22'),
	(1410, '90.792', '2018-01-15 14:53:23'),
	(1412, '90.798', '2018-01-15 14:53:30'),
	(1413, '90.798', '2018-01-15 14:53:32'),
	(1414, '90.798', '2018-01-15 14:53:35'),
	(1415, '90.798', '2018-01-15 14:53:36'),
	(1416, '90.802', '2018-01-15 14:53:38'),
	(1417, '90.803', '2018-01-15 14:53:41'),
	(1418, '90.798', '2018-01-15 14:53:44'),
	(1420, '90.798', '2018-01-15 14:53:48'),
	(1421, '90.797', '2018-01-15 14:53:51'),
	(1423, '90.798', '2018-01-15 14:53:55'),
	(1425, '90.797', '2018-01-15 14:54:00'),
	(1426, '90.798', '2018-01-15 14:54:02'),
	(1427, '90.798', '2018-01-15 14:54:04'),
	(1428, '90.793', '2018-01-15 14:54:06'),
	(1429, '90.792', '2018-01-15 14:54:09'),
	(1430, '90.792', '2018-01-15 14:54:12'),
	(1431, '90.792', '2018-01-15 14:54:14'),
	(1433, '90.792', '2018-01-15 14:54:18'),
	(1434, '90.793', '2018-01-15 14:54:19'),
	(1435, '90.792', '2018-01-15 14:54:21'),
	(1436, '90.793', '2018-01-15 14:54:24'),
	(1437, '90.804', '2018-01-15 14:54:28'),
	(1438, '90.804', '2018-01-15 14:54:29'),
	(1439, '90.805', '2018-01-15 14:54:32'),
	(1440, '90.805', '2018-01-15 14:54:34'),
	(1443, '90.806', '2018-01-15 14:54:41'),
	(1444, '90.806', '2018-01-15 14:54:42'),
	(1445, '90.799', '2018-01-15 14:54:45'),
	(1446, '90.798', '2018-01-15 14:54:47'),
	(1447, '90.799', '2018-01-15 14:54:50'),
	(1449, '90.8', '2018-01-15 14:54:56'),
	(1450, '90.8', '2018-01-15 14:54:58'),
	(1451, '90.799', '2018-01-15 14:55:00'),
	(1452, '90.8', '2018-01-15 14:55:03'),
	(1453, '90.8', '2018-01-15 14:55:05'),
	(1455, '90.803', '2018-01-15 14:55:09'),
	(1456, '90.803', '2018-01-15 14:55:10'),
	(1457, '90.802', '2018-01-15 14:55:12'),
	(1458, '90.804', '2018-01-15 14:55:15'),
	(1459, '90.808', '2018-01-15 14:55:17'),
	(1462, '90.808', '2018-01-15 14:55:24'),
	(1463, '90.808', '2018-01-15 14:55:26'),
	(1464, '90.803', '2018-01-15 14:55:28'),
	(1465, '90.803', '2018-01-15 14:55:31'),
	(1466, '90.798', '2018-01-15 14:55:32'),
	(1469, '90.803', '2018-01-15 14:55:39'),
	(1471, '90.808', '2018-01-15 14:55:45'),
	(1472, '90.811', '2018-01-15 14:55:49'),
	(1473, '90.81', '2018-01-15 14:55:51'),
	(1474, '90.805', '2018-01-15 14:55:53'),
	(1475, '90.805', '2018-01-15 14:55:55'),
	(1476, '90.805', '2018-01-15 14:55:58'),
	(1477, '90.805', '2018-01-15 14:56:00'),
	(1478, '90.805', '2018-01-15 14:56:02'),
	(1480, '90.81', '2018-01-15 14:56:07'),
	(1481, '90.805', '2018-01-15 14:56:12'),
	(1482, '90.805', '2018-01-15 14:56:14'),
	(1483, '90.804', '2018-01-15 14:56:18'),
	(1485, '90.805', '2018-01-15 14:56:23'),
	(1486, '90.803', '2018-01-15 14:56:27'),
	(1487, '90.804', '2018-01-15 14:56:28'),
	(1488, '90.804', '2018-01-15 14:56:31'),
	(1489, '90.805', '2018-01-15 14:56:33'),
	(1490, '90.806', '2018-01-15 14:56:34'),
	(1491, '90.806', '2018-01-15 14:56:38'),
	(1492, '90.804', '2018-01-15 14:56:41'),
	(1493, '90.804', '2018-01-15 14:56:42'),
	(1498, '90.803', '2018-01-15 14:56:56'),
	(1499, '90.805', '2018-01-15 14:56:59'),
	(1500, '90.804', '2018-01-15 14:57:01'),
	(1501, '90.804', '2018-01-15 14:57:03'),
	(1503, '90.804', '2018-01-15 14:57:08'),
	(1504, '90.808', '2018-01-15 14:57:10'),
	(1505, '90.81', '2018-01-15 14:57:13'),
	(1506, '90.81', '2018-01-15 14:57:15'),
	(1507, '90.81', '2018-01-15 14:57:16'),
	(1508, '90.808', '2018-01-15 14:57:19'),
	(1509, '90.808', '2018-01-15 14:57:21'),
	(1510, '90.808', '2018-01-15 14:57:23'),
	(1511, '90.808', '2018-01-15 14:57:25'),
	(1512, '90.808', '2018-01-15 14:57:26'),
	(1514, '90.808', '2018-01-15 14:57:32'),
	(1516, '90.808', '2018-01-15 14:57:37'),
	(1517, '90.809', '2018-01-15 14:57:39'),
	(1519, '90.81', '2018-01-15 14:57:42'),
	(1520, '90.809', '2018-01-15 14:57:45'),
	(1521, '90.809', '2018-01-15 14:57:47'),
	(1522, '90.811', '2018-01-15 14:57:50'),
	(1523, '90.81', '2018-01-15 14:57:51'),
	(1524, '90.803', '2018-01-15 14:57:53'),
	(1527, '90.803', '2018-01-15 14:58:01'),
	(1530, '90.803', '2018-01-15 14:58:07'),
	(1532, '90.799', '2018-01-15 14:58:14'),
	(1536, '90.798', '2018-01-15 14:58:23'),
	(1537, '90.802', '2018-01-15 14:58:25'),
	(1538, '90.802', '2018-01-15 14:58:26'),
	(1539, '90.802', '2018-01-15 14:58:29'),
	(1540, '90.802', '2018-01-15 14:58:31'),
	(1542, '90.802', '2018-01-15 14:58:35'),
	(1543, '90.807', '2018-01-15 14:58:39'),
	(1544, '90.808', '2018-01-15 14:58:40'),
	(1545, '90.809', '2018-01-15 14:58:43'),
	(1546, '90.81', '2018-01-15 14:58:45'),
	(1549, '90.809', '2018-01-15 14:58:52'),
	(1550, '90.809', '2018-01-15 14:58:53'),
	(1551, '90.808', '2018-01-15 14:58:57'),
	(1553, '90.808', '2018-01-15 14:59:01'),
	(1558, '90.808', '2018-01-15 14:59:11'),
	(1559, '90.808', '2018-01-15 14:59:12'),
	(1560, '90.808', '2018-01-15 14:59:15'),
	(1561, '90.809', '2018-01-15 14:59:17'),
	(1564, '90.809', '2018-01-15 14:59:24'),
	(1565, '90.81', '2018-01-15 14:59:26'),
	(1566, '90.809', '2018-01-15 14:59:30'),
	(1568, '90.809', '2018-01-15 14:59:35'),
	(1569, '90.809', '2018-01-15 14:59:37'),
	(1570, '90.809', '2018-01-15 14:59:39'),
	(1572, '90.808', '2018-01-15 14:59:43'),
	(1573, '90.808', '2018-01-15 14:59:45'),
	(1574, '90.808', '2018-01-15 14:59:48'),
	(1575, '90.807', '2018-01-15 14:59:51'),
	(1576, '90.807', '2018-01-15 14:59:52'),
	(1578, '90.807', '2018-01-15 14:59:56'),
	(1579, '90.812', '2018-01-15 15:00:00'),
	(1580, '90.812', '2018-01-15 15:00:03'),
	(1581, '90.811', '2018-01-15 15:00:05'),
	(1582, '90.811', '2018-01-15 15:00:06'),
	(1583, '90.812', '2018-01-15 15:00:09'),
	(1584, '90.816', '2018-01-15 15:00:13'),
	(1585, '90.811', '2018-01-15 15:00:14'),
	(1586, '90.816', '2018-01-15 15:00:15'),
	(1587, '90.811', '2018-01-15 15:00:19'),
	(1588, '90.815', '2018-01-15 15:00:20'),
	(1589, '90.815', '2018-01-15 15:00:23'),
	(1590, '90.814', '2018-01-15 15:00:25'),
	(1591, '90.815', '2018-01-15 15:00:31'),
	(1592, '90.822', '2018-01-15 15:00:33'),
	(1593, '90.822', '2018-01-15 15:00:35'),
	(1594, '90.821', '2018-01-15 15:00:38'),
	(1595, '90.821', '2018-01-15 15:00:39'),
	(1596, '90.821', '2018-01-15 15:00:42'),
	(1597, '90.821', '2018-01-15 15:00:49'),
	(1598, '90.822', '2018-01-15 15:00:51'),
	(1599, '90.822', '2018-01-15 15:00:54'),
	(1600, '90.824', '2018-01-15 15:00:56'),
	(1601, '90.824', '2018-01-15 15:00:58'),
	(1602, '90.824', '2018-01-15 15:01:00'),
	(1603, '90.824', '2018-01-15 15:01:02'),
	(1604, '90.824', '2018-01-15 15:01:05'),
	(1605, '90.824', '2018-01-15 15:01:08'),
	(1606, '90.824', '2018-01-15 15:01:09'),
	(1607, '90.824', '2018-01-15 15:01:12'),
	(1608, '90.828', '2018-01-15 15:01:15'),
	(1609, '90.828', '2018-01-15 15:01:17'),
	(1610, '90.828', '2018-01-15 15:01:18'),
	(1611, '90.824', '2018-01-15 15:01:21'),
	(1612, '90.825', '2018-01-15 15:01:23'),
	(1613, '90.834', '2018-01-15 15:01:27'),
	(1614, '90.84', '2018-01-15 15:01:29'),
	(1615, '90.835', '2018-01-15 15:01:32'),
	(1616, '90.834', '2018-01-15 15:01:34'),
	(1617, '90.834', '2018-01-15 15:01:37'),
	(1618, '90.835', '2018-01-15 15:01:39'),
	(1619, '90.837', '2018-01-15 15:01:42'),
	(1620, '90.831', '2018-01-15 15:01:44'),
	(1621, '90.83', '2018-01-15 15:01:46'),
	(1622, '90.83', '2018-01-15 15:01:48'),
	(1623, '90.83', '2018-01-15 15:01:51'),
	(1624, '90.82', '2018-01-15 15:01:53'),
	(1625, '90.82', '2018-01-15 15:01:55'),
	(1626, '90.819', '2018-01-15 15:01:58'),
	(1627, '90.819', '2018-01-15 15:02:00'),
	(1628, '90.824', '2018-01-15 15:02:03'),
	(1629, '90.824', '2018-01-15 15:02:05'),
	(1630, '90.825', '2018-01-15 15:02:06'),
	(1631, '90.825', '2018-01-15 15:02:09'),
	(1632, '90.824', '2018-01-15 15:02:11'),
	(1633, '90.819', '2018-01-15 15:02:14'),
	(1635, '90.819', '2018-01-15 15:02:18'),
	(1636, '90.819', '2018-01-15 15:02:20'),
	(1637, '90.819', '2018-01-15 15:02:21'),
	(1638, '90.819', '2018-01-15 15:02:24'),
	(1639, '90.82', '2018-01-15 15:02:26'),
	(1640, '90.819', '2018-01-15 15:02:28'),
	(1641, '90.821', '2018-01-15 15:02:31'),
	(1642, '90.82', '2018-01-15 15:02:33'),
	(1643, '90.82', '2018-01-15 15:02:34'),
	(1644, '90.82', '2018-01-15 15:02:36'),
	(1645, '90.819', '2018-01-15 15:02:39'),
	(1648, '90.82', '2018-01-15 15:02:46'),
	(1651, '90.825', '2018-01-15 15:02:55'),
	(1652, '90.824', '2018-01-15 15:03:00'),
	(1653, '90.823', '2018-01-15 15:03:01'),
	(1654, '90.823', '2018-01-15 15:03:03'),
	(1655, '90.83', '2018-01-15 15:03:07'),
	(1656, '90.836', '2018-01-15 15:03:09'),
	(1657, '90.836', '2018-01-15 15:03:12'),
	(1658, '90.834', '2018-01-15 15:03:14'),
	(1659, '90.834', '2018-01-15 15:03:16'),
	(1660, '90.83', '2018-01-15 15:03:19'),
	(1661, '90.83', '2018-01-15 15:03:20'),
	(1662, '90.835', '2018-01-15 15:03:23'),
	(1663, '90.835', '2018-01-15 15:03:25'),
	(1664, '90.835', '2018-01-15 15:03:28'),
	(1665, '90.829', '2018-01-15 15:03:30'),
	(1666, '90.829', '2018-01-15 15:03:32'),
	(1667, '90.829', '2018-01-15 15:03:33'),
	(1668, '90.829', '2018-01-15 15:03:38'),
	(1669, '90.829', '2018-01-15 15:03:39'),
	(1670, '90.829', '2018-01-15 15:03:42'),
	(1671, '90.834', '2018-01-15 15:03:44'),
	(1672, '90.829', '2018-01-15 15:03:46'),
	(1673, '90.825', '2018-01-15 15:03:49'),
	(1675, '90.825', '2018-01-15 15:03:53'),
	(1676, '90.825', '2018-01-15 15:03:55'),
	(1677, '90.825', '2018-01-15 15:03:57'),
	(1678, '90.824', '2018-01-15 15:04:00'),
	(1679, '90.824', '2018-01-15 15:04:03'),
	(1680, '90.822', '2018-01-15 15:04:04'),
	(1684, '90.824', '2018-01-15 15:04:12'),
	(1685, '90.824', '2018-01-15 15:04:15'),
	(1686, '90.829', '2018-01-15 15:04:18'),
	(1687, '90.829', '2018-01-15 15:04:20'),
	(1690, '90.831', '2018-01-15 15:04:27'),
	(1692, '90.831', '2018-01-15 15:04:31'),
	(1694, '90.831', '2018-01-15 15:04:35'),
	(1695, '90.831', '2018-01-15 15:04:37'),
	(1696, '90.831', '2018-01-15 15:04:39'),
	(1698, '90.831', '2018-01-15 15:04:43'),
	(1699, '90.836', '2018-01-15 15:04:47'),
	(1700, '90.842', '2018-01-15 15:04:51'),
	(1701, '90.842', '2018-01-15 15:04:53'),
	(1702, '90.844', '2018-01-15 15:04:55'),
	(1703, '90.844', '2018-01-15 15:04:57'),
	(1704, '90.846', '2018-01-15 15:05:01'),
	(1705, '90.848', '2018-01-15 15:05:04'),
	(1707, '90.85', '2018-01-15 15:05:08'),
	(1708, '90.845', '2018-01-15 15:05:09'),
	(1709, '90.841', '2018-01-15 15:05:12'),
	(1710, '90.836', '2018-01-15 15:05:14'),
	(1711, '90.832', '2018-01-15 15:05:16'),
	(1712, '90.832', '2018-01-15 15:05:19'),
	(1713, '90.83', '2018-01-15 15:05:20'),
	(1714, '90.83', '2018-01-15 15:05:22'),
	(1716, '90.83', '2018-01-15 15:05:28'),
	(1717, '90.831', '2018-01-15 15:05:30'),
	(1718, '90.83', '2018-01-15 15:05:31'),
	(1719, '90.83', '2018-01-15 15:05:34'),
	(1720, '90.826', '2018-01-15 15:05:36'),
	(1721, '90.825', '2018-01-15 15:05:38'),
	(1722, '90.825', '2018-01-15 15:05:40'),
	(1723, '90.826', '2018-01-15 15:05:42'),
	(1724, '90.826', '2018-01-15 15:05:44'),
	(1725, '90.825', '2018-01-15 15:05:46'),
	(1726, '90.824', '2018-01-15 15:05:49'),
	(1728, '90.824', '2018-01-15 15:05:54'),
	(1730, '90.819', '2018-01-15 15:05:58'),
	(1731, '90.824', '2018-01-15 15:06:00'),
	(1732, '90.824', '2018-01-15 15:06:02'),
	(1733, '90.823', '2018-01-15 15:06:04'),
	(1734, '90.825', '2018-01-15 15:06:06'),
	(1735, '90.825', '2018-01-15 15:06:09'),
	(1736, '90.82', '2018-01-15 15:06:11'),
	(1737, '90.82', '2018-01-15 15:06:13'),
	(1738, '90.82', '2018-01-15 15:06:15'),
	(1739, '90.82', '2018-01-15 15:06:18'),
	(1740, '90.818', '2018-01-15 15:06:22'),
	(1741, '90.818', '2018-01-15 15:06:24'),
	(1743, '90.814', '2018-01-15 15:06:29'),
	(1744, '90.813', '2018-01-15 15:06:31'),
	(1745, '90.814', '2018-01-15 15:06:33'),
	(1746, '90.814', '2018-01-15 15:06:34'),
	(1747, '90.808', '2018-01-15 15:06:38'),
	(1748, '90.807', '2018-01-15 15:06:40'),
	(1749, '90.808', '2018-01-15 15:06:42'),
	(1750, '90.802', '2018-01-15 15:06:44'),
	(1751, '90.807', '2018-01-15 15:06:46'),
	(1752, '90.807', '2018-01-15 15:06:48'),
	(1753, '90.801', '2018-01-15 15:06:51'),
	(1754, '90.803', '2018-01-15 15:06:52'),
	(1755, '90.803', '2018-01-15 15:06:53'),
	(1756, '90.807', '2018-01-15 15:06:57'),
	(1757, '90.808', '2018-01-15 15:06:58'),
	(1758, '90.808', '2018-01-15 15:07:03'),
	(1759, '90.808', '2018-01-15 15:07:04'),
	(1763, '90.808', '2018-01-15 15:07:12'),
	(1764, '90.808', '2018-01-15 15:07:15'),
	(1765, '90.808', '2018-01-15 15:07:17'),
	(1766, '90.802', '2018-01-15 15:07:20'),
	(1767, '90.802', '2018-01-15 15:07:21'),
	(1769, '90.802', '2018-01-15 15:07:26'),
	(1770, '90.806', '2018-01-15 15:07:28'),
	(1771, '90.811', '2018-01-15 15:07:33'),
	(1772, '90.81', '2018-01-15 15:07:35'),
	(1774, '90.811', '2018-01-15 15:07:40'),
	(1775, '90.811', '2018-01-15 15:07:42'),
	(1776, '90.817', '2018-01-15 15:07:44'),
	(1777, '90.817', '2018-01-15 15:07:45'),
	(1778, '90.818', '2018-01-15 15:07:47'),
	(1779, '90.818', '2018-01-15 15:07:53'),
	(1780, '90.818', '2018-01-15 15:07:55'),
	(1781, '90.818', '2018-01-15 15:07:57'),
	(1782, '90.818', '2018-01-15 15:07:59'),
	(1783, '90.818', '2018-01-15 15:08:01'),
	(1784, '90.818', '2018-01-15 15:08:03'),
	(1785, '90.824', '2018-01-15 15:08:06'),
	(1786, '90.824', '2018-01-15 15:08:07'),
	(1788, '90.824', '2018-01-15 15:08:11'),
	(1789, '90.834', '2018-01-15 15:08:14'),
	(1790, '90.836', '2018-01-15 15:08:16'),
	(1791, '90.835', '2018-01-15 15:08:18'),
	(1792, '90.831', '2018-01-15 15:08:19'),
	(1793, '90.83', '2018-01-15 15:08:21'),
	(1794, '90.828', '2018-01-15 15:08:24'),
	(1795, '90.829', '2018-01-15 15:08:26'),
	(1796, '90.83', '2018-01-15 15:08:29'),
	(1797, '90.83', '2018-01-15 15:08:31'),
	(1798, '90.829', '2018-01-15 15:08:33'),
	(1799, '90.828', '2018-01-15 15:08:36'),
	(1800, '90.828', '2018-01-15 15:08:39'),
	(1801, '90.828', '2018-01-15 15:08:41'),
	(1802, '90.829', '2018-01-15 15:08:43'),
	(1803, '90.822', '2018-01-15 15:08:47'),
	(1804, '90.826', '2018-01-15 15:08:49'),
	(1805, '90.822', '2018-01-15 15:08:51'),
	(1806, '90.822', '2018-01-15 15:08:53'),
	(1807, '90.827', '2018-01-15 15:08:56'),
	(1808, '90.823', '2018-01-15 15:08:59'),
	(1810, '90.823', '2018-01-15 15:09:03'),
	(1811, '90.822', '2018-01-15 15:09:04'),
	(1813, '90.822', '2018-01-15 15:09:09'),
	(1816, '90.817', '2018-01-15 15:09:17'),
	(1817, '90.816', '2018-01-15 15:09:19'),
	(1818, '90.816', '2018-01-15 15:09:21'),
	(1820, '90.822', '2018-01-15 15:09:25'),
	(1821, '90.822', '2018-01-15 15:09:26'),
	(1822, '90.826', '2018-01-15 15:09:30'),
	(1823, '90.821', '2018-01-15 15:09:32'),
	(1824, '90.822', '2018-01-15 15:09:34'),
	(1825, '90.822', '2018-01-15 15:09:37'),
	(1826, '90.821', '2018-01-15 15:09:39'),
	(1827, '90.821', '2018-01-15 15:09:41'),
	(1828, '90.821', '2018-01-15 15:09:43'),
	(1829, '90.816', '2018-01-15 15:09:44'),
	(1830, '90.817', '2018-01-15 15:09:46'),
	(1831, '90.821', '2018-01-15 15:09:49'),
	(1832, '90.82', '2018-01-15 15:09:52'),
	(1833, '90.821', '2018-01-15 15:09:53'),
	(1835, '90.821', '2018-01-15 15:09:57'),
	(1836, '90.821', '2018-01-15 15:10:00'),
	(1837, '90.825', '2018-01-15 15:10:02'),
	(1838, '90.822', '2018-01-15 15:10:05'),
	(1839, '90.826', '2018-01-15 15:10:08'),
	(1840, '90.826', '2018-01-15 15:10:09'),
	(1842, '90.827', '2018-01-15 15:10:15'),
	(1843, '90.831', '2018-01-15 15:10:17'),
	(1844, '90.827', '2018-01-15 15:10:19'),
	(1845, '90.826', '2018-01-15 15:10:21'),
	(1846, '90.826', '2018-01-15 15:10:22'),
	(1847, '90.826', '2018-01-15 15:10:25'),
	(1850, '90.826', '2018-01-15 15:10:35'),
	(1851, '90.826', '2018-01-15 15:10:37'),
	(1852, '90.826', '2018-01-15 15:10:39'),
	(1853, '90.826', '2018-01-15 15:10:41'),
	(1854, '90.825', '2018-01-15 15:10:44'),
	(1855, '90.819', '2018-01-15 15:10:47'),
	(1856, '90.82', '2018-01-15 15:10:48'),
	(1857, '90.824', '2018-01-15 15:10:52'),
	(1858, '90.818', '2018-01-15 15:10:54'),
	(1859, '90.818', '2018-01-15 15:10:57'),
	(1860, '90.815', '2018-01-15 15:11:00'),
	(1861, '90.813', '2018-01-15 15:11:02'),
	(1862, '90.813', '2018-01-15 15:11:05'),
	(1863, '90.812', '2018-01-15 15:11:07'),
	(1864, '90.812', '2018-01-15 15:11:10'),
	(1866, '90.817', '2018-01-15 15:11:15'),
	(1867, '90.819', '2018-01-15 15:11:17'),
	(1868, '90.818', '2018-01-15 15:11:18'),
	(1869, '90.819', '2018-01-15 15:11:22'),
	(1870, '90.819', '2018-01-15 15:11:23'),
	(1871, '90.819', '2018-01-15 15:11:25'),
	(1872, '90.819', '2018-01-15 15:11:29'),
	(1873, '90.821', '2018-01-15 15:11:31'),
	(1874, '90.825', '2018-01-15 15:11:33'),
	(1875, '90.821', '2018-01-15 15:11:35'),
	(1876, '90.821', '2018-01-15 15:11:37'),
	(1877, '90.82', '2018-01-15 15:11:40'),
	(1879, '90.82', '2018-01-15 15:11:44'),
	(1882, '90.82', '2018-01-15 15:11:51'),
	(1885, '90.825', '2018-01-15 15:11:59'),
	(1886, '90.82', '2018-01-15 15:12:02'),
	(1887, '90.821', '2018-01-15 15:12:03'),
	(1888, '90.821', '2018-01-15 15:12:07'),
	(1889, '90.821', '2018-01-15 15:12:09'),
	(1891, '90.821', '2018-01-15 15:12:16'),
	(1892, '90.816', '2018-01-15 15:12:19'),
	(1893, '90.817', '2018-01-15 15:12:21'),
	(1894, '90.816', '2018-01-15 15:12:24'),
	(1895, '90.821', '2018-01-15 15:12:27'),
	(1896, '90.816', '2018-01-15 15:12:28'),
	(1897, '90.811', '2018-01-15 15:12:34'),
	(1898, '90.809', '2018-01-15 15:12:36'),
	(1899, '90.805', '2018-01-15 15:12:37'),
	(1900, '90.81', '2018-01-15 15:12:41'),
	(1901, '90.81', '2018-01-15 15:12:43'),
	(1902, '90.805', '2018-01-15 15:12:47'),
	(1903, '90.804', '2018-01-15 15:12:48'),
	(1904, '90.803', '2018-01-15 15:12:50'),
	(1905, '90.804', '2018-01-15 15:12:53'),
	(1906, '90.814', '2018-01-15 15:12:55'),
	(1907, '90.809', '2018-01-15 15:12:57'),
	(1908, '90.809', '2018-01-15 15:13:00'),
	(1909, '90.809', '2018-01-15 15:13:05'),
	(1912, '90.809', '2018-01-15 15:13:12'),
	(1914, '90.809', '2018-01-15 15:13:15'),
	(1916, '90.808', '2018-01-15 15:13:23'),
	(1917, '90.809', '2018-01-15 15:13:26'),
	(1920, '90.808', '2018-01-15 15:13:33'),
	(1921, '90.808', '2018-01-15 15:13:35'),
	(1928, '90.808', '2018-01-15 15:13:54'),
	(1929, '90.803', '2018-01-15 15:13:56'),
	(1930, '90.803', '2018-01-15 15:13:57'),
	(1931, '90.803', '2018-01-15 15:14:00'),
	(1932, '90.803', '2018-01-15 15:14:02'),
	(1933, '90.803', '2018-01-15 15:14:07'),
	(1935, '90.799', '2018-01-15 15:14:12'),
	(1936, '90.797', '2018-01-15 15:14:17'),
	(1938, '90.791', '2018-01-15 15:14:23'),
	(1939, '90.791', '2018-01-15 15:14:24'),
	(1940, '90.791', '2018-01-15 15:14:27'),
	(1942, '90.791', '2018-01-15 15:14:35'),
	(1943, '90.792', '2018-01-15 15:14:37'),
	(1944, '90.791', '2018-01-15 15:14:38'),
	(1945, '90.797', '2018-01-15 15:14:42'),
	(1946, '90.797', '2018-01-15 15:14:43'),
	(1947, '90.797', '2018-01-15 15:14:46'),
	(1948, '90.797', '2018-01-15 15:14:50'),
	(1949, '90.801', '2018-01-15 15:14:52'),
	(1951, '90.8', '2018-01-15 15:14:57'),
	(1953, '90.8', '2018-01-15 15:15:01'),
	(1954, '90.8', '2018-01-15 15:15:03'),
	(1955, '90.8', '2018-01-15 15:15:04'),
	(1957, '90.8', '2018-01-15 15:15:09'),
	(1960, '90.8', '2018-01-15 15:15:17'),
	(1961, '90.796', '2018-01-15 15:15:18'),
	(1964, '90.796', '2018-01-15 15:15:26'),
	(1965, '90.796', '2018-01-15 15:15:28'),
	(1966, '90.795', '2018-01-15 15:15:29'),
	(1967, '90.789', '2018-01-15 15:15:35'),
	(1968, '90.789', '2018-01-15 15:15:36'),
	(1969, '90.789', '2018-01-15 15:15:40'),
	(1970, '90.79', '2018-01-15 15:15:41'),
	(1973, '90.785', '2018-01-15 15:15:48'),
	(1974, '90.785', '2018-01-15 15:15:51'),
	(1975, '90.779', '2018-01-15 15:15:56'),
	(1976, '90.774', '2018-01-15 15:16:07'),
	(1977, '90.773', '2018-01-15 15:16:09'),
	(1978, '90.777', '2018-01-15 15:16:11'),
	(1979, '90.772', '2018-01-15 15:16:14'),
	(1980, '90.772', '2018-01-15 15:16:16'),
	(1981, '90.771', '2018-01-15 15:16:20'),
	(1982, '90.771', '2018-01-15 15:16:23'),
	(1983, '90.77', '2018-01-15 15:16:26'),
	(1984, '90.769', '2018-01-15 15:16:28'),
	(1987, '90.769', '2018-01-15 15:16:37'),
	(1988, '90.773', '2018-01-15 15:16:40'),
	(1989, '90.774', '2018-01-15 15:16:42'),
	(1990, '90.777', '2018-01-15 15:16:44'),
	(1991, '90.782', '2018-01-15 15:16:47'),
	(1992, '90.782', '2018-01-15 15:16:49'),
	(1993, '90.782', '2018-01-15 15:16:53'),
	(1994, '90.782', '2018-01-15 15:16:55'),
	(1995, '90.782', '2018-01-15 15:17:01'),
	(1996, '90.782', '2018-01-15 15:17:04'),
	(1997, '90.787', '2018-01-15 15:17:06'),
	(1998, '90.782', '2018-01-15 15:17:10'),
	(1999, '90.787', '2018-01-15 15:17:11'),
	(2000, '90.781', '2018-01-15 15:17:15'),
	(2001, '90.781', '2018-01-15 15:17:17'),
	(2002, '90.782', '2018-01-15 15:17:18'),
	(2003, '90.782', '2018-01-15 15:17:22'),
	(2004, '90.781', '2018-01-15 15:17:24'),
	(2005, '90.78', '2018-01-15 15:17:27'),
	(2006, '90.781', '2018-01-15 15:17:29'),
	(2007, '90.787', '2018-01-15 15:17:32'),
	(2009, '90.786', '2018-01-15 15:17:37'),
	(2011, '90.786', '2018-01-15 15:17:43'),
	(2012, '90.787', '2018-01-15 15:17:45'),
	(2013, '90.792', '2018-01-15 15:17:46'),
	(2019, '90.792', '2018-01-15 15:18:02'),
	(2020, '90.796', '2018-01-15 15:18:06'),
	(2022, '90.795', '2018-01-15 15:18:11'),
	(2023, '90.796', '2018-01-15 15:18:13'),
	(2024, '90.796', '2018-01-15 15:18:17'),
	(2025, '90.796', '2018-01-15 15:18:18'),
	(2028, '90.796', '2018-01-15 15:18:25'),
	(2029, '90.797', '2018-01-15 15:18:27'),
	(2030, '90.797', '2018-01-15 15:18:30'),
	(2031, '90.797', '2018-01-15 15:18:32'),
	(2032, '90.797', '2018-01-15 15:18:37'),
	(2033, '90.796', '2018-01-15 15:18:40'),
	(2034, '90.79', '2018-01-15 15:18:41'),
	(2035, '90.789', '2018-01-15 15:18:42'),
	(2036, '90.79', '2018-01-15 15:18:45'),
	(2042, '90.79', '2018-01-15 15:18:58'),
	(2043, '90.789', '2018-01-15 15:19:03'),
	(2044, '90.785', '2018-01-15 15:19:04'),
	(2045, '90.789', '2018-01-15 15:19:07'),
	(2048, '90.79', '2018-01-15 15:19:13'),
	(2049, '90.785', '2018-01-15 15:19:15'),
	(2050, '90.785', '2018-01-15 15:19:17'),
	(2051, '90.779', '2018-01-15 15:19:21'),
	(2052, '90.78', '2018-01-15 15:19:23'),
	(2053, '90.78', '2018-01-15 15:19:26'),
	(2054, '90.78', '2018-01-15 15:19:27'),
	(2056, '90.78', '2018-01-15 15:19:36'),
	(2057, '90.779', '2018-01-15 15:19:37'),
	(2058, '90.78', '2018-01-15 15:19:40'),
	(2059, '90.781', '2018-01-15 15:19:42'),
	(2060, '90.782', '2018-01-15 15:19:44'),
	(2061, '90.781', '2018-01-15 15:19:46'),
	(2062, '90.781', '2018-01-15 15:19:48'),
	(2063, '90.787', '2018-01-15 15:19:51'),
	(2064, '90.787', '2018-01-15 15:19:54'),
	(2065, '90.786', '2018-01-15 15:19:56'),
	(2066, '90.786', '2018-01-15 15:19:58'),
	(2067, '90.78', '2018-01-15 15:20:01'),
	(2068, '90.775', '2018-01-15 15:20:03'),
	(2069, '90.775', '2018-01-15 15:20:05'),
	(2070, '90.769', '2018-01-15 15:20:08'),
	(2071, '90.769', '2018-01-15 15:20:10'),
	(2072, '90.769', '2018-01-15 15:20:12'),
	(2073, '90.769', '2018-01-15 15:20:16'),
	(2074, '90.769', '2018-01-15 15:20:20'),
	(2077, '90.769', '2018-01-15 15:20:27'),
	(2078, '90.768', '2018-01-15 15:20:28'),
	(2079, '90.769', '2018-01-15 15:20:31'),
	(2080, '90.769', '2018-01-15 15:20:32'),
	(2081, '90.769', '2018-01-15 15:20:36'),
	(2082, '90.774', '2018-01-15 15:20:38'),
	(2083, '90.773', '2018-01-15 15:20:39'),
	(2084, '90.767', '2018-01-15 15:20:43'),
	(2085, '90.767', '2018-01-15 15:20:45'),
	(2086, '90.767', '2018-01-15 15:20:46'),
	(2090, '90.767', '2018-01-15 15:20:56'),
	(2092, '90.766', '2018-01-15 15:21:03'),
	(2093, '90.766', '2018-01-15 15:21:05'),
	(2094, '90.762', '2018-01-15 15:21:07'),
	(2095, '90.762', '2018-01-15 15:21:09'),
	(2096, '90.761', '2018-01-15 15:21:11'),
	(2097, '90.767', '2018-01-15 15:21:14'),
	(2098, '90.766', '2018-01-15 15:21:16'),
	(2099, '90.756', '2018-01-15 15:21:19'),
	(2102, '90.755', '2018-01-15 15:21:28'),
	(2103, '90.761', '2018-01-15 15:21:30'),
	(2104, '90.757', '2018-01-15 15:21:32'),
	(2105, '90.757', '2018-01-15 15:21:35'),
	(2106, '90.757', '2018-01-15 15:21:37'),
	(2107, '90.757', '2018-01-15 15:21:40'),
	(2108, '90.75', '2018-01-15 15:21:43'),
	(2109, '90.743', '2018-01-15 15:21:45'),
	(2110, '90.736', '2018-01-15 15:21:48'),
	(2111, '90.736', '2018-01-15 15:21:50'),
	(2112, '90.736', '2018-01-15 15:21:52'),
	(2113, '90.736', '2018-01-15 15:21:54'),
	(2114, '90.74', '2018-01-15 15:21:57'),
	(2115, '90.74', '2018-01-15 15:22:00'),
	(2116, '90.748', '2018-01-15 15:22:03'),
	(2117, '90.752', '2018-01-15 15:22:05'),
	(2118, '90.747', '2018-01-15 15:22:08'),
	(2119, '90.751', '2018-01-15 15:22:11'),
	(2120, '90.757', '2018-01-15 15:22:15'),
	(2121, '90.753', '2018-01-15 15:22:16'),
	(2122, '90.746', '2018-01-15 15:22:19'),
	(2123, '90.746', '2018-01-15 15:22:21'),
	(2124, '90.746', '2018-01-15 15:22:24'),
	(2127, '90.744', '2018-01-15 15:22:34'),
	(2128, '90.743', '2018-01-15 15:22:37'),
	(2129, '90.746', '2018-01-15 15:22:41'),
	(2130, '90.747', '2018-01-15 15:22:43'),
	(2131, '90.746', '2018-01-15 15:22:46'),
	(2132, '90.746', '2018-01-15 15:22:48'),
	(2133, '90.741', '2018-01-15 15:22:52'),
	(2135, '90.741', '2018-01-15 15:22:57'),
	(2136, '90.746', '2018-01-15 15:23:01'),
	(2137, '90.741', '2018-01-15 15:23:03'),
	(2138, '90.741', '2018-01-15 15:23:05'),
	(2140, '90.741', '2018-01-15 15:23:11'),
	(2141, '90.745', '2018-01-15 15:23:13'),
	(2143, '90.747', '2018-01-15 15:23:18'),
	(2144, '90.747', '2018-01-15 15:23:21'),
	(2145, '90.751', '2018-01-15 15:23:24'),
	(2146, '90.747', '2018-01-15 15:23:27'),
	(2147, '90.747', '2018-01-15 15:23:28'),
	(2148, '90.747', '2018-01-15 15:23:32'),
	(2149, '90.751', '2018-01-15 15:23:33'),
	(2150, '90.752', '2018-01-15 15:23:35'),
	(2151, '90.746', '2018-01-15 15:23:40'),
	(2152, '90.746', '2018-01-15 15:23:44'),
	(2153, '90.746', '2018-01-15 15:23:47'),
	(2156, '90.745', '2018-01-15 15:23:54'),
	(2160, '90.746', '2018-01-15 15:24:04'),
	(2161, '90.745', '2018-01-15 15:24:06'),
	(2162, '90.745', '2018-01-15 15:24:08'),
	(2163, '90.748', '2018-01-15 15:24:13'),
	(2164, '90.748', '2018-01-15 15:24:15'),
	(2165, '90.748', '2018-01-15 15:24:16'),
	(2166, '90.748', '2018-01-15 15:24:21'),
	(2167, '90.748', '2018-01-15 15:24:23'),
	(2168, '90.748', '2018-01-15 15:24:26'),
	(2170, '90.748', '2018-01-15 15:24:31'),
	(2171, '90.748', '2018-01-15 15:24:35'),
	(2172, '90.748', '2018-01-15 15:24:38'),
	(2173, '90.748', '2018-01-15 15:24:41'),
	(2174, '90.748', '2018-01-15 15:24:43'),
	(2175, '90.744', '2018-01-15 15:24:46'),
	(2176, '90.744', '2018-01-15 15:24:50'),
	(2177, '90.744', '2018-01-15 15:24:52'),
	(2179, '90.748', '2018-01-15 15:24:58'),
	(2180, '90.748', '2018-01-15 15:25:01'),
	(2183, '90.748', '2018-01-15 15:25:07'),
	(2185, '90.748', '2018-01-15 15:25:11'),
	(2186, '90.748', '2018-01-15 15:25:12'),
	(2187, '90.748', '2018-01-15 15:25:17'),
	(2188, '90.748', '2018-01-15 15:25:19'),
	(2189, '90.749', '2018-01-15 15:25:21'),
	(2190, '90.75', '2018-01-15 15:25:26'),
	(2192, '90.744', '2018-01-15 15:25:30'),
	(2193, '90.749', '2018-01-15 15:25:33'),
	(2194, '90.744', '2018-01-15 15:25:35'),
	(2195, '90.749', '2018-01-15 15:25:37'),
	(2196, '90.749', '2018-01-15 15:25:40'),
	(2197, '90.749', '2018-01-15 15:25:41'),
	(2198, '90.749', '2018-01-15 15:25:50'),
	(2199, '90.749', '2018-01-15 15:25:53'),
	(2200, '90.749', '2018-01-15 15:25:57'),
	(2201, '90.744', '2018-01-15 15:26:00'),
	(2202, '90.744', '2018-01-15 15:26:03'),
	(2203, '90.744', '2018-01-15 15:26:06'),
	(2204, '90.745', '2018-01-15 15:26:09'),
	(2205, '90.749', '2018-01-15 15:26:13'),
	(2206, '90.749', '2018-01-15 15:26:15'),
	(2207, '90.749', '2018-01-15 15:26:17'),
	(2208, '90.755', '2018-01-15 15:26:21'),
	(2209, '90.755', '2018-01-15 15:26:23'),
	(2211, '90.755', '2018-01-15 15:26:28'),
	(2212, '90.757', '2018-01-15 15:26:30'),
	(2213, '90.756', '2018-01-15 15:26:33'),
	(2214, '90.756', '2018-01-15 15:26:36'),
	(2215, '90.762', '2018-01-15 15:26:42'),
	(2216, '90.762', '2018-01-15 15:26:45'),
	(2217, '90.756', '2018-01-15 15:26:47'),
	(2219, '90.756', '2018-01-15 15:26:52'),
	(2221, '90.756', '2018-01-15 15:26:58'),
	(2222, '90.763', '2018-01-15 15:27:04'),
	(2223, '90.763', '2018-01-15 15:27:05'),
	(2224, '90.768', '2018-01-15 15:27:08'),
	(2225, '90.764', '2018-01-15 15:27:09'),
	(2226, '90.758', '2018-01-15 15:27:14'),
	(2228, '90.758', '2018-01-15 15:27:18'),
	(2229, '90.765', '2018-01-15 15:27:24'),
	(2230, '90.765', '2018-01-15 15:27:28'),
	(2233, '90.769', '2018-01-15 15:27:37'),
	(2234, '90.765', '2018-01-15 15:27:41'),
	(2235, '90.769', '2018-01-15 15:27:42'),
	(2236, '90.769', '2018-01-15 15:27:44'),
	(2237, '90.768', '2018-01-15 15:27:48'),
	(2238, '90.762', '2018-01-15 15:27:49'),
	(2240, '90.761', '2018-01-15 15:27:53'),
	(2241, '90.767', '2018-01-15 15:27:56'),
	(2242, '90.767', '2018-01-15 15:27:58'),
	(2243, '90.767', '2018-01-15 15:28:00'),
	(2244, '90.767', '2018-01-15 15:28:03'),
	(2246, '90.768', '2018-01-15 15:28:08'),
	(2248, '90.769', '2018-01-15 15:28:13'),
	(2249, '90.769', '2018-01-15 15:28:17'),
	(2250, '90.769', '2018-01-15 15:28:18'),
	(2251, '90.769', '2018-01-15 15:28:20'),
	(2252, '90.768', '2018-01-15 15:28:23'),
	(2253, '90.768', '2018-01-15 15:28:26'),
	(2254, '90.768', '2018-01-15 15:28:27'),
	(2255, '90.769', '2018-01-15 15:28:35'),
	(2257, '90.768', '2018-01-15 15:28:40'),
	(2258, '90.769', '2018-01-15 15:28:43'),
	(2259, '90.769', '2018-01-15 15:28:45'),
	(2260, '90.775', '2018-01-15 15:28:48'),
	(2262, '90.779', '2018-01-15 15:28:55'),
	(2263, '90.774', '2018-01-15 15:28:57'),
	(2264, '90.774', '2018-01-15 15:29:00'),
	(2265, '90.774', '2018-01-15 15:29:03'),
	(2266, '90.774', '2018-01-15 15:29:05'),
	(2267, '90.77', '2018-01-15 15:29:07'),
	(2268, '90.77', '2018-01-15 15:29:09'),
	(2269, '90.781', '2018-01-15 15:29:54'),
	(2272, '90.781', '2018-01-15 15:30:01'),
	(2273, '90.779', '2018-01-15 15:30:03'),
	(2274, '90.779', '2018-01-15 15:30:06'),
	(2275, '90.775', '2018-01-15 15:30:08'),
	(2276, '90.774', '2018-01-15 15:30:11'),
	(2277, '90.78', '2018-01-15 15:30:13'),
	(2278, '90.78', '2018-01-15 15:30:15'),
	(2279, '90.78', '2018-01-15 15:30:19'),
	(2281, '90.784', '2018-01-15 15:30:27'),
	(2282, '90.78', '2018-01-15 15:30:28'),
	(2283, '90.78', '2018-01-15 15:30:31'),
	(2284, '90.774', '2018-01-15 15:30:34'),
	(2285, '90.779', '2018-01-15 15:30:38'),
	(2286, '90.779', '2018-01-15 15:30:39'),
	(2287, '90.779', '2018-01-15 15:30:42'),
	(2288, '90.779', '2018-01-15 15:30:44'),
	(2292, '90.778', '2018-01-15 15:30:55'),
	(2294, '90.778', '2018-01-15 15:30:58'),
	(2295, '90.778', '2018-01-15 15:31:01'),
	(2296, '90.776', '2018-01-15 15:31:05'),
	(2298, '90.776', '2018-01-15 15:31:08'),
	(2299, '90.776', '2018-01-15 15:31:12'),
	(2300, '90.781', '2018-01-15 15:31:14'),
	(2301, '90.781', '2018-01-15 15:31:15'),
	(2302, '90.782', '2018-01-15 15:31:18'),
	(2303, '90.781', '2018-01-15 15:31:20'),
	(2304, '90.782', '2018-01-15 15:31:23'),
	(2305, '90.782', '2018-01-15 15:31:25'),
	(2306, '90.782', '2018-01-15 15:31:26'),
	(2309, '90.787', '2018-01-15 15:31:33'),
	(2310, '90.787', '2018-01-15 15:31:37'),
	(2311, '90.793', '2018-01-15 15:31:40'),
	(2314, '90.793', '2018-01-15 15:31:46'),
	(2315, '90.789', '2018-01-15 15:31:53'),
	(2316, '90.793', '2018-01-15 15:31:56'),
	(2317, '90.794', '2018-01-15 15:31:57'),
	(2318, '90.794', '2018-01-15 15:32:01'),
	(2319, '90.793', '2018-01-15 15:32:02'),
	(2320, '90.791', '2018-01-15 15:32:04'),
	(2321, '90.791', '2018-01-15 15:32:09'),
	(2325, '90.792', '2018-01-15 15:32:19'),
	(2329, '90.791', '2018-01-15 15:32:32'),
	(2330, '90.791', '2018-01-15 15:32:35'),
	(2331, '90.786', '2018-01-15 15:32:37'),
	(2332, '90.791', '2018-01-15 15:32:41'),
	(2333, '90.786', '2018-01-15 15:32:43'),
	(2334, '90.786', '2018-01-15 15:32:46'),
	(2335, '90.791', '2018-01-15 15:32:49'),
	(2336, '90.79', '2018-01-15 15:32:50'),
	(2337, '90.79', '2018-01-15 15:32:53'),
	(2338, '90.791', '2018-01-15 15:32:56'),
	(2339, '90.791', '2018-01-15 15:32:59'),
	(2340, '90.796', '2018-01-15 15:33:01'),
	(2341, '90.792', '2018-01-15 15:33:04'),
	(2342, '90.791', '2018-01-15 15:33:06'),
	(2343, '90.791', '2018-01-15 15:33:10'),
	(2344, '90.789', '2018-01-15 15:33:16'),
	(2345, '90.79', '2018-01-15 15:33:17'),
	(2348, '90.79', '2018-01-15 15:33:25'),
	(2350, '90.791', '2018-01-15 15:33:30'),
	(2351, '90.796', '2018-01-15 15:33:33'),
	(2352, '90.795', '2018-01-15 15:33:35'),
	(2353, '90.795', '2018-01-15 15:33:36'),
	(2354, '90.795', '2018-01-15 15:33:40'),
	(2355, '90.795', '2018-01-15 15:33:41'),
	(2356, '90.795', '2018-01-15 15:33:46'),
	(2358, '90.79', '2018-01-15 15:33:51'),
	(2360, '90.791', '2018-01-15 15:33:55'),
	(2362, '90.79', '2018-01-15 15:34:00'),
	(2363, '90.791', '2018-01-15 15:34:01'),
	(2364, '90.79', '2018-01-15 15:34:05'),
	(2366, '90.791', '2018-01-15 15:34:09'),
	(2367, '90.79', '2018-01-15 15:34:11'),
	(2368, '90.786', '2018-01-15 15:34:14'),
	(2369, '90.787', '2018-01-15 15:34:18'),
	(2370, '90.791', '2018-01-15 15:34:19'),
	(2371, '90.791', '2018-01-15 15:34:22'),
	(2372, '90.79', '2018-01-15 15:34:25'),
	(2373, '90.786', '2018-01-15 15:34:28'),
	(2374, '90.786', '2018-01-15 15:34:30'),
	(2375, '90.786', '2018-01-15 15:34:32'),
	(2376, '90.786', '2018-01-15 15:34:33'),
	(2377, '90.785', '2018-01-15 15:34:36'),
	(2378, '90.786', '2018-01-15 15:34:37'),
	(2379, '90.785', '2018-01-15 15:34:40'),
	(2381, '90.786', '2018-01-15 15:34:45'),
	(2383, '90.787', '2018-01-15 15:34:54'),
	(2384, '90.787', '2018-01-15 15:34:56'),
	(2385, '90.786', '2018-01-15 15:34:59'),
	(2386, '90.786', '2018-01-15 15:35:02'),
	(2387, '90.786', '2018-01-15 15:35:04'),
	(2388, '90.785', '2018-01-15 15:35:06'),
	(2390, '90.785', '2018-01-15 15:35:12'),
	(2391, '90.786', '2018-01-15 15:35:18'),
	(2393, '90.785', '2018-01-15 15:35:23'),
	(2394, '90.786', '2018-01-15 15:35:25'),
	(2396, '90.787', '2018-01-15 15:35:30'),
	(2397, '90.786', '2018-01-15 15:35:33'),
	(2398, '90.797', '2018-01-15 15:35:36'),
	(2399, '90.798', '2018-01-15 15:35:39'),
	(2400, '90.799', '2018-01-15 15:35:41'),
	(2401, '90.799', '2018-01-15 15:35:43'),
	(2402, '90.799', '2018-01-15 15:35:45'),
	(2403, '90.8', '2018-01-15 15:35:46'),
	(2404, '90.8', '2018-01-15 15:35:49'),
	(2406, '90.8', '2018-01-15 15:35:53'),
	(2407, '90.801', '2018-01-15 15:35:56'),
	(2408, '90.802', '2018-01-15 15:35:58'),
	(2409, '90.802', '2018-01-15 15:36:01'),
	(2410, '90.807', '2018-01-15 15:36:04'),
	(2411, '90.807', '2018-01-15 15:36:06'),
	(2412, '90.808', '2018-01-15 15:36:07'),
	(2413, '90.808', '2018-01-15 15:36:13'),
	(2414, '90.809', '2018-01-15 15:36:15'),
	(2415, '90.815', '2018-01-15 15:36:19'),
	(2416, '90.815', '2018-01-15 15:36:22'),
	(2418, '90.816', '2018-01-15 15:36:27'),
	(2419, '90.816', '2018-01-15 15:36:29'),
	(2420, '90.815', '2018-01-15 15:36:32'),
	(2421, '90.815', '2018-01-15 15:36:33'),
	(2422, '90.815', '2018-01-15 15:36:37'),
	(2424, '90.816', '2018-01-15 15:36:42'),
	(2425, '90.815', '2018-01-15 15:36:43'),
	(2426, '90.816', '2018-01-15 15:36:47'),
	(2427, '90.816', '2018-01-15 15:36:50'),
	(2428, '90.817', '2018-01-15 15:36:52'),
	(2429, '90.819', '2018-01-15 15:36:56'),
	(2431, '90.818', '2018-01-15 15:36:59'),
	(2434, '90.818', '2018-01-15 15:37:05'),
	(2435, '90.818', '2018-01-15 15:37:09'),
	(2436, '90.816', '2018-01-15 15:37:11'),
	(2437, '90.816', '2018-01-15 15:37:14'),
	(2438, '90.816', '2018-01-15 15:37:16'),
	(2439, '90.817', '2018-01-15 15:37:19'),
	(2440, '90.821', '2018-01-15 15:37:22'),
	(2441, '90.821', '2018-01-15 15:37:23'),
	(2442, '90.823', '2018-01-15 15:37:26'),
	(2443, '90.823', '2018-01-15 15:37:29'),
	(2444, '90.822', '2018-01-15 15:37:31'),
	(2445, '90.822', '2018-01-15 15:37:35'),
	(2446, '90.832', '2018-01-15 15:42:38'),
	(2447, '90.831', '2018-01-15 15:42:40'),
	(2448, '90.827', '2018-01-15 15:42:42'),
	(2449, '90.827', '2018-01-15 15:42:44'),
	(2450, '90.827', '2018-01-15 15:42:46'),
	(2451, '90.821', '2018-01-15 15:43:47'),
	(2453, '90.823', '2018-01-15 15:43:52'),
	(2454, '90.823', '2018-01-15 15:43:54'),
	(2455, '90.822', '2018-01-15 15:43:56'),
	(2456, '90.826', '2018-01-15 15:43:58'),
	(2457, '90.829', '2018-01-15 15:45:25'),
	(2458, '90.829', '2018-01-15 15:45:29'),
	(2459, '90.83', '2018-01-15 15:45:31'),
	(2460, '90.831', '2018-01-15 15:45:33'),
	(2461, '90.835', '2018-01-15 15:45:35'),
	(2462, '90.835', '2018-01-15 15:45:39'),
	(2463, '90.835', '2018-01-15 15:45:42'),
	(2464, '90.835', '2018-01-15 15:45:43'),
	(2465, '90.836', '2018-01-15 15:45:46'),
	(2467, '90.836', '2018-01-15 15:45:52'),
	(2468, '90.835', '2018-01-15 15:45:55'),
	(2469, '90.839', '2018-01-15 15:45:57'),
	(2470, '90.839', '2018-01-15 15:46:00'),
	(2471, '90.839', '2018-01-15 15:46:02'),
	(2474, '90.833', '2018-01-15 15:46:09'),
	(2475, '90.833', '2018-01-15 15:46:14'),
	(2476, '90.829', '2018-01-15 15:46:17'),
	(2477, '90.829', '2018-01-15 15:46:19'),
	(2478, '90.828', '2018-01-15 15:46:22'),
	(2479, '90.832', '2018-01-15 15:46:25'),
	(2480, '90.832', '2018-01-15 15:46:28'),
	(2482, '90.832', '2018-01-15 15:46:32'),
	(2483, '90.827', '2018-01-15 15:46:35'),
	(2484, '90.826', '2018-01-15 15:46:38'),
	(2485, '90.821', '2018-01-15 15:46:40'),
	(2486, '90.821', '2018-01-15 15:46:43'),
	(2487, '90.826', '2018-01-15 15:46:45'),
	(2490, '90.826', '2018-01-15 15:46:52'),
	(2492, '90.826', '2018-01-15 15:46:57'),
	(2493, '90.826', '2018-01-15 15:47:01'),
	(2495, '90.825', '2018-01-15 15:47:06'),
	(2496, '90.821', '2018-01-15 15:47:08'),
	(2497, '90.818', '2018-01-15 15:47:10'),
	(2498, '90.819', '2018-01-15 15:47:13'),
	(2499, '90.819', '2018-01-15 15:47:15'),
	(2500, '90.819', '2018-01-15 15:47:18'),
	(2501, '90.824', '2018-01-15 15:47:22'),
	(2502, '90.829', '2018-01-15 15:47:25'),
	(2503, '90.829', '2018-01-15 15:47:27'),
	(2505, '90.829', '2018-01-15 15:47:31'),
	(2506, '90.825', '2018-01-15 15:47:33'),
	(2507, '90.824', '2018-01-15 15:47:35'),
	(2508, '90.824', '2018-01-15 15:47:38'),
	(2510, '90.828', '2018-01-15 15:47:43'),
	(2511, '90.824', '2018-01-15 15:47:45'),
	(2512, '90.823', '2018-01-15 15:47:49'),
	(2513, '90.824', '2018-01-15 15:47:51'),
	(2514, '90.824', '2018-01-15 15:47:53'),
	(2515, '90.824', '2018-01-15 15:47:56'),
	(2516, '90.828', '2018-01-15 15:47:58'),
	(2518, '90.828', '2018-01-15 15:48:04'),
	(2519, '90.829', '2018-01-15 15:48:10'),
	(2520, '90.829', '2018-01-15 15:48:13'),
	(2521, '90.829', '2018-01-15 15:48:16'),
	(2522, '90.829', '2018-01-15 15:48:18'),
	(2523, '90.829', '2018-01-15 15:48:22'),
	(2524, '90.829', '2018-01-15 15:48:23'),
	(2525, '90.828', '2018-01-15 15:48:25'),
	(2526, '90.828', '2018-01-15 15:48:32'),
	(2527, '90.828', '2018-01-15 15:48:33'),
	(2528, '90.828', '2018-01-15 15:48:34'),
	(2529, '90.827', '2018-01-15 15:48:39'),
	(2532, '90.832', '2018-01-15 15:48:47'),
	(2534, '90.832', '2018-01-15 15:48:52'),
	(2536, '90.833', '2018-01-15 15:48:57'),
	(2538, '90.832', '2018-01-15 15:49:02'),
	(2539, '90.833', '2018-01-15 15:49:04'),
	(2540, '90.828', '2018-01-15 15:49:07'),
	(2541, '90.829', '2018-01-15 15:49:09'),
	(2542, '90.833', '2018-01-15 15:49:11'),
	(2545, '90.833', '2018-01-15 15:49:19'),
	(2546, '90.832', '2018-01-15 15:49:23'),
	(2547, '90.832', '2018-01-15 15:49:26'),
	(2548, '90.832', '2018-01-15 15:49:27'),
	(2550, '90.833', '2018-01-15 15:49:30'),
	(2551, '90.832', '2018-01-15 15:49:35'),
	(2552, '90.832', '2018-01-15 15:49:37'),
	(2553, '90.832', '2018-01-15 15:49:39'),
	(2554, '90.831', '2018-01-15 15:49:43'),
	(2556, '90.83', '2018-01-15 15:49:48'),
	(2557, '90.832', '2018-01-15 15:49:51'),
	(2558, '90.832', '2018-01-15 15:49:53'),
	(2559, '90.832', '2018-01-15 15:49:55'),
	(2560, '90.832', '2018-01-15 15:50:00'),
	(2561, '90.833', '2018-01-15 15:50:02'),
	(2563, '90.834', '2018-01-15 15:50:07'),
	(2564, '90.834', '2018-01-15 15:50:10'),
	(2565, '90.835', '2018-01-15 15:50:12'),
	(2567, '90.833', '2018-01-15 15:50:18'),
	(2568, '90.834', '2018-01-15 15:50:20'),
	(2569, '90.833', '2018-01-15 15:50:22'),
	(2570, '90.833', '2018-01-15 15:50:26'),
	(2571, '90.835', '2018-01-15 15:50:28'),
	(2572, '90.835', '2018-01-15 15:50:31'),
	(2573, '90.835', '2018-01-15 15:50:34'),
	(2574, '90.834', '2018-01-15 15:50:37'),
	(2575, '90.834', '2018-01-15 15:50:39'),
	(2576, '90.834', '2018-01-15 15:50:41'),
	(2577, '90.834', '2018-01-15 15:50:44'),
	(2578, '90.834', '2018-01-15 15:50:46'),
	(2580, '90.834', '2018-01-15 15:50:52'),
	(2581, '90.835', '2018-01-15 15:50:54'),
	(2582, '90.835', '2018-01-15 15:50:56'),
	(2583, '90.834', '2018-01-15 15:50:58'),
	(2584, '90.834', '2018-01-15 15:51:00'),
	(2585, '90.83', '2018-01-15 15:51:03'),
	(2586, '90.834', '2018-01-15 15:51:05'),
	(2587, '90.83', '2018-01-15 15:51:07'),
	(2588, '90.83', '2018-01-15 15:51:09'),
	(2589, '90.83', '2018-01-15 15:51:12'),
	(2590, '90.834', '2018-01-15 15:51:13'),
	(2591, '90.834', '2018-01-15 15:51:16'),
	(2592, '90.83', '2018-01-15 15:51:20'),
	(2593, '90.829', '2018-01-15 15:51:22'),
	(2594, '90.825', '2018-01-15 15:51:24'),
	(2595, '90.824', '2018-01-15 15:51:27'),
	(2597, '90.828', '2018-01-15 15:51:31'),
	(2598, '90.822', '2018-01-15 15:51:38'),
	(2599, '90.817', '2018-01-15 15:51:41'),
	(2600, '90.816', '2018-01-15 15:51:43'),
	(2601, '90.817', '2018-01-15 15:51:44'),
	(2602, '90.817', '2018-01-15 15:51:48'),
	(2603, '90.817', '2018-01-15 15:51:50'),
	(2604, '90.816', '2018-01-15 15:51:54'),
	(2606, '90.816', '2018-01-15 15:51:57'),
	(2607, '90.815', '2018-01-15 15:52:01'),
	(2608, '90.816', '2018-01-15 15:52:03'),
	(2609, '90.816', '2018-01-15 15:52:04'),
	(2610, '90.816', '2018-01-15 15:52:07'),
	(2611, '90.816', '2018-01-15 15:52:11'),
	(2612, '90.811', '2018-01-15 15:52:12'),
	(2613, '90.809', '2018-01-15 15:52:17'),
	(2614, '90.804', '2018-01-15 15:52:19'),
	(2615, '90.804', '2018-01-15 15:52:21'),
	(2616, '90.804', '2018-01-15 15:52:23'),
	(2617, '90.804', '2018-01-15 15:52:26'),
	(2618, '90.805', '2018-01-15 15:52:28'),
	(2619, '90.803', '2018-01-15 15:52:32'),
	(2620, '90.803', '2018-01-15 15:52:34'),
	(2621, '90.802', '2018-01-15 15:52:36'),
	(2622, '90.8', '2018-01-15 15:52:40'),
	(2623, '90.797', '2018-01-15 15:52:42'),
	(2624, '90.797', '2018-01-15 15:52:44'),
	(2625, '90.797', '2018-01-15 15:52:46'),
	(2626, '90.797', '2018-01-15 15:52:49'),
	(2627, '90.797', '2018-01-15 15:52:51'),
	(2629, '90.797', '2018-01-15 15:52:56'),
	(2630, '90.796', '2018-01-15 15:52:59'),
	(2631, '90.797', '2018-01-15 15:53:01'),
	(2632, '90.797', '2018-01-15 15:53:04'),
	(2633, '90.797', '2018-01-15 15:53:07'),
	(2635, '90.797', '2018-01-15 15:53:12'),
	(2636, '90.797', '2018-01-15 15:53:13'),
	(2640, '90.797', '2018-01-15 15:53:24'),
	(2642, '90.797', '2018-01-15 15:53:30'),
	(2643, '90.797', '2018-01-15 15:53:34'),
	(2646, '90.797', '2018-01-15 15:53:43'),
	(2647, '90.796', '2018-01-15 15:53:45'),
	(2648, '90.796', '2018-01-15 15:53:48'),
	(2653, '90.795', '2018-01-15 15:54:00'),
	(2655, '90.794', '2018-01-15 15:54:08'),
	(2657, '90.796', '2018-01-15 15:54:13'),
	(2658, '90.796', '2018-01-15 15:54:15'),
	(2659, '90.797', '2018-01-15 15:54:18'),
	(2661, '90.796', '2018-01-15 15:54:21'),
	(2662, '90.796', '2018-01-15 15:54:23'),
	(2663, '90.795', '2018-01-15 15:54:26'),
	(2664, '90.796', '2018-01-15 15:54:30'),
	(2665, '90.796', '2018-01-15 15:54:33'),
	(2666, '90.796', '2018-01-15 15:54:36'),
	(2667, '90.791', '2018-01-15 15:54:37'),
	(2668, '90.791', '2018-01-15 15:54:39'),
	(2670, '90.791', '2018-01-15 15:54:45'),
	(2671, '90.791', '2018-01-15 15:54:48'),
	(2672, '90.798', '2018-01-15 15:54:51'),
	(2673, '90.804', '2018-01-15 15:54:54'),
	(2674, '90.808', '2018-01-15 15:54:55'),
	(2675, '90.802', '2018-01-15 15:54:59'),
	(2676, '90.806', '2018-01-15 15:55:02'),
	(2677, '90.806', '2018-01-15 15:55:04'),
	(2678, '90.807', '2018-01-15 15:55:07'),
	(2679, '90.808', '2018-01-15 15:55:10'),
	(2680, '90.797', '2018-01-15 15:55:22'),
	(2682, '90.797', '2018-01-15 15:55:27'),
	(2683, '90.798', '2018-01-15 15:55:30'),
	(2684, '90.797', '2018-01-15 15:55:32'),
	(2686, '90.797', '2018-01-15 15:55:37'),
	(2687, '90.797', '2018-01-15 15:55:41'),
	(2688, '90.796', '2018-01-15 15:55:44'),
	(2691, '90.796', '2018-01-15 15:55:55'),
	(2692, '90.796', '2018-01-15 15:55:58'),
	(2693, '90.783', '2018-01-15 15:56:06'),
	(2694, '90.783', '2018-01-15 15:56:07'),
	(2695, '90.782', '2018-01-15 15:56:12'),
	(2696, '90.781', '2018-01-15 15:56:14'),
	(2697, '90.781', '2018-01-15 15:56:16'),
	(2698, '90.781', '2018-01-15 15:56:20'),
	(2699, '90.782', '2018-01-15 15:56:24'),
	(2700, '90.782', '2018-01-15 15:56:26'),
	(2701, '90.781', '2018-01-15 15:56:28'),
	(2702, '90.781', '2018-01-15 15:56:32'),
	(2703, '90.777', '2018-01-15 15:56:36'),
	(2704, '90.777', '2018-01-15 15:56:40'),
	(2705, '90.776', '2018-01-15 15:56:41'),
	(2706, '90.775', '2018-01-15 15:56:44'),
	(2707, '90.773', '2018-01-15 15:56:47'),
	(2708, '90.776', '2018-01-15 15:56:52'),
	(2709, '90.774', '2018-01-15 15:56:54'),
	(2710, '90.78', '2018-01-15 15:56:56'),
	(2711, '90.78', '2018-01-15 15:56:59'),
	(2712, '90.78', '2018-01-15 15:57:01'),
	(2713, '90.78', '2018-01-15 15:57:04'),
	(2714, '90.779', '2018-01-15 15:57:06'),
	(2715, '90.775', '2018-01-15 15:57:09'),
	(2716, '90.775', '2018-01-15 15:57:12'),
	(2717, '90.779', '2018-01-15 15:57:15'),
	(2718, '90.775', '2018-01-15 15:57:17'),
	(2719, '90.772', '2018-01-15 15:57:21'),
	(2721, '90.774', '2018-01-15 15:57:25'),
	(2722, '90.772', '2018-01-15 15:57:28'),
	(2723, '90.772', '2018-01-15 15:57:31'),
	(2724, '90.762', '2018-01-15 15:57:37'),
	(2725, '90.762', '2018-01-15 15:57:38'),
	(2726, '90.763', '2018-01-15 15:57:44'),
	(2727, '90.758', '2018-01-15 15:57:47'),
	(2728, '90.76', '2018-01-15 15:57:49'),
	(2729, '90.764', '2018-01-15 15:57:52'),
	(2730, '90.762', '2018-01-15 15:57:55'),
	(2731, '90.759', '2018-01-15 15:57:57'),
	(2732, '90.763', '2018-01-15 15:57:59'),
	(2733, '90.765', '2018-01-15 15:58:02'),
	(2734, '90.765', '2018-01-15 15:58:05'),
	(2736, '90.764', '2018-01-15 15:58:10'),
	(2737, '90.763', '2018-01-15 15:58:13'),
	(2738, '90.764', '2018-01-15 15:58:16'),
	(2739, '90.77', '2018-01-15 15:58:19'),
	(2740, '90.77', '2018-01-15 15:58:21'),
	(2741, '90.77', '2018-01-15 15:58:24'),
	(2742, '90.77', '2018-01-15 15:58:25'),
	(2743, '90.764', '2018-01-15 15:58:29'),
	(2744, '90.759', '2018-01-15 15:58:30'),
	(2745, '90.76', '2018-01-15 15:58:34'),
	(2746, '90.765', '2018-01-15 15:58:36'),
	(2747, '90.77', '2018-01-15 15:58:39'),
	(2748, '90.771', '2018-01-15 15:58:42'),
	(2749, '90.771', '2018-01-15 15:58:44'),
	(2750, '90.77', '2018-01-15 15:58:47'),
	(2751, '90.766', '2018-01-15 15:58:50'),
	(2752, '90.771', '2018-01-15 15:58:54'),
	(2753, '90.766', '2018-01-15 15:58:57'),
	(2754, '90.766', '2018-01-15 15:58:58'),
	(2755, '90.765', '2018-01-15 15:59:02'),
	(2756, '90.766', '2018-01-15 15:59:04'),
	(2757, '90.766', '2018-01-15 15:59:07'),
	(2759, '90.766', '2018-01-15 15:59:12'),
	(2760, '90.767', '2018-01-15 15:59:14'),
	(2761, '90.767', '2018-01-15 15:59:16'),
	(2762, '90.772', '2018-01-15 15:59:20'),
	(2763, '90.773', '2018-01-15 15:59:21'),
	(2764, '90.772', '2018-01-15 15:59:22'),
	(2765, '90.773', '2018-01-15 15:59:27'),
	(2766, '90.774', '2018-01-15 15:59:30'),
	(2767, '90.774', '2018-01-15 15:59:32'),
	(2768, '90.774', '2018-01-15 15:59:34'),
	(2769, '90.779', '2018-01-15 15:59:37'),
	(2770, '90.774', '2018-01-15 15:59:38'),
	(2771, '90.774', '2018-01-15 15:59:41'),
	(2772, '90.773', '2018-01-15 15:59:44'),
	(2774, '90.773', '2018-01-15 15:59:49'),
	(2776, '90.774', '2018-01-15 15:59:54'),
	(2777, '90.773', '2018-01-15 15:59:58'),
	(2778, '90.785', '2018-01-15 16:00:02'),
	(2779, '90.786', '2018-01-15 16:00:04'),
	(2780, '90.787', '2018-01-15 16:00:07'),
	(2781, '90.787', '2018-01-15 16:00:09'),
	(2782, '90.788', '2018-01-15 16:00:12'),
	(2783, '90.789', '2018-01-15 16:00:14'),
	(2784, '90.788', '2018-01-15 16:00:18'),
	(2785, '90.788', '2018-01-15 16:00:21'),
	(2786, '90.788', '2018-01-15 16:00:24'),
	(2787, '90.788', '2018-01-15 16:00:27'),
	(2788, '90.788', '2018-01-15 16:00:28'),
	(2789, '90.788', '2018-01-15 16:00:35'),
	(2790, '90.788', '2018-01-15 16:00:39'),
	(2791, '90.788', '2018-01-15 16:00:41'),
	(2792, '90.789', '2018-01-15 16:00:44'),
	(2793, '90.783', '2018-01-15 16:00:46'),
	(2794, '90.781', '2018-01-15 16:00:48'),
	(2795, '90.782', '2018-01-15 16:00:51'),
	(2796, '90.782', '2018-01-15 16:00:52'),
	(2797, '90.777', '2018-01-15 16:00:57'),
	(2798, '90.777', '2018-01-15 16:00:59'),
	(2799, '90.776', '2018-01-15 16:01:02'),
	(2800, '90.775', '2018-01-15 16:01:05'),
	(2801, '90.775', '2018-01-15 16:01:06'),
	(2802, '90.775', '2018-01-15 16:01:09'),
	(2803, '90.775', '2018-01-15 16:01:10'),
	(2804, '90.773', '2018-01-15 16:01:15'),
	(2805, '90.761', '2018-01-15 16:01:19'),
	(2806, '90.756', '2018-01-15 16:01:21'),
	(2807, '90.756', '2018-01-15 16:01:22'),
	(2808, '90.756', '2018-01-15 16:01:25'),
	(2809, '90.762', '2018-01-15 16:01:30'),
	(2810, '90.768', '2018-01-15 16:01:32'),
	(2811, '90.768', '2018-01-15 16:01:35'),
	(2812, '90.768', '2018-01-15 16:01:39'),
	(2813, '90.772', '2018-01-15 16:01:41'),
	(2814, '90.772', '2018-01-15 16:01:44'),
	(2815, '90.77', '2018-01-15 16:01:48'),
	(2818, '90.77', '2018-01-15 16:01:57'),
	(2819, '90.77', '2018-01-15 16:01:59'),
	(2820, '90.766', '2018-01-15 16:02:03'),
	(2821, '90.766', '2018-01-15 16:02:06'),
	(2823, '90.766', '2018-01-15 16:02:09'),
	(2825, '90.768', '2018-01-15 16:02:15'),
	(2826, '90.772', '2018-01-15 16:02:18'),
	(2827, '90.772', '2018-01-15 16:02:24'),
	(2828, '90.772', '2018-01-15 16:02:28'),
	(2829, '90.773', '2018-01-15 16:02:29'),
	(2830, '90.774', '2018-01-15 16:02:33'),
	(2831, '90.774', '2018-01-15 16:02:35'),
	(2832, '90.772', '2018-01-15 16:02:38'),
	(2833, '90.773', '2018-01-15 16:02:39'),
	(2835, '90.771', '2018-01-15 16:02:45'),
	(2836, '90.772', '2018-01-15 16:02:47'),
	(2837, '90.772', '2018-01-15 16:02:49'),
	(2838, '90.779', '2018-01-15 16:02:53'),
	(2839, '90.779', '2018-01-15 16:02:55'),
	(2840, '90.778', '2018-01-15 16:02:59'),
	(2841, '90.778', '2018-01-15 16:03:01'),
	(2842, '90.778', '2018-01-15 16:03:03'),
	(2843, '90.779', '2018-01-15 16:03:05'),
	(2844, '90.777', '2018-01-15 16:03:08'),
	(2845, '90.778', '2018-01-15 16:03:11'),
	(2846, '90.783', '2018-01-15 16:03:15'),
	(2847, '90.783', '2018-01-15 16:03:16'),
	(2848, '90.784', '2018-01-15 16:03:20'),
	(2849, '90.784', '2018-01-15 16:03:21'),
	(2850, '90.785', '2018-01-15 16:03:26'),
	(2852, '90.784', '2018-01-15 16:03:32'),
	(2853, '90.783', '2018-01-15 16:03:34'),
	(2854, '90.779', '2018-01-15 16:03:36'),
	(2855, '90.78', '2018-01-15 16:03:37'),
	(2856, '90.78', '2018-01-15 16:03:40'),
	(2857, '90.779', '2018-01-15 16:03:44'),
	(2858, '90.773', '2018-01-15 16:03:47'),
	(2859, '90.773', '2018-01-15 16:03:49'),
	(2860, '90.771', '2018-01-15 16:03:52'),
	(2861, '90.767', '2018-01-15 16:03:56'),
	(2862, '90.768', '2018-01-15 16:03:58'),
	(2863, '90.768', '2018-01-15 16:04:01'),
	(2864, '90.763', '2018-01-15 16:04:03'),
	(2865, '90.763', '2018-01-15 16:04:05'),
	(2866, '90.764', '2018-01-15 16:04:08'),
	(2867, '90.764', '2018-01-15 16:04:09'),
	(2869, '90.768', '2018-01-15 16:04:15'),
	(2870, '90.764', '2018-01-15 16:04:17'),
	(2871, '90.764', '2018-01-15 16:04:19'),
	(2872, '90.764', '2018-01-15 16:04:21'),
	(2873, '90.763', '2018-01-15 16:04:24'),
	(2874, '90.763', '2018-01-15 16:04:26'),
	(2875, '90.763', '2018-01-15 16:04:29'),
	(2876, '90.763', '2018-01-15 16:04:32'),
	(2877, '90.769', '2018-01-15 16:04:35'),
	(2878, '90.765', '2018-01-15 16:04:37'),
	(2879, '90.764', '2018-01-15 16:04:41'),
	(2880, '90.759', '2018-01-15 16:04:44'),
	(2881, '90.76', '2018-01-15 16:04:47'),
	(2882, '90.76', '2018-01-15 16:04:49'),
	(2883, '90.764', '2018-01-15 16:04:52'),
	(2885, '90.763', '2018-01-15 16:04:56'),
	(2886, '90.758', '2018-01-15 16:04:59'),
	(2887, '90.762', '2018-01-15 16:05:01'),
	(2888, '90.758', '2018-01-15 16:05:03'),
	(2890, '90.762', '2018-01-15 16:05:08'),
	(2892, '90.762', '2018-01-15 16:05:12'),
	(2893, '90.763', '2018-01-15 16:05:15'),
	(2894, '90.764', '2018-01-15 16:05:17'),
	(2895, '90.764', '2018-01-15 16:05:20'),
	(2896, '90.764', '2018-01-15 16:05:22'),
	(2897, '90.758', '2018-01-15 16:05:25'),
	(2898, '90.758', '2018-01-15 16:05:28'),
	(2899, '90.751', '2018-01-15 16:05:29'),
	(2900, '90.741', '2018-01-15 16:05:33'),
	(2901, '90.74', '2018-01-15 16:05:35'),
	(2902, '90.739', '2018-01-15 16:05:37'),
	(2903, '90.739', '2018-01-15 16:05:41'),
	(2904, '90.739', '2018-01-15 16:05:43'),
	(2905, '90.739', '2018-01-15 16:05:45'),
	(2906, '90.735', '2018-01-15 16:05:48'),
	(2907, '90.734', '2018-01-15 16:05:50'),
	(2908, '90.738', '2018-01-15 16:05:53'),
	(2910, '90.738', '2018-01-15 16:05:57'),
	(2911, '90.738', '2018-01-15 16:05:59'),
	(2912, '90.738', '2018-01-15 16:06:01'),
	(2913, '90.732', '2018-01-15 16:06:05'),
	(2914, '90.717', '2018-01-15 16:06:08'),
	(2915, '90.712', '2018-01-15 16:06:10'),
	(2916, '90.712', '2018-01-15 16:06:13'),
	(2917, '90.713', '2018-01-15 16:06:17'),
	(2918, '90.709', '2018-01-15 16:06:19'),
	(2919, '90.714', '2018-01-15 16:06:23'),
	(2920, '90.714', '2018-01-15 16:06:26'),
	(2921, '90.715', '2018-01-15 16:06:27'),
	(2922, '90.715', '2018-01-15 16:06:31'),
	(2923, '90.714', '2018-01-15 16:06:33'),
	(2924, '90.713', '2018-01-15 16:06:35'),
	(2925, '90.713', '2018-01-15 16:06:38'),
	(2926, '90.719', '2018-01-15 16:06:41'),
	(2927, '90.724', '2018-01-15 16:06:43'),
	(2928, '90.725', '2018-01-15 16:06:46'),
	(2929, '90.724', '2018-01-15 16:06:49'),
	(2930, '90.724', '2018-01-15 16:06:52'),
	(2931, '90.72', '2018-01-15 16:06:56');
/*!40000 ALTER TABLE `data_usd` ENABLE KEYS */;

-- 导出  表 yunlife.data_xau 结构
DROP TABLE IF EXISTS `data_xau`;
CREATE TABLE IF NOT EXISTS `data_xau` (
  `id` int(11) NOT NULL AUTO_INCREMENT,
  `price` varchar(30) DEFAULT NULL,
  `time` datetime DEFAULT NULL,
  PRIMARY KEY (`id`),
  UNIQUE KEY `time` (`time`)
) ENGINE=InnoDB AUTO_INCREMENT=2936 DEFAULT CHARSET=utf8;

-- 正在导出表  yunlife.data_xau 的数据：~1,910 rows (大约)
/*!40000 ALTER TABLE `data_xau` DISABLE KEYS */;
INSERT INTO `data_xau` (`id`, `price`, `time`) VALUES
	(1, '134091', '2018-01-15 11:21:56'),
	(2, '134088', '2018-01-15 11:21:59'),
	(3, '134088', '2018-01-15 11:22:02'),
	(5, '134088', '2018-01-15 11:22:05'),
	(6, '134085', '2018-01-15 11:22:08'),
	(7, '134085', '2018-01-15 11:22:09'),
	(9, '134085', '2018-01-15 11:22:16'),
	(11, '134085', '2018-01-15 11:22:20'),
	(12, '134084', '2018-01-15 11:22:23'),
	(13, '134084', '2018-01-15 11:22:25'),
	(14, '134076', '2018-01-15 11:22:30'),
	(15, '134075', '2018-01-15 11:22:31'),
	(17, '134074', '2018-01-15 11:22:40'),
	(18, '134075', '2018-01-15 11:22:41'),
	(19, '134066', '2018-01-15 11:22:45'),
	(20, '134065', '2018-01-15 11:22:46'),
	(21, '134065', '2018-01-15 11:22:52'),
	(22, '134064', '2018-01-15 11:22:53'),
	(23, '134066', '2018-01-15 11:22:58'),
	(24, '134070', '2018-01-15 11:23:00'),
	(25, '134074', '2018-01-15 11:23:03'),
	(28, '134075', '2018-01-15 11:23:09'),
	(30, '134083', '2018-01-15 11:23:19'),
	(31, '134083', '2018-01-15 11:23:22'),
	(32, '134084', '2018-01-15 11:23:23'),
	(33, '134080', '2018-01-15 11:23:27'),
	(34, '134084', '2018-01-15 11:23:28'),
	(36, '134086', '2018-01-15 11:23:35'),
	(41, '134087', '2018-01-15 11:23:51'),
	(42, '134086', '2018-01-15 11:24:29'),
	(43, '134085', '2018-01-15 11:24:34'),
	(46, '134085', '2018-01-15 11:24:41'),
	(47, '134086', '2018-01-15 11:24:43'),
	(48, '134093', '2018-01-15 11:24:46'),
	(49, '134097', '2018-01-15 11:24:49'),
	(51, '134107', '2018-01-15 11:24:54'),
	(56, '134108', '2018-01-15 11:25:09'),
	(57, '134108', '2018-01-15 11:25:12'),
	(58, '134107', '2018-01-15 11:25:14'),
	(65, '134106', '2018-01-15 11:25:32'),
	(66, '134107', '2018-01-15 11:25:36'),
	(67, '134106', '2018-01-15 11:25:37'),
	(69, '134107', '2018-01-15 11:25:45'),
	(72, '134106', '2018-01-15 11:25:53'),
	(74, '134107', '2018-01-15 11:26:00'),
	(77, '134108', '2018-01-15 11:26:08'),
	(78, '134117', '2018-01-15 11:26:10'),
	(79, '134117', '2018-01-15 11:26:15'),
	(80, '134118', '2018-01-15 11:26:18'),
	(81, '134119', '2018-01-15 11:26:21'),
	(82, '134119', '2018-01-15 11:26:24'),
	(83, '134119', '2018-01-15 11:26:26'),
	(84, '134122', '2018-01-15 11:26:31'),
	(85, '134118', '2018-01-15 11:26:33'),
	(88, '134107', '2018-01-15 11:56:51'),
	(92, '134108', '2018-01-15 11:57:06'),
	(93, '134109', '2018-01-15 11:57:09'),
	(94, '134111', '2018-01-15 11:57:12'),
	(95, '134406', '2018-01-15 13:59:29'),
	(96, '134406', '2018-01-15 13:59:33'),
	(97, '134406', '2018-01-15 13:59:34'),
	(98, '134406', '2018-01-15 13:59:37'),
	(99, '134407', '2018-01-15 13:59:38'),
	(100, '134407', '2018-01-15 13:59:41'),
	(101, '134407', '2018-01-15 13:59:43'),
	(102, '134406', '2018-01-15 13:59:45'),
	(103, '134398', '2018-01-15 13:59:48'),
	(104, '134397', '2018-01-15 13:59:49'),
	(105, '134396', '2018-01-15 13:59:51'),
	(106, '134396', '2018-01-15 13:59:52'),
	(107, '134382', '2018-01-15 13:59:56'),
	(108, '134381', '2018-01-15 13:59:58'),
	(109, '134383', '2018-01-15 14:00:00'),
	(110, '134385', '2018-01-15 14:00:02'),
	(111, '134385', '2018-01-15 14:00:05'),
	(112, '134389', '2018-01-15 14:00:06'),
	(113, '134395', '2018-01-15 14:00:09'),
	(114, '134397', '2018-01-15 14:00:11'),
	(116, '134389', '2018-01-15 14:00:16'),
	(117, '134388', '2018-01-15 14:00:18'),
	(118, '134387', '2018-01-15 14:00:21'),
	(119, '134386', '2018-01-15 14:00:22'),
	(122, '134392', '2018-01-15 14:00:29'),
	(123, '134387', '2018-01-15 14:00:31'),
	(124, '134387', '2018-01-15 14:00:33'),
	(126, '134396', '2018-01-15 14:00:37'),
	(129, '134387', '2018-01-15 14:00:42'),
	(130, '134386', '2018-01-15 14:00:45'),
	(131, '134386', '2018-01-15 14:00:47'),
	(132, '134386', '2018-01-15 14:00:49'),
	(135, '134379', '2018-01-15 14:00:56'),
	(136, '134382', '2018-01-15 14:00:58'),
	(137, '134382', '2018-01-15 14:01:00'),
	(138, '134379', '2018-01-15 14:01:02'),
	(140, '134378', '2018-01-15 14:01:05'),
	(141, '134377', '2018-01-15 14:01:08'),
	(142, '134378', '2018-01-15 14:01:10'),
	(143, '134377', '2018-01-15 14:01:13'),
	(144, '134384', '2018-01-15 14:01:14'),
	(145, '134377', '2018-01-15 14:01:17'),
	(146, '134375', '2018-01-15 14:01:18'),
	(147, '134375', '2018-01-15 14:01:20'),
	(148, '134382', '2018-01-15 14:01:23'),
	(149, '134376', '2018-01-15 14:01:25'),
	(150, '134375', '2018-01-15 14:01:26'),
	(153, '134382', '2018-01-15 14:01:37'),
	(154, '134376', '2018-01-15 14:01:39'),
	(155, '134375', '2018-01-15 14:01:40'),
	(157, '134383', '2018-01-15 14:01:46'),
	(158, '134384', '2018-01-15 14:01:48'),
	(159, '134383', '2018-01-15 14:01:50'),
	(161, '134384', '2018-01-15 14:01:56'),
	(162, '134384', '2018-01-15 14:01:58'),
	(163, '134383', '2018-01-15 14:02:02'),
	(164, '134393', '2018-01-15 14:02:04'),
	(165, '134394', '2018-01-15 14:02:05'),
	(167, '134394', '2018-01-15 14:02:10'),
	(168, '134393', '2018-01-15 14:02:12'),
	(169, '134393', '2018-01-15 14:02:15'),
	(171, '134385', '2018-01-15 14:02:18'),
	(172, '134397', '2018-01-15 14:02:20'),
	(179, '134396', '2018-01-15 14:02:32'),
	(180, '134403', '2018-01-15 14:02:35'),
	(181, '134414', '2018-01-15 14:02:39'),
	(182, '134426', '2018-01-15 14:02:40'),
	(184, '134424', '2018-01-15 14:02:45'),
	(185, '134425', '2018-01-15 14:02:48'),
	(186, '134425', '2018-01-15 14:02:49'),
	(187, '134426', '2018-01-15 14:02:54'),
	(188, '134423', '2018-01-15 14:02:58'),
	(189, '134417', '2018-01-15 14:03:00'),
	(190, '134416', '2018-01-15 14:03:01'),
	(191, '134417', '2018-01-15 14:03:05'),
	(192, '134426', '2018-01-15 14:03:10'),
	(193, '134428', '2018-01-15 14:03:12'),
	(195, '134427', '2018-01-15 14:03:15'),
	(196, '134430', '2018-01-15 14:03:18'),
	(197, '134430', '2018-01-15 14:03:20'),
	(198, '134430', '2018-01-15 14:03:23'),
	(199, '134434', '2018-01-15 14:03:24'),
	(200, '134437', '2018-01-15 14:03:28'),
	(201, '134436', '2018-01-15 14:03:30'),
	(202, '134436', '2018-01-15 14:03:32'),
	(203, '134426', '2018-01-15 14:03:34'),
	(204, '134419', '2018-01-15 14:03:36'),
	(205, '134417', '2018-01-15 14:03:37'),
	(206, '134413', '2018-01-15 14:03:40'),
	(208, '134406', '2018-01-15 14:03:45'),
	(209, '134407', '2018-01-15 14:03:47'),
	(210, '134410', '2018-01-15 14:03:49'),
	(211, '134424', '2018-01-15 14:03:52'),
	(212, '134417', '2018-01-15 14:03:54'),
	(213, '134418', '2018-01-15 14:03:56'),
	(214, '134435', '2018-01-15 14:03:57'),
	(215, '134435', '2018-01-15 14:03:59'),
	(216, '134427', '2018-01-15 14:04:02'),
	(217, '134426', '2018-01-15 14:04:04'),
	(218, '134425', '2018-01-15 14:04:06'),
	(219, '134418', '2018-01-15 14:04:08'),
	(220, '134417', '2018-01-15 14:04:10'),
	(221, '134407', '2018-01-15 14:04:13'),
	(222, '134406', '2018-01-15 14:04:14'),
	(223, '134406', '2018-01-15 14:04:17'),
	(224, '134397', '2018-01-15 14:04:19'),
	(226, '134406', '2018-01-15 14:04:24'),
	(227, '134406', '2018-01-15 14:04:27'),
	(229, '134407', '2018-01-15 14:04:31'),
	(230, '134405', '2018-01-15 14:04:33'),
	(231, '134406', '2018-01-15 14:04:35'),
	(232, '134398', '2018-01-15 14:04:38'),
	(233, '134397', '2018-01-15 14:04:39'),
	(235, '134396', '2018-01-15 14:04:43'),
	(237, '134406', '2018-01-15 14:04:47'),
	(238, '134404', '2018-01-15 14:04:49'),
	(239, '134405', '2018-01-15 14:04:51'),
	(240, '134406', '2018-01-15 14:04:54'),
	(241, '134405', '2018-01-15 14:04:56'),
	(242, '134404', '2018-01-15 14:04:58'),
	(243, '134402', '2018-01-15 14:05:01'),
	(244, '134388', '2018-01-15 14:05:03'),
	(245, '134386', '2018-01-15 14:05:05'),
	(246, '134386', '2018-01-15 14:05:07'),
	(248, '134384', '2018-01-15 14:05:14'),
	(249, '134395', '2018-01-15 14:05:15'),
	(250, '134396', '2018-01-15 14:05:17'),
	(251, '134388', '2018-01-15 14:05:20'),
	(252, '134385', '2018-01-15 14:05:21'),
	(253, '134385', '2018-01-15 14:05:25'),
	(254, '134378', '2018-01-15 14:05:27'),
	(255, '134383', '2018-01-15 14:05:29'),
	(256, '134388', '2018-01-15 14:05:30'),
	(257, '134387', '2018-01-15 14:05:34'),
	(258, '134388', '2018-01-15 14:05:37'),
	(259, '134387', '2018-01-15 14:05:39'),
	(261, '134388', '2018-01-15 14:05:43'),
	(262, '134385', '2018-01-15 14:05:45'),
	(263, '134381', '2018-01-15 14:05:48'),
	(264, '134374', '2018-01-15 14:05:53'),
	(265, '134378', '2018-01-15 14:05:55'),
	(266, '134378', '2018-01-15 14:05:57'),
	(267, '134383', '2018-01-15 14:05:59'),
	(268, '134382', '2018-01-15 14:06:01'),
	(269, '134377', '2018-01-15 14:06:03'),
	(270, '134377', '2018-01-15 14:06:06'),
	(272, '134382', '2018-01-15 14:06:10'),
	(276, '134402', '2018-01-15 14:06:17'),
	(277, '134412', '2018-01-15 14:06:19'),
	(278, '134411', '2018-01-15 14:06:21'),
	(279, '134417', '2018-01-15 14:06:24'),
	(280, '134397', '2018-01-15 14:06:27'),
	(281, '134393', '2018-01-15 14:06:28'),
	(282, '134392', '2018-01-15 14:06:31'),
	(283, '134385', '2018-01-15 14:06:33'),
	(284, '134383', '2018-01-15 14:06:36'),
	(286, '134385', '2018-01-15 14:06:40'),
	(287, '134393', '2018-01-15 14:06:42'),
	(288, '134409', '2018-01-15 14:06:46'),
	(289, '134405', '2018-01-15 14:06:47'),
	(290, '134404', '2018-01-15 14:06:51'),
	(291, '134403', '2018-01-15 14:06:54'),
	(292, '134403', '2018-01-15 14:06:56'),
	(293, '134398', '2018-01-15 14:06:58'),
	(294, '134398', '2018-01-15 14:07:00'),
	(295, '134404', '2018-01-15 14:07:02'),
	(296, '134399', '2018-01-15 14:07:04'),
	(297, '134404', '2018-01-15 14:07:06'),
	(298, '134393', '2018-01-15 14:07:08'),
	(299, '134395', '2018-01-15 14:07:10'),
	(300, '134396', '2018-01-15 14:07:12'),
	(302, '134393', '2018-01-15 14:07:17'),
	(303, '134389', '2018-01-15 14:07:19'),
	(304, '134388', '2018-01-15 14:07:21'),
	(305, '134422', '2018-01-15 14:07:23'),
	(306, '134422', '2018-01-15 14:07:26'),
	(307, '134414', '2018-01-15 14:07:28'),
	(309, '134413', '2018-01-15 14:07:33'),
	(310, '134404', '2018-01-15 14:07:35'),
	(311, '134403', '2018-01-15 14:07:40'),
	(312, '134403', '2018-01-15 14:07:41'),
	(313, '134409', '2018-01-15 14:07:43'),
	(314, '134403', '2018-01-15 14:07:45'),
	(315, '134410', '2018-01-15 14:07:48'),
	(316, '134412', '2018-01-15 14:07:49'),
	(317, '134402', '2018-01-15 14:07:53'),
	(318, '134402', '2018-01-15 14:07:55'),
	(319, '134402', '2018-01-15 14:08:01'),
	(320, '134401', '2018-01-15 14:08:04'),
	(321, '134392', '2018-01-15 14:08:06'),
	(322, '134390', '2018-01-15 14:08:08'),
	(323, '134393', '2018-01-15 14:08:10'),
	(324, '134389', '2018-01-15 14:08:11'),
	(325, '134389', '2018-01-15 14:08:14'),
	(326, '134400', '2018-01-15 14:08:16'),
	(327, '134399', '2018-01-15 14:08:19'),
	(329, '134400', '2018-01-15 14:08:23'),
	(331, '134401', '2018-01-15 14:08:28'),
	(332, '134401', '2018-01-15 14:08:30'),
	(336, '134401', '2018-01-15 14:08:37'),
	(339, '134409', '2018-01-15 14:08:45'),
	(340, '134401', '2018-01-15 14:08:46'),
	(341, '134409', '2018-01-15 14:08:49'),
	(342, '134410', '2018-01-15 14:08:51'),
	(343, '134409', '2018-01-15 14:08:52'),
	(344, '134401', '2018-01-15 14:08:55'),
	(346, '134391', '2018-01-15 14:09:00'),
	(348, '134395', '2018-01-15 14:09:04'),
	(349, '134383', '2018-01-15 14:09:06'),
	(350, '134382', '2018-01-15 14:09:07'),
	(351, '134384', '2018-01-15 14:09:09'),
	(352, '134383', '2018-01-15 14:09:12'),
	(353, '134384', '2018-01-15 14:09:14'),
	(354, '134375', '2018-01-15 14:09:16'),
	(356, '134367', '2018-01-15 14:09:21'),
	(357, '134374', '2018-01-15 14:09:26'),
	(358, '134376', '2018-01-15 14:09:28'),
	(360, '134367', '2018-01-15 14:09:32'),
	(361, '134373', '2018-01-15 14:09:33'),
	(362, '134365', '2018-01-15 14:09:36'),
	(363, '134364', '2018-01-15 14:09:37'),
	(364, '134358', '2018-01-15 14:09:40'),
	(365, '134355', '2018-01-15 14:09:42'),
	(366, '134365', '2018-01-15 14:09:44'),
	(367, '134355', '2018-01-15 14:09:46'),
	(368, '134354', '2018-01-15 14:09:47'),
	(373, '134373', '2018-01-15 14:09:58'),
	(374, '134374', '2018-01-15 14:09:59'),
	(375, '134365', '2018-01-15 14:10:08'),
	(376, '134365', '2018-01-15 14:10:12'),
	(377, '134373', '2018-01-15 14:10:14'),
	(378, '134383', '2018-01-15 14:10:16'),
	(379, '134384', '2018-01-15 14:10:18'),
	(380, '134384', '2018-01-15 14:10:20'),
	(381, '134380', '2018-01-15 14:10:23'),
	(382, '134375', '2018-01-15 14:10:24'),
	(383, '134380', '2018-01-15 14:10:27'),
	(384, '134378', '2018-01-15 14:10:29'),
	(385, '134383', '2018-01-15 14:10:31'),
	(386, '134384', '2018-01-15 14:10:33'),
	(388, '134384', '2018-01-15 14:10:36'),
	(389, '134383', '2018-01-15 14:10:39'),
	(390, '134383', '2018-01-15 14:10:40'),
	(391, '134382', '2018-01-15 14:11:21'),
	(392, '134382', '2018-01-15 14:11:23'),
	(394, '134381', '2018-01-15 14:11:27'),
	(395, '134382', '2018-01-15 14:11:30'),
	(396, '134391', '2018-01-15 14:11:32'),
	(398, '134392', '2018-01-15 14:11:35'),
	(399, '134391', '2018-01-15 14:11:38'),
	(401, '134391', '2018-01-15 14:11:42'),
	(402, '134392', '2018-01-15 14:11:44'),
	(405, '134389', '2018-01-15 14:11:51'),
	(407, '134390', '2018-01-15 14:11:56'),
	(408, '134392', '2018-01-15 14:11:58'),
	(409, '134392', '2018-01-15 14:11:59'),
	(410, '134391', '2018-01-15 14:12:01'),
	(413, '134391', '2018-01-15 14:12:10'),
	(415, '134391', '2018-01-15 14:12:14'),
	(417, '134390', '2018-01-15 14:12:18'),
	(418, '134392', '2018-01-15 14:12:19'),
	(419, '134382', '2018-01-15 14:12:21'),
	(420, '134381', '2018-01-15 14:12:24'),
	(421, '134381', '2018-01-15 14:12:26'),
	(422, '134382', '2018-01-15 14:12:28'),
	(423, '134378', '2018-01-15 14:12:33'),
	(424, '134379', '2018-01-15 14:12:34'),
	(425, '134370', '2018-01-15 14:12:37'),
	(429, '134368', '2018-01-15 14:12:45'),
	(430, '134360', '2018-01-15 14:12:47'),
	(431, '134369', '2018-01-15 14:12:57'),
	(432, '134370', '2018-01-15 14:12:58'),
	(433, '134369', '2018-01-15 14:13:01'),
	(435, '134379', '2018-01-15 14:13:06'),
	(436, '134371', '2018-01-15 14:13:08'),
	(437, '134369', '2018-01-15 14:13:10'),
	(438, '134360', '2018-01-15 14:13:11'),
	(439, '134367', '2018-01-15 14:13:14'),
	(440, '134369', '2018-01-15 14:13:17'),
	(441, '134369', '2018-01-15 14:13:20'),
	(442, '134360', '2018-01-15 14:13:21'),
	(447, '134359', '2018-01-15 14:13:30'),
	(449, '134360', '2018-01-15 14:13:35'),
	(451, '134359', '2018-01-15 14:13:40'),
	(457, '134358', '2018-01-15 14:13:51'),
	(464, '134350', '2018-01-15 14:14:07'),
	(465, '134350', '2018-01-15 14:14:08'),
	(466, '134349', '2018-01-15 14:14:11'),
	(470, '134352', '2018-01-15 14:14:21'),
	(471, '134351', '2018-01-15 14:14:26'),
	(473, '134352', '2018-01-15 14:14:30'),
	(474, '134352', '2018-01-15 14:14:32'),
	(475, '134351', '2018-01-15 14:14:36'),
	(476, '134342', '2018-01-15 14:14:38'),
	(477, '134345', '2018-01-15 14:14:43'),
	(478, '134343', '2018-01-15 14:14:44'),
	(479, '134342', '2018-01-15 14:14:47'),
	(480, '134342', '2018-01-15 14:14:50'),
	(486, '134341', '2018-01-15 14:15:03'),
	(488, '134342', '2018-01-15 14:15:09'),
	(489, '134341', '2018-01-15 14:15:10'),
	(490, '134341', '2018-01-15 14:15:12'),
	(491, '134341', '2018-01-15 14:15:15'),
	(500, '134340', '2018-01-15 14:15:34'),
	(501, '134340', '2018-01-15 14:15:36'),
	(502, '134341', '2018-01-15 14:15:40'),
	(504, '134340', '2018-01-15 14:15:44'),
	(507, '134341', '2018-01-15 14:15:51'),
	(508, '134340', '2018-01-15 14:15:52'),
	(512, '134340', '2018-01-15 14:16:02'),
	(513, '134341', '2018-01-15 14:16:04'),
	(514, '134340', '2018-01-15 14:16:06'),
	(515, '134338', '2018-01-15 14:16:09'),
	(516, '134340', '2018-01-15 14:16:10'),
	(517, '134340', '2018-01-15 14:16:13'),
	(521, '134341', '2018-01-15 14:16:21'),
	(522, '134339', '2018-01-15 14:16:23'),
	(523, '134341', '2018-01-15 14:16:25'),
	(524, '134340', '2018-01-15 14:16:28'),
	(525, '134342', '2018-01-15 14:16:29'),
	(526, '134330', '2018-01-15 14:16:32'),
	(527, '134332', '2018-01-15 14:16:33'),
	(528, '134332', '2018-01-15 14:16:34'),
	(529, '134332', '2018-01-15 14:16:38'),
	(530, '134331', '2018-01-15 14:16:40'),
	(531, '134331', '2018-01-15 14:16:42'),
	(532, '134323', '2018-01-15 14:16:43'),
	(533, '134323', '2018-01-15 14:16:46'),
	(534, '134322', '2018-01-15 14:16:47'),
	(535, '134332', '2018-01-15 14:16:50'),
	(536, '134322', '2018-01-15 14:16:52'),
	(538, '134322', '2018-01-15 14:16:57'),
	(539, '134330', '2018-01-15 14:16:59'),
	(540, '134340', '2018-01-15 14:17:01'),
	(541, '134334', '2018-01-15 14:17:04'),
	(543, '134334', '2018-01-15 14:17:07'),
	(544, '134343', '2018-01-15 14:17:09'),
	(545, '134343', '2018-01-15 14:17:11'),
	(549, '134352', '2018-01-15 14:17:19'),
	(550, '134344', '2018-01-15 14:17:21'),
	(551, '134343', '2018-01-15 14:17:22'),
	(552, '134342', '2018-01-15 14:17:24'),
	(553, '134343', '2018-01-15 14:17:26'),
	(554, '134344', '2018-01-15 14:17:27'),
	(556, '134328', '2018-01-15 14:17:34'),
	(557, '134324', '2018-01-15 14:17:36'),
	(558, '134332', '2018-01-15 14:17:38'),
	(559, '134332', '2018-01-15 14:17:41'),
	(560, '134341', '2018-01-15 14:17:43'),
	(561, '134343', '2018-01-15 14:17:45'),
	(562, '134333', '2018-01-15 14:17:46'),
	(563, '134332', '2018-01-15 14:17:53'),
	(564, '134333', '2018-01-15 14:17:54'),
	(568, '134343', '2018-01-15 14:18:05'),
	(569, '134342', '2018-01-15 14:18:06'),
	(570, '134333', '2018-01-15 14:18:10'),
	(571, '134332', '2018-01-15 14:18:11'),
	(572, '134333', '2018-01-15 14:18:12'),
	(573, '134343', '2018-01-15 14:18:16'),
	(574, '134341', '2018-01-15 14:18:19'),
	(575, '134343', '2018-01-15 14:18:20'),
	(576, '134342', '2018-01-15 14:18:23'),
	(577, '134332', '2018-01-15 14:18:26'),
	(578, '134333', '2018-01-15 14:18:27'),
	(579, '134324', '2018-01-15 14:18:30'),
	(580, '134323', '2018-01-15 14:18:32'),
	(581, '134323', '2018-01-15 14:18:34'),
	(582, '134322', '2018-01-15 14:18:38'),
	(583, '134323', '2018-01-15 14:18:39'),
	(584, '134321', '2018-01-15 14:18:42'),
	(585, '134322', '2018-01-15 14:18:44'),
	(588, '134322', '2018-01-15 14:18:50'),
	(589, '134323', '2018-01-15 14:18:52'),
	(590, '134321', '2018-01-15 14:18:56'),
	(594, '134330', '2018-01-15 14:19:05'),
	(595, '134320', '2018-01-15 14:19:08'),
	(597, '134314', '2018-01-15 14:19:12'),
	(598, '134313', '2018-01-15 14:19:14'),
	(600, '134312', '2018-01-15 14:19:20'),
	(601, '134316', '2018-01-15 14:19:23'),
	(603, '134319', '2018-01-15 14:19:29'),
	(604, '134316', '2018-01-15 14:19:31'),
	(605, '134315', '2018-01-15 14:19:32'),
	(606, '134325', '2018-01-15 14:19:36'),
	(607, '134323', '2018-01-15 14:19:38'),
	(608, '134315', '2018-01-15 14:19:42'),
	(609, '134317', '2018-01-15 14:19:44'),
	(610, '134315', '2018-01-15 14:19:47'),
	(611, '134315', '2018-01-15 14:19:50'),
	(612, '134316', '2018-01-15 14:19:52'),
	(613, '134315', '2018-01-15 14:19:54'),
	(614, '134315', '2018-01-15 14:19:57'),
	(615, '134315', '2018-01-15 14:20:00'),
	(616, '134317', '2018-01-15 14:20:01'),
	(618, '134319', '2018-01-15 14:20:08'),
	(619, '134326', '2018-01-15 14:20:09'),
	(620, '134327', '2018-01-15 14:20:14'),
	(621, '134328', '2018-01-15 14:20:17'),
	(622, '134327', '2018-01-15 14:20:19'),
	(624, '134328', '2018-01-15 14:20:27'),
	(625, '134327', '2018-01-15 14:20:33'),
	(626, '134318', '2018-01-15 14:20:40'),
	(627, '134318', '2018-01-15 14:20:42'),
	(628, '134317', '2018-01-15 14:20:47'),
	(629, '134316', '2018-01-15 14:20:56'),
	(630, '134307', '2018-01-15 14:21:03'),
	(633, '134307', '2018-01-15 14:21:15'),
	(634, '134305', '2018-01-15 14:21:18'),
	(635, '134304', '2018-01-15 14:21:20'),
	(636, '134304', '2018-01-15 14:21:22'),
	(637, '134230', '2018-01-15 14:21:27'),
	(638, '134239', '2018-01-15 14:21:30'),
	(639, '134246', '2018-01-15 14:21:32'),
	(640, '134256', '2018-01-15 14:21:36'),
	(641, '134238', '2018-01-15 14:21:42'),
	(642, '134231', '2018-01-15 14:21:46'),
	(643, '134222', '2018-01-15 14:21:49'),
	(644, '134221', '2018-01-15 14:21:52'),
	(645, '134224', '2018-01-15 14:21:54'),
	(646, '134224', '2018-01-15 14:21:56'),
	(647, '134229', '2018-01-15 14:22:00'),
	(648, '134232', '2018-01-15 14:22:01'),
	(649, '134233', '2018-01-15 14:22:04'),
	(650, '134234', '2018-01-15 14:22:08'),
	(651, '134244', '2018-01-15 14:22:15'),
	(652, '134234', '2018-01-15 14:22:18'),
	(653, '134237', '2018-01-15 14:22:20'),
	(654, '134236', '2018-01-15 14:22:21'),
	(655, '134277', '2018-01-15 14:22:24'),
	(656, '134276', '2018-01-15 14:22:25'),
	(658, '134276', '2018-01-15 14:22:30'),
	(659, '134258', '2018-01-15 14:22:34'),
	(660, '134257', '2018-01-15 14:22:35'),
	(661, '134225', '2018-01-15 14:22:39'),
	(662, '134216', '2018-01-15 14:22:41'),
	(663, '134226', '2018-01-15 14:22:44'),
	(664, '134225', '2018-01-15 14:22:46'),
	(665, '134245', '2018-01-15 14:22:49'),
	(666, '134236', '2018-01-15 14:22:51'),
	(667, '134234', '2018-01-15 14:22:54'),
	(668, '134244', '2018-01-15 14:22:56'),
	(669, '134232', '2018-01-15 14:22:58'),
	(670, '134223', '2018-01-15 14:23:01'),
	(671, '134229', '2018-01-15 14:23:04'),
	(672, '134230', '2018-01-15 14:23:07'),
	(673, '134231', '2018-01-15 14:23:08'),
	(674, '134221', '2018-01-15 14:23:11'),
	(675, '134231', '2018-01-15 14:23:14'),
	(676, '134224', '2018-01-15 14:23:16'),
	(677, '134223', '2018-01-15 14:23:18'),
	(678, '134219', '2018-01-15 14:23:21'),
	(679, '134173', '2018-01-15 14:23:26'),
	(680, '134188', '2018-01-15 14:23:29'),
	(681, '134183', '2018-01-15 14:23:32'),
	(682, '134175', '2018-01-15 14:23:34'),
	(683, '134185', '2018-01-15 14:23:37'),
	(684, '134205', '2018-01-15 14:23:39'),
	(685, '134223', '2018-01-15 14:23:42'),
	(686, '134216', '2018-01-15 14:23:44'),
	(687, '134225', '2018-01-15 14:23:46'),
	(688, '134216', '2018-01-15 14:23:47'),
	(689, '134215', '2018-01-15 14:23:50'),
	(690, '134216', '2018-01-15 14:23:54'),
	(691, '134215', '2018-01-15 14:23:56'),
	(693, '134215', '2018-01-15 14:23:59'),
	(694, '134216', '2018-01-15 14:24:04'),
	(695, '134215', '2018-01-15 14:24:06'),
	(696, '134205', '2018-01-15 14:24:07'),
	(698, '134205', '2018-01-15 14:24:16'),
	(699, '134218', '2018-01-15 14:24:18'),
	(700, '134227', '2018-01-15 14:24:19'),
	(701, '134217', '2018-01-15 14:24:23'),
	(702, '134217', '2018-01-15 14:24:25'),
	(703, '134207', '2018-01-15 14:24:29'),
	(704, '134198', '2018-01-15 14:24:31'),
	(705, '134207', '2018-01-15 14:24:34'),
	(706, '134208', '2018-01-15 14:24:37'),
	(707, '134225', '2018-01-15 14:24:42'),
	(710, '134225', '2018-01-15 14:24:47'),
	(713, '134206', '2018-01-15 14:24:55'),
	(714, '134205', '2018-01-15 14:24:57'),
	(716, '134209', '2018-01-15 14:25:03'),
	(717, '134205', '2018-01-15 14:25:05'),
	(720, '134215', '2018-01-15 14:25:12'),
	(721, '134225', '2018-01-15 14:25:13'),
	(722, '134224', '2018-01-15 14:25:16'),
	(723, '134223', '2018-01-15 14:25:19'),
	(724, '134225', '2018-01-15 14:25:21'),
	(725, '134233', '2018-01-15 14:25:22'),
	(726, '134234', '2018-01-15 14:25:26'),
	(728, '134244', '2018-01-15 14:25:30'),
	(729, '134255', '2018-01-15 14:25:35'),
	(730, '134256', '2018-01-15 14:25:37'),
	(732, '134256', '2018-01-15 14:25:43'),
	(733, '134247', '2018-01-15 14:25:47'),
	(734, '134255', '2018-01-15 14:25:49'),
	(735, '134257', '2018-01-15 14:25:53'),
	(736, '134278', '2018-01-15 14:25:54'),
	(737, '134287', '2018-01-15 14:25:57'),
	(738, '134288', '2018-01-15 14:25:58'),
	(739, '134298', '2018-01-15 14:26:00'),
	(740, '134289', '2018-01-15 14:26:06'),
	(741, '134288', '2018-01-15 14:26:08'),
	(742, '134277', '2018-01-15 14:26:13'),
	(743, '134277', '2018-01-15 14:26:18'),
	(744, '134268', '2018-01-15 14:26:22'),
	(745, '134269', '2018-01-15 14:26:27'),
	(746, '134267', '2018-01-15 14:26:32'),
	(747, '134257', '2018-01-15 14:26:34'),
	(748, '134257', '2018-01-15 14:26:38'),
	(751, '134270', '2018-01-15 14:26:45'),
	(752, '134268', '2018-01-15 14:26:47'),
	(753, '134270', '2018-01-15 14:26:50'),
	(754, '134267', '2018-01-15 14:26:52'),
	(755, '134272', '2018-01-15 14:26:54'),
	(756, '134277', '2018-01-15 14:26:56'),
	(757, '134268', '2018-01-15 14:27:00'),
	(758, '134268', '2018-01-15 14:27:02'),
	(760, '134260', '2018-01-15 14:27:07'),
	(761, '134257', '2018-01-15 14:27:12'),
	(764, '134257', '2018-01-15 14:27:22'),
	(765, '134259', '2018-01-15 14:27:25'),
	(768, '134257', '2018-01-15 14:27:32'),
	(769, '134270', '2018-01-15 14:27:34'),
	(771, '134268', '2018-01-15 14:27:38'),
	(772, '134269', '2018-01-15 14:27:40'),
	(773, '134269', '2018-01-15 14:27:42'),
	(775, '134286', '2018-01-15 14:27:48'),
	(776, '134294', '2018-01-15 14:27:51'),
	(777, '134288', '2018-01-15 14:27:53'),
	(778, '134297', '2018-01-15 14:27:54'),
	(779, '134297', '2018-01-15 14:27:57'),
	(780, '134297', '2018-01-15 14:28:00'),
	(781, '134287', '2018-01-15 14:28:05'),
	(783, '134286', '2018-01-15 14:28:10'),
	(784, '134283', '2018-01-15 14:28:13'),
	(785, '134282', '2018-01-15 14:28:16'),
	(786, '134283', '2018-01-15 14:28:17'),
	(787, '134282', '2018-01-15 14:28:20'),
	(788, '134282', '2018-01-15 14:28:22'),
	(790, '134282', '2018-01-15 14:28:25'),
	(791, '134275', '2018-01-15 14:28:31'),
	(792, '134274', '2018-01-15 14:28:32'),
	(793, '134273', '2018-01-15 14:28:35'),
	(795, '134282', '2018-01-15 14:28:39'),
	(800, '134282', '2018-01-15 14:28:53'),
	(801, '134273', '2018-01-15 14:28:55'),
	(804, '134264', '2018-01-15 14:29:04'),
	(805, '134258', '2018-01-15 14:29:07'),
	(806, '134263', '2018-01-15 14:29:08'),
	(807, '134264', '2018-01-15 14:29:09'),
	(808, '134263', '2018-01-15 14:29:12'),
	(809, '134264', '2018-01-15 14:29:16'),
	(810, '134264', '2018-01-15 14:29:17'),
	(811, '134260', '2018-01-15 14:29:21'),
	(812, '134273', '2018-01-15 14:29:24'),
	(813, '134265', '2018-01-15 14:29:26'),
	(814, '134264', '2018-01-15 14:29:27'),
	(815, '134273', '2018-01-15 14:29:30'),
	(816, '134273', '2018-01-15 14:29:33'),
	(817, '134267', '2018-01-15 14:29:36'),
	(818, '134264', '2018-01-15 14:29:37'),
	(821, '134263', '2018-01-15 14:29:43'),
	(823, '134263', '2018-01-15 14:29:48'),
	(824, '134263', '2018-01-15 14:29:53'),
	(825, '134262', '2018-01-15 14:29:54'),
	(826, '134263', '2018-01-15 14:29:57'),
	(827, '134262', '2018-01-15 14:30:00'),
	(829, '134262', '2018-01-15 14:30:06'),
	(830, '134264', '2018-01-15 14:30:08'),
	(831, '134264', '2018-01-15 14:30:09'),
	(832, '134263', '2018-01-15 14:30:12'),
	(833, '134266', '2018-01-15 14:30:13'),
	(834, '134265', '2018-01-15 14:30:18'),
	(835, '134265', '2018-01-15 14:30:22'),
	(836, '134264', '2018-01-15 14:30:24'),
	(837, '134263', '2018-01-15 14:30:28'),
	(838, '134254', '2018-01-15 14:30:32'),
	(839, '134255', '2018-01-15 14:30:34'),
	(840, '134254', '2018-01-15 14:30:37'),
	(842, '134245', '2018-01-15 14:30:42'),
	(843, '134235', '2018-01-15 14:30:46'),
	(844, '134235', '2018-01-15 14:30:48'),
	(845, '134226', '2018-01-15 14:30:51'),
	(858, '134224', '2018-01-15 14:31:20'),
	(859, '134225', '2018-01-15 14:31:23'),
	(860, '134225', '2018-01-15 14:31:24'),
	(862, '134235', '2018-01-15 14:31:30'),
	(868, '134254', '2018-01-15 14:31:45'),
	(869, '134255', '2018-01-15 14:31:49'),
	(870, '134254', '2018-01-15 14:31:51'),
	(871, '134254', '2018-01-15 14:31:55'),
	(872, '134258', '2018-01-15 14:31:57'),
	(873, '134262', '2018-01-15 14:32:00'),
	(874, '134264', '2018-01-15 14:32:03'),
	(875, '134265', '2018-01-15 14:32:08'),
	(878, '134264', '2018-01-15 14:32:17'),
	(879, '134264', '2018-01-15 14:32:18'),
	(882, '134265', '2018-01-15 14:32:26'),
	(883, '134264', '2018-01-15 14:32:29'),
	(885, '134265', '2018-01-15 14:32:33'),
	(887, '134264', '2018-01-15 14:32:39'),
	(888, '134264', '2018-01-15 14:32:42'),
	(889, '134253', '2018-01-15 14:32:44'),
	(891, '134252', '2018-01-15 14:32:49'),
	(892, '134253', '2018-01-15 14:32:51'),
	(893, '134253', '2018-01-15 14:32:53'),
	(896, '134252', '2018-01-15 14:33:00'),
	(897, '134243', '2018-01-15 14:33:03'),
	(898, '134248', '2018-01-15 14:33:05'),
	(899, '134246', '2018-01-15 14:33:08'),
	(900, '134243', '2018-01-15 14:33:11'),
	(903, '134251', '2018-01-15 14:33:18'),
	(904, '134243', '2018-01-15 14:33:20'),
	(907, '134243', '2018-01-15 14:33:27'),
	(910, '134242', '2018-01-15 14:33:32'),
	(911, '134243', '2018-01-15 14:33:34'),
	(914, '134244', '2018-01-15 14:33:43'),
	(916, '134233', '2018-01-15 14:33:48'),
	(917, '134224', '2018-01-15 14:33:50'),
	(920, '134225', '2018-01-15 14:33:58'),
	(922, '134226', '2018-01-15 14:34:00'),
	(923, '134225', '2018-01-15 14:34:03'),
	(933, '134225', '2018-01-15 14:34:25'),
	(934, '134226', '2018-01-15 14:34:29'),
	(937, '134245', '2018-01-15 14:34:38'),
	(938, '134246', '2018-01-15 14:34:39'),
	(939, '134254', '2018-01-15 14:34:43'),
	(943, '134255', '2018-01-15 14:34:51'),
	(948, '134255', '2018-01-15 14:35:04'),
	(950, '134254', '2018-01-15 14:35:08'),
	(951, '134264', '2018-01-15 14:35:11'),
	(952, '134265', '2018-01-15 14:35:13'),
	(953, '134274', '2018-01-15 14:35:15'),
	(954, '134275', '2018-01-15 14:35:18'),
	(956, '134283', '2018-01-15 14:35:23'),
	(957, '134276', '2018-01-15 14:35:24'),
	(958, '134277', '2018-01-15 14:35:27'),
	(959, '134283', '2018-01-15 14:35:29'),
	(960, '134284', '2018-01-15 14:35:30'),
	(961, '134289', '2018-01-15 14:35:34'),
	(962, '134285', '2018-01-15 14:35:35'),
	(963, '134285', '2018-01-15 14:35:38'),
	(965, '134285', '2018-01-15 14:35:43'),
	(967, '134295', '2018-01-15 14:35:47'),
	(968, '134303', '2018-01-15 14:35:50'),
	(969, '134295', '2018-01-15 14:35:52'),
	(971, '134295', '2018-01-15 14:35:56'),
	(972, '134295', '2018-01-15 14:35:59'),
	(974, '134304', '2018-01-15 14:36:03'),
	(975, '134305', '2018-01-15 14:36:05'),
	(976, '134309', '2018-01-15 14:36:09'),
	(977, '134311', '2018-01-15 14:36:11'),
	(978, '134306', '2018-01-15 14:36:14'),
	(979, '134306', '2018-01-15 14:36:15'),
	(980, '134315', '2018-01-15 14:36:18'),
	(981, '134314', '2018-01-15 14:36:20'),
	(982, '134305', '2018-01-15 14:36:23'),
	(983, '134306', '2018-01-15 14:36:25'),
	(985, '134304', '2018-01-15 14:36:28'),
	(986, '134306', '2018-01-15 14:36:30'),
	(988, '134302', '2018-01-15 14:36:36'),
	(990, '134277', '2018-01-15 14:36:40'),
	(991, '134276', '2018-01-15 14:36:42'),
	(992, '134276', '2018-01-15 14:36:43'),
	(993, '134276', '2018-01-15 14:36:47'),
	(994, '134274', '2018-01-15 14:36:48'),
	(995, '134266', '2018-01-15 14:36:52'),
	(996, '134266', '2018-01-15 14:36:53'),
	(997, '134266', '2018-01-15 14:36:55'),
	(998, '134265', '2018-01-15 14:36:57'),
	(999, '134266', '2018-01-15 14:37:01'),
	(1000, '134274', '2018-01-15 14:37:02'),
	(1001, '134266', '2018-01-15 14:37:05'),
	(1002, '134275', '2018-01-15 14:37:07'),
	(1003, '134274', '2018-01-15 14:37:08'),
	(1005, '134275', '2018-01-15 14:37:13'),
	(1006, '134274', '2018-01-15 14:37:16'),
	(1007, '134274', '2018-01-15 14:37:17'),
	(1008, '134275', '2018-01-15 14:37:20'),
	(1010, '134274', '2018-01-15 14:37:24'),
	(1011, '134274', '2018-01-15 14:37:26'),
	(1012, '134275', '2018-01-15 14:37:28'),
	(1014, '134276', '2018-01-15 14:37:32'),
	(1018, '134285', '2018-01-15 14:37:40'),
	(1019, '134286', '2018-01-15 14:37:44'),
	(1020, '134295', '2018-01-15 14:37:46'),
	(1021, '134296', '2018-01-15 14:37:48'),
	(1022, '134296', '2018-01-15 14:37:49'),
	(1023, '134287', '2018-01-15 14:37:53'),
	(1024, '134296', '2018-01-15 14:37:56'),
	(1025, '134285', '2018-01-15 14:37:58'),
	(1026, '134277', '2018-01-15 14:38:00'),
	(1027, '134276', '2018-01-15 14:38:01'),
	(1031, '134276', '2018-01-15 14:38:11'),
	(1032, '134268', '2018-01-15 14:38:14'),
	(1033, '134277', '2018-01-15 14:38:16'),
	(1034, '134277', '2018-01-15 14:38:17'),
	(1035, '134277', '2018-01-15 14:38:19'),
	(1036, '134277', '2018-01-15 14:38:23'),
	(1037, '134268', '2018-01-15 14:38:25'),
	(1038, '134266', '2018-01-15 14:38:26'),
	(1040, '134262', '2018-01-15 14:38:32'),
	(1041, '134266', '2018-01-15 14:38:35'),
	(1042, '134275', '2018-01-15 14:38:37'),
	(1043, '134266', '2018-01-15 14:38:38'),
	(1053, '134276', '2018-01-15 14:39:00'),
	(1055, '134266', '2018-01-15 14:39:03'),
	(1056, '134266', '2018-01-15 14:39:05'),
	(1057, '134275', '2018-01-15 14:39:10'),
	(1058, '134276', '2018-01-15 14:39:12'),
	(1062, '134275', '2018-01-15 14:39:19'),
	(1063, '134284', '2018-01-15 14:39:22'),
	(1064, '134276', '2018-01-15 14:39:23'),
	(1067, '134284', '2018-01-15 14:39:31'),
	(1068, '134275', '2018-01-15 14:39:33'),
	(1069, '134270', '2018-01-15 14:39:36'),
	(1070, '134276', '2018-01-15 14:39:38'),
	(1071, '134276', '2018-01-15 14:39:39'),
	(1072, '134266', '2018-01-15 14:39:42'),
	(1073, '134266', '2018-01-15 14:39:44'),
	(1083, '134256', '2018-01-15 14:40:08'),
	(1085, '134246', '2018-01-15 14:40:11'),
	(1086, '134245', '2018-01-15 14:40:15'),
	(1087, '134245', '2018-01-15 14:40:17'),
	(1088, '134246', '2018-01-15 14:40:19'),
	(1089, '134236', '2018-01-15 14:40:20'),
	(1090, '134235', '2018-01-15 14:40:24'),
	(1093, '134235', '2018-01-15 14:40:30'),
	(1094, '134235', '2018-01-15 14:40:31'),
	(1095, '134236', '2018-01-15 14:40:34'),
	(1099, '134227', '2018-01-15 14:40:42'),
	(1100, '134227', '2018-01-15 14:40:45'),
	(1101, '134227', '2018-01-15 14:40:48'),
	(1102, '134231', '2018-01-15 14:40:54'),
	(1103, '134227', '2018-01-15 14:40:56'),
	(1104, '134227', '2018-01-15 14:40:58'),
	(1105, '134228', '2018-01-15 14:41:00'),
	(1106, '134229', '2018-01-15 14:41:04'),
	(1108, '134238', '2018-01-15 14:41:07'),
	(1109, '134236', '2018-01-15 14:41:10'),
	(1110, '134235', '2018-01-15 14:41:11'),
	(1112, '134235', '2018-01-15 14:41:16'),
	(1113, '134235', '2018-01-15 14:41:18'),
	(1115, '134236', '2018-01-15 14:41:23'),
	(1116, '134235', '2018-01-15 14:41:25'),
	(1117, '134236', '2018-01-15 14:41:29'),
	(1118, '134236', '2018-01-15 14:41:30'),
	(1119, '134235', '2018-01-15 14:41:32'),
	(1120, '134234', '2018-01-15 14:41:35'),
	(1121, '134235', '2018-01-15 14:41:37'),
	(1123, '134236', '2018-01-15 14:41:43'),
	(1126, '134234', '2018-01-15 14:41:50'),
	(1127, '134236', '2018-01-15 14:41:51'),
	(1128, '134236', '2018-01-15 14:41:54'),
	(1129, '134235', '2018-01-15 14:41:57'),
	(1130, '134237', '2018-01-15 14:42:00'),
	(1133, '134236', '2018-01-15 14:42:05'),
	(1134, '134236', '2018-01-15 14:42:07'),
	(1137, '134235', '2018-01-15 14:42:13'),
	(1138, '134236', '2018-01-15 14:42:16'),
	(1143, '134239', '2018-01-15 14:42:27'),
	(1144, '134235', '2018-01-15 14:42:30'),
	(1145, '134235', '2018-01-15 14:42:32'),
	(1146, '134235', '2018-01-15 14:42:34'),
	(1147, '134245', '2018-01-15 14:42:35'),
	(1148, '134246', '2018-01-15 14:42:38'),
	(1151, '134246', '2018-01-15 14:42:46'),
	(1152, '134255', '2018-01-15 14:42:48'),
	(1153, '134246', '2018-01-15 14:42:50'),
	(1154, '134255', '2018-01-15 14:42:52'),
	(1155, '134256', '2018-01-15 14:42:53'),
	(1156, '134256', '2018-01-15 14:42:57'),
	(1159, '134246', '2018-01-15 14:43:03'),
	(1161, '134247', '2018-01-15 14:43:06'),
	(1162, '134255', '2018-01-15 14:43:09'),
	(1163, '134256', '2018-01-15 14:43:11'),
	(1167, '134256', '2018-01-15 14:43:19'),
	(1168, '134257', '2018-01-15 14:43:21'),
	(1169, '134255', '2018-01-15 14:43:24'),
	(1170, '134255', '2018-01-15 14:43:26'),
	(1172, '134246', '2018-01-15 14:43:32'),
	(1174, '134246', '2018-01-15 14:43:35'),
	(1176, '134246', '2018-01-15 14:43:39'),
	(1177, '134245', '2018-01-15 14:43:40'),
	(1181, '134240', '2018-01-15 14:43:50'),
	(1182, '134243', '2018-01-15 14:43:54'),
	(1183, '134244', '2018-01-15 14:43:55'),
	(1184, '134241', '2018-01-15 14:43:57'),
	(1186, '134244', '2018-01-15 14:44:02'),
	(1189, '134245', '2018-01-15 14:44:09'),
	(1196, '134237', '2018-01-15 14:44:24'),
	(1197, '134245', '2018-01-15 14:44:26'),
	(1198, '134245', '2018-01-15 14:44:29'),
	(1200, '134245', '2018-01-15 14:44:35'),
	(1202, '134246', '2018-01-15 14:44:39'),
	(1207, '134245', '2018-01-15 14:44:50'),
	(1208, '134243', '2018-01-15 14:44:53'),
	(1209, '134236', '2018-01-15 14:44:54'),
	(1210, '134245', '2018-01-15 14:44:56'),
	(1213, '134246', '2018-01-15 14:45:03'),
	(1217, '134245', '2018-01-15 14:45:12'),
	(1218, '134245', '2018-01-15 14:45:15'),
	(1219, '134246', '2018-01-15 14:45:18'),
	(1220, '134247', '2018-01-15 14:45:20'),
	(1221, '134247', '2018-01-15 14:45:22'),
	(1223, '134257', '2018-01-15 14:45:31'),
	(1233, '134256', '2018-01-15 14:45:51'),
	(1236, '134257', '2018-01-15 14:45:57'),
	(1238, '134255', '2018-01-15 14:46:02'),
	(1239, '134256', '2018-01-15 14:46:03'),
	(1240, '134256', '2018-01-15 14:46:07'),
	(1241, '134256', '2018-01-15 14:46:10'),
	(1242, '134256', '2018-01-15 14:46:11'),
	(1243, '134266', '2018-01-15 14:46:14'),
	(1247, '134257', '2018-01-15 14:46:23'),
	(1254, '134248', '2018-01-15 14:46:39'),
	(1256, '134247', '2018-01-15 14:46:45'),
	(1257, '134228', '2018-01-15 14:46:47'),
	(1258, '134227', '2018-01-15 14:46:49'),
	(1259, '134226', '2018-01-15 14:46:52'),
	(1260, '134227', '2018-01-15 14:46:54'),
	(1261, '134227', '2018-01-15 14:46:55'),
	(1262, '134227', '2018-01-15 14:46:58'),
	(1263, '134226', '2018-01-15 14:47:01'),
	(1264, '134227', '2018-01-15 14:47:03'),
	(1266, '134227', '2018-01-15 14:47:07'),
	(1267, '134219', '2018-01-15 14:47:10'),
	(1268, '134217', '2018-01-15 14:47:13'),
	(1269, '134218', '2018-01-15 14:47:16'),
	(1271, '134216', '2018-01-15 14:47:20'),
	(1272, '134216', '2018-01-15 14:47:22'),
	(1273, '134210', '2018-01-15 14:47:24'),
	(1274, '134207', '2018-01-15 14:47:25'),
	(1276, '134206', '2018-01-15 14:47:31'),
	(1277, '134197', '2018-01-15 14:47:34'),
	(1278, '134217', '2018-01-15 14:47:36'),
	(1279, '134217', '2018-01-15 14:47:38'),
	(1280, '134218', '2018-01-15 14:47:39'),
	(1281, '134227', '2018-01-15 14:47:43'),
	(1282, '134228', '2018-01-15 14:47:45'),
	(1283, '134227', '2018-01-15 14:47:47'),
	(1284, '134227', '2018-01-15 14:47:48'),
	(1285, '134223', '2018-01-15 14:47:51'),
	(1286, '134227', '2018-01-15 14:47:54'),
	(1287, '134227', '2018-01-15 14:47:56'),
	(1290, '134236', '2018-01-15 14:48:03'),
	(1291, '134236', '2018-01-15 14:48:04'),
	(1292, '134237', '2018-01-15 14:48:07'),
	(1293, '134237', '2018-01-15 14:48:09'),
	(1296, '134237', '2018-01-15 14:48:17'),
	(1297, '134237', '2018-01-15 14:48:19'),
	(1299, '134227', '2018-01-15 14:48:23'),
	(1300, '134227', '2018-01-15 14:48:24'),
	(1301, '134228', '2018-01-15 14:48:27'),
	(1303, '134228', '2018-01-15 14:48:31'),
	(1304, '134227', '2018-01-15 14:48:35'),
	(1307, '134228', '2018-01-15 14:48:42'),
	(1309, '134227', '2018-01-15 14:48:45'),
	(1310, '134227', '2018-01-15 14:48:51'),
	(1313, '134227', '2018-01-15 14:48:57'),
	(1314, '134227', '2018-01-15 14:48:58'),
	(1315, '134227', '2018-01-15 14:49:00'),
	(1316, '134226', '2018-01-15 14:49:04'),
	(1318, '134227', '2018-01-15 14:49:07'),
	(1319, '134219', '2018-01-15 14:49:11'),
	(1320, '134219', '2018-01-15 14:49:14'),
	(1321, '134217', '2018-01-15 14:49:19'),
	(1322, '134217', '2018-01-15 14:49:23'),
	(1323, '134216', '2018-01-15 14:49:25'),
	(1324, '134207', '2018-01-15 14:49:27'),
	(1327, '134207', '2018-01-15 14:49:33'),
	(1328, '134207', '2018-01-15 14:49:35'),
	(1335, '134210', '2018-01-15 14:49:53'),
	(1336, '134213', '2018-01-15 14:49:54'),
	(1337, '134212', '2018-01-15 14:49:55'),
	(1338, '134227', '2018-01-15 14:49:59'),
	(1339, '134226', '2018-01-15 14:50:00'),
	(1342, '134234', '2018-01-15 14:50:09'),
	(1343, '134234', '2018-01-15 14:50:12'),
	(1346, '134235', '2018-01-15 14:50:20'),
	(1347, '134226', '2018-01-15 14:50:21'),
	(1348, '134225', '2018-01-15 14:50:23'),
	(1349, '134226', '2018-01-15 14:50:26'),
	(1352, '134217', '2018-01-15 14:50:33'),
	(1353, '134206', '2018-01-15 14:50:35'),
	(1354, '134205', '2018-01-15 14:50:37'),
	(1355, '134216', '2018-01-15 14:50:40'),
	(1356, '134207', '2018-01-15 14:50:42'),
	(1357, '134205', '2018-01-15 14:50:43'),
	(1358, '134204', '2018-01-15 14:50:45'),
	(1359, '134203', '2018-01-15 14:50:48'),
	(1360, '134196', '2018-01-15 14:50:51'),
	(1362, '134206', '2018-01-15 14:50:53'),
	(1363, '134205', '2018-01-15 14:50:57'),
	(1364, '134196', '2018-01-15 14:50:59'),
	(1365, '134195', '2018-01-15 14:51:01'),
	(1366, '134184', '2018-01-15 14:51:03'),
	(1367, '134186', '2018-01-15 14:51:06'),
	(1370, '134185', '2018-01-15 14:51:13'),
	(1371, '134181', '2018-01-15 14:51:17'),
	(1373, '134174', '2018-01-15 14:51:20'),
	(1376, '134164', '2018-01-15 14:51:31'),
	(1377, '134164', '2018-01-15 14:51:33'),
	(1378, '134165', '2018-01-15 14:51:37'),
	(1379, '134165', '2018-01-15 14:51:39'),
	(1380, '134160', '2018-01-15 14:51:42'),
	(1381, '134160', '2018-01-15 14:51:43'),
	(1382, '134154', '2018-01-15 14:51:47'),
	(1383, '134164', '2018-01-15 14:51:49'),
	(1384, '134163', '2018-01-15 14:51:52'),
	(1386, '134161', '2018-01-15 14:51:56'),
	(1387, '134155', '2018-01-15 14:51:58'),
	(1389, '134155', '2018-01-15 14:52:02'),
	(1390, '134155', '2018-01-15 14:52:05'),
	(1391, '134163', '2018-01-15 14:52:07'),
	(1392, '134163', '2018-01-15 14:52:10'),
	(1393, '134164', '2018-01-15 14:52:11'),
	(1394, '134155', '2018-01-15 14:52:13'),
	(1395, '134156', '2018-01-15 14:52:17'),
	(1396, '134164', '2018-01-15 14:52:19'),
	(1399, '134174', '2018-01-15 14:52:26'),
	(1400, '134175', '2018-01-15 14:52:29'),
	(1401, '134174', '2018-01-15 14:52:31'),
	(1402, '134175', '2018-01-15 14:52:32'),
	(1403, '134185', '2018-01-15 14:52:35'),
	(1404, '134176', '2018-01-15 14:52:38'),
	(1406, '134178', '2018-01-15 14:52:42'),
	(1407, '134184', '2018-01-15 14:52:44'),
	(1408, '134184', '2018-01-15 14:52:48'),
	(1409, '134186', '2018-01-15 14:52:49'),
	(1410, '134177', '2018-01-15 14:52:52'),
	(1412, '134186', '2018-01-15 14:52:56'),
	(1414, '134177', '2018-01-15 14:53:00'),
	(1415, '134176', '2018-01-15 14:53:01'),
	(1416, '134177', '2018-01-15 14:53:05'),
	(1417, '134176', '2018-01-15 14:53:07'),
	(1418, '134167', '2018-01-15 14:53:11'),
	(1419, '134167', '2018-01-15 14:53:12'),
	(1420, '134166', '2018-01-15 14:53:16'),
	(1421, '134176', '2018-01-15 14:53:20'),
	(1423, '134177', '2018-01-15 14:53:28'),
	(1424, '134176', '2018-01-15 14:53:30'),
	(1425, '134177', '2018-01-15 14:53:32'),
	(1426, '134175', '2018-01-15 14:53:35'),
	(1427, '134174', '2018-01-15 14:53:37'),
	(1428, '134169', '2018-01-15 14:53:40'),
	(1430, '134167', '2018-01-15 14:53:44'),
	(1431, '134166', '2018-01-15 14:53:46'),
	(1432, '134175', '2018-01-15 14:53:48'),
	(1433, '134166', '2018-01-15 14:53:52'),
	(1435, '134166', '2018-01-15 14:53:56'),
	(1436, '134167', '2018-01-15 14:53:57'),
	(1437, '134167', '2018-01-15 14:54:00'),
	(1439, '134146', '2018-01-15 14:54:04'),
	(1440, '134148', '2018-01-15 14:54:07'),
	(1441, '134166', '2018-01-15 14:54:10'),
	(1443, '134166', '2018-01-15 14:54:14'),
	(1444, '134167', '2018-01-15 14:54:16'),
	(1445, '134167', '2018-01-15 14:54:17'),
	(1446, '134166', '2018-01-15 14:54:20'),
	(1447, '134166', '2018-01-15 14:54:22'),
	(1449, '134156', '2018-01-15 14:54:28'),
	(1451, '134156', '2018-01-15 14:54:32'),
	(1452, '134157', '2018-01-15 14:54:34'),
	(1453, '134156', '2018-01-15 14:54:36'),
	(1457, '134164', '2018-01-15 14:54:46'),
	(1458, '134166', '2018-01-15 14:54:48'),
	(1459, '134157', '2018-01-15 14:54:51'),
	(1460, '134156', '2018-01-15 14:54:53'),
	(1461, '134157', '2018-01-15 14:54:56'),
	(1462, '134146', '2018-01-15 14:54:57'),
	(1463, '134149', '2018-01-15 14:55:01'),
	(1464, '134147', '2018-01-15 14:55:03'),
	(1466, '134145', '2018-01-15 14:55:08'),
	(1467, '134128', '2018-01-15 14:55:10'),
	(1468, '134128', '2018-01-15 14:55:11'),
	(1469, '134114', '2018-01-15 14:55:14'),
	(1470, '134107', '2018-01-15 14:55:16'),
	(1472, '134097', '2018-01-15 14:55:19'),
	(1473, '134095', '2018-01-15 14:55:22'),
	(1474, '134078', '2018-01-15 14:55:24'),
	(1475, '134073', '2018-01-15 14:55:26'),
	(1476, '134094', '2018-01-15 14:55:28'),
	(1477, '134090', '2018-01-15 14:55:31'),
	(1478, '134092', '2018-01-15 14:55:34'),
	(1479, '134094', '2018-01-15 14:55:36'),
	(1480, '134093', '2018-01-15 14:55:37'),
	(1482, '134082', '2018-01-15 14:55:43'),
	(1483, '134082', '2018-01-15 14:55:45'),
	(1484, '134082', '2018-01-15 14:55:51'),
	(1485, '134083', '2018-01-15 14:55:54'),
	(1486, '134082', '2018-01-15 14:55:55'),
	(1487, '134074', '2018-01-15 14:55:58'),
	(1488, '134081', '2018-01-15 14:56:00'),
	(1489, '134077', '2018-01-15 14:56:02'),
	(1490, '134081', '2018-01-15 14:56:04'),
	(1491, '134081', '2018-01-15 14:56:07'),
	(1493, '134101', '2018-01-15 14:56:13'),
	(1494, '134102', '2018-01-15 14:56:14'),
	(1495, '134102', '2018-01-15 14:56:18'),
	(1497, '134092', '2018-01-15 14:56:23'),
	(1499, '134097', '2018-01-15 14:56:30'),
	(1500, '134094', '2018-01-15 14:56:32'),
	(1501, '134083', '2018-01-15 14:56:34'),
	(1502, '134094', '2018-01-15 14:56:35'),
	(1503, '134093', '2018-01-15 14:56:38'),
	(1504, '134103', '2018-01-15 14:56:40'),
	(1505, '134104', '2018-01-15 14:56:43'),
	(1506, '134102', '2018-01-15 14:56:45'),
	(1507, '134094', '2018-01-15 14:56:48'),
	(1508, '134104', '2018-01-15 14:56:52'),
	(1509, '134107', '2018-01-15 14:56:54'),
	(1510, '134103', '2018-01-15 14:56:56'),
	(1511, '134094', '2018-01-15 14:56:59'),
	(1512, '134075', '2018-01-15 14:57:01'),
	(1513, '134082', '2018-01-15 14:57:04'),
	(1514, '134085', '2018-01-15 14:57:06'),
	(1516, '134086', '2018-01-15 14:57:11'),
	(1517, '134077', '2018-01-15 14:57:13'),
	(1518, '134076', '2018-01-15 14:57:16'),
	(1519, '134077', '2018-01-15 14:57:18'),
	(1520, '134076', '2018-01-15 14:57:20'),
	(1521, '134066', '2018-01-15 14:57:22'),
	(1522, '134065', '2018-01-15 14:57:24'),
	(1523, '134075', '2018-01-15 14:57:25'),
	(1524, '134074', '2018-01-15 14:57:27'),
	(1525, '134046', '2018-01-15 14:57:30'),
	(1526, '134053', '2018-01-15 14:57:33'),
	(1527, '134073', '2018-01-15 14:57:35'),
	(1528, '134033', '2018-01-15 14:57:37'),
	(1529, '134034', '2018-01-15 14:57:40'),
	(1530, '134026', '2018-01-15 14:57:42'),
	(1531, '134036', '2018-01-15 14:57:43'),
	(1532, '134036', '2018-01-15 14:57:44'),
	(1533, '134029', '2018-01-15 14:57:47'),
	(1534, '134038', '2018-01-15 14:57:50'),
	(1535, '134038', '2018-01-15 14:57:53'),
	(1536, '134037', '2018-01-15 14:57:54'),
	(1537, '134035', '2018-01-15 14:57:57'),
	(1538, '134036', '2018-01-15 14:58:00'),
	(1539, '134046', '2018-01-15 14:58:02'),
	(1540, '134046', '2018-01-15 14:58:04'),
	(1541, '134047', '2018-01-15 14:58:06'),
	(1542, '134064', '2018-01-15 14:58:09'),
	(1543, '134054', '2018-01-15 14:58:11'),
	(1544, '134132', '2018-01-15 14:58:14'),
	(1545, '134101', '2018-01-15 14:58:15'),
	(1546, '134100', '2018-01-15 14:58:18'),
	(1547, '134090', '2018-01-15 14:58:21'),
	(1548, '134081', '2018-01-15 14:58:23'),
	(1549, '134070', '2018-01-15 14:58:26'),
	(1550, '134069', '2018-01-15 14:58:27'),
	(1551, '134068', '2018-01-15 14:58:30'),
	(1552, '134070', '2018-01-15 14:58:32'),
	(1553, '134116', '2018-01-15 14:58:35'),
	(1554, '134110', '2018-01-15 14:58:36'),
	(1555, '134102', '2018-01-15 14:58:39'),
	(1556, '134100', '2018-01-15 14:58:41'),
	(1557, '134101', '2018-01-15 14:58:44'),
	(1558, '134100', '2018-01-15 14:58:46'),
	(1559, '134098', '2018-01-15 14:58:48'),
	(1560, '134097', '2018-01-15 14:58:50'),
	(1561, '134107', '2018-01-15 14:58:51'),
	(1562, '134106', '2018-01-15 14:58:53'),
	(1563, '134116', '2018-01-15 14:58:56'),
	(1564, '134107', '2018-01-15 14:59:00'),
	(1566, '134108', '2018-01-15 14:59:02'),
	(1567, '134107', '2018-01-15 14:59:04'),
	(1568, '134106', '2018-01-15 14:59:07'),
	(1570, '134107', '2018-01-15 14:59:12'),
	(1573, '134106', '2018-01-15 14:59:18'),
	(1574, '134106', '2018-01-15 14:59:21'),
	(1575, '134107', '2018-01-15 14:59:22'),
	(1576, '134106', '2018-01-15 14:59:24'),
	(1577, '134098', '2018-01-15 14:59:27'),
	(1578, '134097', '2018-01-15 14:59:29'),
	(1579, '134100', '2018-01-15 14:59:31'),
	(1580, '134100', '2018-01-15 14:59:35'),
	(1582, '134100', '2018-01-15 14:59:40'),
	(1589, '134100', '2018-01-15 14:59:56'),
	(1591, '134101', '2018-01-15 15:00:00'),
	(1592, '134107', '2018-01-15 15:00:03'),
	(1593, '134107', '2018-01-15 15:00:05'),
	(1594, '134108', '2018-01-15 15:00:07'),
	(1596, '134108', '2018-01-15 15:00:12'),
	(1601, '134100', '2018-01-15 15:00:23'),
	(1602, '134104', '2018-01-15 15:00:26'),
	(1604, '134102', '2018-01-15 15:00:32'),
	(1605, '134108', '2018-01-15 15:00:33'),
	(1606, '134105', '2018-01-15 15:00:36'),
	(1607, '134105', '2018-01-15 15:00:38'),
	(1608, '134089', '2018-01-15 15:00:40'),
	(1609, '134088', '2018-01-15 15:00:42'),
	(1610, '134089', '2018-01-15 15:00:43'),
	(1611, '134080', '2018-01-15 15:00:49'),
	(1612, '134080', '2018-01-15 15:00:51'),
	(1613, '134079', '2018-01-15 15:00:54'),
	(1614, '134078', '2018-01-15 15:00:56'),
	(1615, '134078', '2018-01-15 15:00:57'),
	(1616, '134079', '2018-01-15 15:00:59'),
	(1618, '134076', '2018-01-15 15:01:06'),
	(1619, '134085', '2018-01-15 15:01:08'),
	(1620, '134085', '2018-01-15 15:01:10'),
	(1622, '134085', '2018-01-15 15:01:14'),
	(1623, '134085', '2018-01-15 15:01:17'),
	(1624, '134077', '2018-01-15 15:01:19'),
	(1625, '134076', '2018-01-15 15:01:21'),
	(1626, '134076', '2018-01-15 15:01:25'),
	(1627, '134066', '2018-01-15 15:01:27'),
	(1628, '134067', '2018-01-15 15:01:29'),
	(1629, '134075', '2018-01-15 15:01:32'),
	(1630, '134074', '2018-01-15 15:01:35'),
	(1631, '134075', '2018-01-15 15:01:37'),
	(1632, '134067', '2018-01-15 15:01:39'),
	(1633, '134066', '2018-01-15 15:01:40'),
	(1634, '134076', '2018-01-15 15:01:44'),
	(1636, '134086', '2018-01-15 15:01:49'),
	(1637, '134086', '2018-01-15 15:01:51'),
	(1638, '134099', '2018-01-15 15:01:54'),
	(1639, '134097', '2018-01-15 15:01:55'),
	(1640, '134094', '2018-01-15 15:01:57'),
	(1642, '134085', '2018-01-15 15:02:03'),
	(1643, '134094', '2018-01-15 15:02:04'),
	(1653, '134104', '2018-01-15 15:02:27'),
	(1654, '134100', '2018-01-15 15:02:29'),
	(1655, '134096', '2018-01-15 15:02:30'),
	(1660, '134105', '2018-01-15 15:02:42'),
	(1661, '134106', '2018-01-15 15:02:44'),
	(1662, '134106', '2018-01-15 15:02:46'),
	(1663, '134105', '2018-01-15 15:02:48'),
	(1664, '134105', '2018-01-15 15:02:52'),
	(1665, '134106', '2018-01-15 15:02:56'),
	(1666, '134106', '2018-01-15 15:03:00'),
	(1667, '134114', '2018-01-15 15:03:02'),
	(1668, '134106', '2018-01-15 15:03:04'),
	(1669, '134095', '2018-01-15 15:03:07'),
	(1670, '134095', '2018-01-15 15:03:08'),
	(1671, '134095', '2018-01-15 15:03:12'),
	(1672, '134096', '2018-01-15 15:03:14'),
	(1673, '134094', '2018-01-15 15:03:17'),
	(1675, '134095', '2018-01-15 15:03:20'),
	(1678, '134094', '2018-01-15 15:03:27'),
	(1679, '134096', '2018-01-15 15:03:30'),
	(1680, '134102', '2018-01-15 15:03:32'),
	(1681, '134104', '2018-01-15 15:03:33'),
	(1682, '134095', '2018-01-15 15:03:36'),
	(1684, '134094', '2018-01-15 15:03:42'),
	(1685, '134095', '2018-01-15 15:03:44'),
	(1687, '134105', '2018-01-15 15:03:48'),
	(1688, '134105', '2018-01-15 15:03:50'),
	(1692, '134104', '2018-01-15 15:04:00'),
	(1693, '134105', '2018-01-15 15:04:01'),
	(1697, '134116', '2018-01-15 15:04:12'),
	(1698, '134114', '2018-01-15 15:04:13'),
	(1699, '134106', '2018-01-15 15:04:15'),
	(1700, '134094', '2018-01-15 15:04:18'),
	(1701, '134095', '2018-01-15 15:04:19'),
	(1702, '134094', '2018-01-15 15:04:22'),
	(1703, '134095', '2018-01-15 15:04:24'),
	(1706, '134094', '2018-01-15 15:04:31'),
	(1707, '134085', '2018-01-15 15:04:32'),
	(1708, '134085', '2018-01-15 15:04:35'),
	(1709, '134095', '2018-01-15 15:04:38'),
	(1710, '134095', '2018-01-15 15:04:39'),
	(1711, '134095', '2018-01-15 15:04:42'),
	(1712, '134094', '2018-01-15 15:04:45'),
	(1713, '134103', '2018-01-15 15:04:47'),
	(1714, '134093', '2018-01-15 15:04:50'),
	(1715, '134083', '2018-01-15 15:04:55'),
	(1716, '134083', '2018-01-15 15:04:57'),
	(1717, '134083', '2018-01-15 15:05:03'),
	(1721, '134092', '2018-01-15 15:05:12'),
	(1722, '134093', '2018-01-15 15:05:14'),
	(1723, '134098', '2018-01-15 15:05:16'),
	(1724, '134103', '2018-01-15 15:05:18'),
	(1725, '134103', '2018-01-15 15:05:21'),
	(1727, '134113', '2018-01-15 15:05:25'),
	(1728, '134112', '2018-01-15 15:05:27'),
	(1729, '134109', '2018-01-15 15:05:30'),
	(1730, '134113', '2018-01-15 15:05:32'),
	(1731, '134113', '2018-01-15 15:05:33'),
	(1732, '134112', '2018-01-15 15:05:35'),
	(1734, '134113', '2018-01-15 15:05:40'),
	(1735, '134113', '2018-01-15 15:05:42'),
	(1737, '134114', '2018-01-15 15:05:47'),
	(1738, '134104', '2018-01-15 15:05:50'),
	(1739, '134113', '2018-01-15 15:05:51'),
	(1744, '134114', '2018-01-15 15:06:03'),
	(1745, '134115', '2018-01-15 15:06:04'),
	(1747, '134115', '2018-01-15 15:06:09'),
	(1748, '134115', '2018-01-15 15:06:11'),
	(1752, '134117', '2018-01-15 15:06:24'),
	(1753, '134127', '2018-01-15 15:06:27'),
	(1754, '134125', '2018-01-15 15:06:29'),
	(1755, '134125', '2018-01-15 15:06:32'),
	(1757, '134129', '2018-01-15 15:06:36'),
	(1758, '134145', '2018-01-15 15:06:38'),
	(1759, '134146', '2018-01-15 15:06:40'),
	(1760, '134135', '2018-01-15 15:06:42'),
	(1761, '134145', '2018-01-15 15:06:43'),
	(1762, '134145', '2018-01-15 15:06:46'),
	(1763, '134145', '2018-01-15 15:06:49'),
	(1764, '134155', '2018-01-15 15:06:50'),
	(1765, '134147', '2018-01-15 15:06:53'),
	(1766, '134156', '2018-01-15 15:06:55'),
	(1768, '134155', '2018-01-15 15:07:00'),
	(1769, '134147', '2018-01-15 15:07:03'),
	(1770, '134148', '2018-01-15 15:07:05'),
	(1771, '134147', '2018-01-15 15:07:06'),
	(1773, '134155', '2018-01-15 15:07:11'),
	(1774, '134156', '2018-01-15 15:07:12'),
	(1777, '134167', '2018-01-15 15:07:20'),
	(1778, '134167', '2018-01-15 15:07:22'),
	(1779, '134166', '2018-01-15 15:07:25'),
	(1780, '134157', '2018-01-15 15:07:26'),
	(1781, '134168', '2018-01-15 15:07:29'),
	(1782, '134166', '2018-01-15 15:07:32'),
	(1783, '134165', '2018-01-15 15:07:34'),
	(1784, '134165', '2018-01-15 15:07:37'),
	(1786, '134165', '2018-01-15 15:07:41'),
	(1788, '134155', '2018-01-15 15:07:45'),
	(1789, '134156', '2018-01-15 15:07:53'),
	(1790, '134156', '2018-01-15 15:07:55'),
	(1792, '134156', '2018-01-15 15:07:59'),
	(1793, '134156', '2018-01-15 15:08:01'),
	(1794, '134166', '2018-01-15 15:08:03'),
	(1795, '134167', '2018-01-15 15:08:06'),
	(1796, '134167', '2018-01-15 15:08:08'),
	(1798, '134166', '2018-01-15 15:08:12'),
	(1799, '134157', '2018-01-15 15:08:14'),
	(1800, '134156', '2018-01-15 15:08:16'),
	(1801, '134157', '2018-01-15 15:08:18'),
	(1804, '134157', '2018-01-15 15:08:24'),
	(1806, '134157', '2018-01-15 15:08:29'),
	(1807, '134157', '2018-01-15 15:08:30'),
	(1809, '134167', '2018-01-15 15:08:34'),
	(1810, '134167', '2018-01-15 15:08:37'),
	(1811, '134167', '2018-01-15 15:08:40'),
	(1812, '134176', '2018-01-15 15:08:43'),
	(1813, '134176', '2018-01-15 15:08:47'),
	(1814, '134177', '2018-01-15 15:08:51'),
	(1815, '134176', '2018-01-15 15:08:52'),
	(1817, '134176', '2018-01-15 15:08:59'),
	(1818, '134176', '2018-01-15 15:09:00'),
	(1820, '134176', '2018-01-15 15:09:05'),
	(1821, '134176', '2018-01-15 15:09:06'),
	(1822, '134176', '2018-01-15 15:09:09'),
	(1823, '134176', '2018-01-15 15:09:12'),
	(1824, '134177', '2018-01-15 15:09:15'),
	(1825, '134177', '2018-01-15 15:09:16'),
	(1826, '134186', '2018-01-15 15:09:18'),
	(1829, '134177', '2018-01-15 15:09:25'),
	(1830, '134165', '2018-01-15 15:09:28'),
	(1831, '134167', '2018-01-15 15:09:30'),
	(1832, '134176', '2018-01-15 15:09:33'),
	(1833, '134176', '2018-01-15 15:09:34'),
	(1834, '134175', '2018-01-15 15:09:36'),
	(1835, '134176', '2018-01-15 15:09:39'),
	(1836, '134185', '2018-01-15 15:09:41'),
	(1837, '134186', '2018-01-15 15:09:43'),
	(1838, '134186', '2018-01-15 15:09:45'),
	(1843, '134187', '2018-01-15 15:09:56'),
	(1846, '134197', '2018-01-15 15:10:00'),
	(1848, '134197', '2018-01-15 15:10:07'),
	(1850, '134195', '2018-01-15 15:10:12'),
	(1851, '134196', '2018-01-15 15:10:15'),
	(1852, '134186', '2018-01-15 15:10:16'),
	(1853, '134195', '2018-01-15 15:10:19'),
	(1854, '134189', '2018-01-15 15:10:21'),
	(1855, '134178', '2018-01-15 15:10:24'),
	(1856, '134185', '2018-01-15 15:10:25'),
	(1860, '134186', '2018-01-15 15:10:37'),
	(1862, '134195', '2018-01-15 15:10:41'),
	(1863, '134196', '2018-01-15 15:10:44'),
	(1864, '134205', '2018-01-15 15:10:46'),
	(1866, '134195', '2018-01-15 15:10:52'),
	(1867, '134205', '2018-01-15 15:10:54'),
	(1868, '134206', '2018-01-15 15:10:57'),
	(1869, '134197', '2018-01-15 15:11:00'),
	(1870, '134205', '2018-01-15 15:11:02'),
	(1871, '134206', '2018-01-15 15:11:05'),
	(1872, '134206', '2018-01-15 15:11:07'),
	(1873, '134206', '2018-01-15 15:11:11'),
	(1874, '134206', '2018-01-15 15:11:13'),
	(1875, '134197', '2018-01-15 15:11:15'),
	(1876, '134196', '2018-01-15 15:11:17'),
	(1877, '134186', '2018-01-15 15:11:19'),
	(1878, '134186', '2018-01-15 15:11:22'),
	(1879, '134186', '2018-01-15 15:11:23'),
	(1880, '134185', '2018-01-15 15:11:26'),
	(1882, '134176', '2018-01-15 15:11:31'),
	(1887, '134177', '2018-01-15 15:11:42'),
	(1888, '134177', '2018-01-15 15:11:45'),
	(1889, '134176', '2018-01-15 15:11:46'),
	(1891, '134177', '2018-01-15 15:11:52'),
	(1892, '134177', '2018-01-15 15:11:54'),
	(1893, '134177', '2018-01-15 15:11:57'),
	(1894, '134176', '2018-01-15 15:12:00'),
	(1895, '134176', '2018-01-15 15:12:01'),
	(1896, '134177', '2018-01-15 15:12:03'),
	(1897, '134176', '2018-01-15 15:12:07'),
	(1898, '134177', '2018-01-15 15:12:09'),
	(1899, '134176', '2018-01-15 15:12:12'),
	(1900, '134177', '2018-01-15 15:12:17'),
	(1901, '134196', '2018-01-15 15:12:18'),
	(1902, '134196', '2018-01-15 15:12:21'),
	(1903, '134188', '2018-01-15 15:12:24'),
	(1904, '134186', '2018-01-15 15:12:27'),
	(1905, '134188', '2018-01-15 15:12:30'),
	(1906, '134197', '2018-01-15 15:12:34'),
	(1907, '134198', '2018-01-15 15:12:37'),
	(1908, '134206', '2018-01-15 15:12:39'),
	(1909, '134197', '2018-01-15 15:12:41'),
	(1910, '134197', '2018-01-15 15:12:44'),
	(1911, '134197', '2018-01-15 15:12:46'),
	(1913, '134206', '2018-01-15 15:12:50'),
	(1914, '134206', '2018-01-15 15:12:53'),
	(1915, '134197', '2018-01-15 15:12:56'),
	(1916, '134206', '2018-01-15 15:12:57'),
	(1917, '134197', '2018-01-15 15:13:01'),
	(1918, '134206', '2018-01-15 15:13:02'),
	(1923, '134207', '2018-01-15 15:13:17'),
	(1924, '134214', '2018-01-15 15:13:19'),
	(1926, '134206', '2018-01-15 15:13:28'),
	(1927, '134207', '2018-01-15 15:13:30'),
	(1928, '134207', '2018-01-15 15:13:33'),
	(1929, '134207', '2018-01-15 15:13:36'),
	(1930, '134207', '2018-01-15 15:13:38'),
	(1931, '134198', '2018-01-15 15:13:40'),
	(1932, '134199', '2018-01-15 15:13:45'),
	(1933, '134206', '2018-01-15 15:13:46'),
	(1934, '134206', '2018-01-15 15:13:48'),
	(1938, '134207', '2018-01-15 15:13:58'),
	(1939, '134206', '2018-01-15 15:14:01'),
	(1941, '134206', '2018-01-15 15:14:05'),
	(1942, '134217', '2018-01-15 15:14:10'),
	(1943, '134217', '2018-01-15 15:14:13'),
	(1944, '134217', '2018-01-15 15:14:18'),
	(1946, '134217', '2018-01-15 15:14:21'),
	(1947, '134218', '2018-01-15 15:14:25'),
	(1948, '134217', '2018-01-15 15:14:29'),
	(1949, '134218', '2018-01-15 15:14:32'),
	(1952, '134226', '2018-01-15 15:14:39'),
	(1953, '134216', '2018-01-15 15:14:42'),
	(1954, '134223', '2018-01-15 15:14:45'),
	(1955, '134225', '2018-01-15 15:14:46'),
	(1956, '134218', '2018-01-15 15:14:50'),
	(1957, '134225', '2018-01-15 15:14:51'),
	(1958, '134225', '2018-01-15 15:14:52'),
	(1960, '134226', '2018-01-15 15:15:00'),
	(1961, '134225', '2018-01-15 15:15:01'),
	(1962, '134226', '2018-01-15 15:15:03'),
	(1971, '134227', '2018-01-15 15:15:23'),
	(1973, '134236', '2018-01-15 15:15:27'),
	(1974, '134236', '2018-01-15 15:15:29'),
	(1975, '134246', '2018-01-15 15:15:35'),
	(1976, '134246', '2018-01-15 15:15:37'),
	(1977, '134239', '2018-01-15 15:15:40'),
	(1978, '134238', '2018-01-15 15:15:42'),
	(1980, '134238', '2018-01-15 15:15:45'),
	(1981, '134238', '2018-01-15 15:15:48'),
	(1982, '134248', '2018-01-15 15:15:51'),
	(1983, '134256', '2018-01-15 15:15:57'),
	(1984, '134257', '2018-01-15 15:16:07'),
	(1985, '134258', '2018-01-15 15:16:10'),
	(1986, '134258', '2018-01-15 15:16:12'),
	(1987, '134257', '2018-01-15 15:16:13'),
	(1988, '134267', '2018-01-15 15:16:17'),
	(1989, '134268', '2018-01-15 15:16:19'),
	(1990, '134267', '2018-01-15 15:16:20'),
	(1991, '134277', '2018-01-15 15:16:26'),
	(1993, '134277', '2018-01-15 15:16:30'),
	(1995, '134277', '2018-01-15 15:16:35'),
	(1996, '134271', '2018-01-15 15:16:40'),
	(1997, '134267', '2018-01-15 15:16:42'),
	(1999, '134249', '2018-01-15 15:16:46'),
	(2000, '134257', '2018-01-15 15:16:48'),
	(2001, '134248', '2018-01-15 15:16:54'),
	(2002, '134248', '2018-01-15 15:16:55'),
	(2003, '134238', '2018-01-15 15:17:02'),
	(2004, '134234', '2018-01-15 15:17:04'),
	(2005, '134226', '2018-01-15 15:17:05'),
	(2006, '134226', '2018-01-15 15:17:10'),
	(2007, '134226', '2018-01-15 15:17:12'),
	(2008, '134235', '2018-01-15 15:17:14'),
	(2011, '134235', '2018-01-15 15:17:21'),
	(2012, '134245', '2018-01-15 15:17:25'),
	(2013, '134245', '2018-01-15 15:17:27'),
	(2014, '134245', '2018-01-15 15:17:30'),
	(2015, '134244', '2018-01-15 15:17:33'),
	(2016, '134244', '2018-01-15 15:17:35'),
	(2017, '134244', '2018-01-15 15:17:37'),
	(2018, '134237', '2018-01-15 15:17:41'),
	(2019, '134255', '2018-01-15 15:17:43'),
	(2020, '134246', '2018-01-15 15:17:46'),
	(2021, '134246', '2018-01-15 15:17:48'),
	(2022, '134245', '2018-01-15 15:17:49'),
	(2023, '134245', '2018-01-15 15:17:52'),
	(2025, '134245', '2018-01-15 15:17:58'),
	(2027, '134235', '2018-01-15 15:18:02'),
	(2028, '134235', '2018-01-15 15:18:06'),
	(2029, '134235', '2018-01-15 15:18:09'),
	(2031, '134235', '2018-01-15 15:18:14'),
	(2032, '134235', '2018-01-15 15:18:16'),
	(2033, '134234', '2018-01-15 15:18:19'),
	(2034, '134234', '2018-01-15 15:18:20'),
	(2035, '134235', '2018-01-15 15:18:23'),
	(2036, '134235', '2018-01-15 15:18:24'),
	(2037, '134234', '2018-01-15 15:18:26'),
	(2038, '134234', '2018-01-15 15:18:30'),
	(2040, '134226', '2018-01-15 15:18:37'),
	(2041, '134224', '2018-01-15 15:18:39'),
	(2042, '134226', '2018-01-15 15:18:41'),
	(2043, '134226', '2018-01-15 15:18:44'),
	(2045, '134225', '2018-01-15 15:18:49'),
	(2046, '134226', '2018-01-15 15:18:50'),
	(2047, '134225', '2018-01-15 15:18:52'),
	(2048, '134226', '2018-01-15 15:18:55'),
	(2049, '134216', '2018-01-15 15:18:57'),
	(2050, '134220', '2018-01-15 15:19:00'),
	(2051, '134225', '2018-01-15 15:19:02'),
	(2052, '134226', '2018-01-15 15:19:04'),
	(2053, '134225', '2018-01-15 15:19:07'),
	(2056, '134225', '2018-01-15 15:19:13'),
	(2059, '134234', '2018-01-15 15:19:20'),
	(2060, '134235', '2018-01-15 15:19:22'),
	(2061, '134226', '2018-01-15 15:19:26'),
	(2062, '134226', '2018-01-15 15:19:28'),
	(2063, '134229', '2018-01-15 15:19:30'),
	(2064, '134234', '2018-01-15 15:19:34'),
	(2065, '134234', '2018-01-15 15:19:38'),
	(2066, '134235', '2018-01-15 15:19:39'),
	(2068, '134236', '2018-01-15 15:19:45'),
	(2069, '134235', '2018-01-15 15:19:47'),
	(2070, '134233', '2018-01-15 15:19:49'),
	(2071, '134226', '2018-01-15 15:19:50'),
	(2072, '134228', '2018-01-15 15:19:53'),
	(2073, '134227', '2018-01-15 15:19:56'),
	(2074, '134236', '2018-01-15 15:19:58'),
	(2075, '134237', '2018-01-15 15:19:59'),
	(2076, '134237', '2018-01-15 15:20:03'),
	(2077, '134247', '2018-01-15 15:20:05'),
	(2078, '134257', '2018-01-15 15:20:08'),
	(2080, '134257', '2018-01-15 15:20:12'),
	(2081, '134257', '2018-01-15 15:20:17'),
	(2082, '134256', '2018-01-15 15:20:22'),
	(2083, '134256', '2018-01-15 15:20:24'),
	(2084, '134256', '2018-01-15 15:20:27'),
	(2087, '134256', '2018-01-15 15:20:33'),
	(2088, '134247', '2018-01-15 15:20:36'),
	(2091, '134256', '2018-01-15 15:20:43'),
	(2093, '134255', '2018-01-15 15:20:48'),
	(2094, '134255', '2018-01-15 15:20:50'),
	(2095, '134255', '2018-01-15 15:20:52'),
	(2097, '134256', '2018-01-15 15:20:55'),
	(2098, '134255', '2018-01-15 15:20:58'),
	(2099, '134256', '2018-01-15 15:21:00'),
	(2101, '134255', '2018-01-15 15:21:07'),
	(2104, '134246', '2018-01-15 15:21:15'),
	(2105, '134245', '2018-01-15 15:21:16'),
	(2106, '134255', '2018-01-15 15:21:18'),
	(2107, '134255', '2018-01-15 15:21:22'),
	(2109, '134260', '2018-01-15 15:21:28'),
	(2110, '134254', '2018-01-15 15:21:31'),
	(2111, '134255', '2018-01-15 15:21:32'),
	(2112, '134246', '2018-01-15 15:21:34'),
	(2113, '134246', '2018-01-15 15:21:38'),
	(2114, '134245', '2018-01-15 15:21:41'),
	(2115, '134255', '2018-01-15 15:21:43'),
	(2116, '134264', '2018-01-15 15:21:46'),
	(2117, '134265', '2018-01-15 15:21:48'),
	(2118, '134274', '2018-01-15 15:21:50'),
	(2119, '134274', '2018-01-15 15:21:52'),
	(2120, '134275', '2018-01-15 15:21:54'),
	(2121, '134274', '2018-01-15 15:21:58'),
	(2122, '134273', '2018-01-15 15:22:00'),
	(2123, '134255', '2018-01-15 15:22:02'),
	(2124, '134255', '2018-01-15 15:22:05'),
	(2125, '134255', '2018-01-15 15:22:07'),
	(2126, '134264', '2018-01-15 15:22:10'),
	(2127, '134254', '2018-01-15 15:22:14'),
	(2128, '134254', '2018-01-15 15:22:16'),
	(2129, '134264', '2018-01-15 15:22:17'),
	(2130, '134263', '2018-01-15 15:22:21'),
	(2131, '134259', '2018-01-15 15:22:23'),
	(2132, '134254', '2018-01-15 15:22:27'),
	(2133, '134263', '2018-01-15 15:22:32'),
	(2134, '134274', '2018-01-15 15:22:34'),
	(2135, '134266', '2018-01-15 15:22:37'),
	(2136, '134245', '2018-01-15 15:22:41'),
	(2137, '134246', '2018-01-15 15:22:44'),
	(2138, '134252', '2018-01-15 15:22:48'),
	(2139, '134253', '2018-01-15 15:22:49'),
	(2140, '134275', '2018-01-15 15:22:53'),
	(2142, '134255', '2018-01-15 15:22:57'),
	(2143, '134265', '2018-01-15 15:23:01'),
	(2146, '134265', '2018-01-15 15:23:08'),
	(2148, '134255', '2018-01-15 15:23:12'),
	(2149, '134255', '2018-01-15 15:23:15'),
	(2150, '134253', '2018-01-15 15:23:19'),
	(2151, '134254', '2018-01-15 15:23:21'),
	(2152, '134245', '2018-01-15 15:23:24'),
	(2153, '134255', '2018-01-15 15:23:28'),
	(2154, '134254', '2018-01-15 15:23:29'),
	(2155, '134254', '2018-01-15 15:23:32'),
	(2157, '134253', '2018-01-15 15:23:37'),
	(2158, '134254', '2018-01-15 15:23:42'),
	(2160, '134245', '2018-01-15 15:23:46'),
	(2162, '134244', '2018-01-15 15:23:51'),
	(2163, '134245', '2018-01-15 15:23:54'),
	(2164, '134245', '2018-01-15 15:23:56'),
	(2165, '134244', '2018-01-15 15:23:58'),
	(2166, '134234', '2018-01-15 15:24:01'),
	(2167, '134234', '2018-01-15 15:24:03'),
	(2168, '134234', '2018-01-15 15:24:06'),
	(2169, '134235', '2018-01-15 15:24:07'),
	(2170, '134234', '2018-01-15 15:24:13'),
	(2171, '134235', '2018-01-15 15:24:15'),
	(2172, '134234', '2018-01-15 15:24:17'),
	(2173, '134226', '2018-01-15 15:24:21'),
	(2174, '134225', '2018-01-15 15:24:22'),
	(2175, '134224', '2018-01-15 15:24:27'),
	(2176, '134216', '2018-01-15 15:24:29'),
	(2177, '134215', '2018-01-15 15:24:33'),
	(2178, '134216', '2018-01-15 15:24:36'),
	(2179, '134215', '2018-01-15 15:24:39'),
	(2182, '134207', '2018-01-15 15:24:47'),
	(2183, '134215', '2018-01-15 15:24:50'),
	(2194, '134214', '2018-01-15 15:25:16'),
	(2195, '134206', '2018-01-15 15:25:19'),
	(2196, '134205', '2018-01-15 15:25:22'),
	(2199, '134206', '2018-01-15 15:25:30'),
	(2200, '134205', '2018-01-15 15:25:33'),
	(2201, '134205', '2018-01-15 15:25:34'),
	(2203, '134197', '2018-01-15 15:25:40'),
	(2204, '134196', '2018-01-15 15:25:43'),
	(2205, '134196', '2018-01-15 15:25:46'),
	(2206, '134195', '2018-01-15 15:25:50'),
	(2208, '134196', '2018-01-15 15:25:58'),
	(2209, '134185', '2018-01-15 15:26:00'),
	(2210, '134186', '2018-01-15 15:26:03'),
	(2211, '134185', '2018-01-15 15:26:06'),
	(2212, '134185', '2018-01-15 15:26:10'),
	(2213, '134185', '2018-01-15 15:26:12'),
	(2215, '134185', '2018-01-15 15:26:17'),
	(2216, '134184', '2018-01-15 15:26:20'),
	(2218, '134184', '2018-01-15 15:26:24'),
	(2219, '134185', '2018-01-15 15:26:28'),
	(2220, '134184', '2018-01-15 15:26:30'),
	(2222, '134184', '2018-01-15 15:26:35'),
	(2224, '134175', '2018-01-15 15:26:42'),
	(2225, '134183', '2018-01-15 15:26:45'),
	(2227, '134184', '2018-01-15 15:26:49'),
	(2228, '134185', '2018-01-15 15:26:53'),
	(2229, '134184', '2018-01-15 15:26:54'),
	(2230, '134184', '2018-01-15 15:26:59'),
	(2232, '134184', '2018-01-15 15:27:05'),
	(2233, '134166', '2018-01-15 15:27:08'),
	(2234, '134165', '2018-01-15 15:27:09'),
	(2235, '134184', '2018-01-15 15:27:14'),
	(2236, '134176', '2018-01-15 15:27:17'),
	(2237, '134175', '2018-01-15 15:27:18'),
	(2238, '134165', '2018-01-15 15:27:25'),
	(2244, '134173', '2018-01-15 15:27:47'),
	(2245, '134175', '2018-01-15 15:27:48'),
	(2248, '134165', '2018-01-15 15:27:56'),
	(2249, '134165', '2018-01-15 15:27:59'),
	(2253, '134163', '2018-01-15 15:28:08'),
	(2255, '134163', '2018-01-15 15:28:13'),
	(2256, '134163', '2018-01-15 15:28:15'),
	(2257, '134154', '2018-01-15 15:28:20'),
	(2259, '134153', '2018-01-15 15:28:24'),
	(2262, '134153', '2018-01-15 15:28:31'),
	(2263, '134153', '2018-01-15 15:28:34'),
	(2264, '134148', '2018-01-15 15:28:39'),
	(2265, '134144', '2018-01-15 15:28:40'),
	(2266, '134144', '2018-01-15 15:28:43'),
	(2267, '134143', '2018-01-15 15:28:45'),
	(2268, '134143', '2018-01-15 15:28:50'),
	(2270, '134142', '2018-01-15 15:28:55'),
	(2271, '134153', '2018-01-15 15:28:58'),
	(2273, '134153', '2018-01-15 15:29:03'),
	(2274, '134152', '2018-01-15 15:29:05'),
	(2275, '134153', '2018-01-15 15:29:06'),
	(2277, '134144', '2018-01-15 15:29:53'),
	(2278, '134144', '2018-01-15 15:29:55'),
	(2280, '134153', '2018-01-15 15:29:59'),
	(2281, '134164', '2018-01-15 15:30:03'),
	(2285, '134163', '2018-01-15 15:30:13'),
	(2289, '134165', '2018-01-15 15:30:25'),
	(2290, '134174', '2018-01-15 15:30:29'),
	(2291, '134175', '2018-01-15 15:30:30'),
	(2292, '134179', '2018-01-15 15:30:34'),
	(2293, '134176', '2018-01-15 15:30:37'),
	(2294, '134177', '2018-01-15 15:30:38'),
	(2298, '134177', '2018-01-15 15:30:49'),
	(2302, '134177', '2018-01-15 15:31:00'),
	(2303, '134185', '2018-01-15 15:31:02'),
	(2310, '134186', '2018-01-15 15:31:17'),
	(2311, '134187', '2018-01-15 15:31:20'),
	(2312, '134186', '2018-01-15 15:31:22'),
	(2313, '134185', '2018-01-15 15:31:25'),
	(2314, '134185', '2018-01-15 15:31:26'),
	(2315, '134186', '2018-01-15 15:31:30'),
	(2316, '134185', '2018-01-15 15:31:32'),
	(2317, '134186', '2018-01-15 15:31:34'),
	(2318, '134186', '2018-01-15 15:31:38'),
	(2319, '134185', '2018-01-15 15:31:40'),
	(2320, '134185', '2018-01-15 15:31:43'),
	(2321, '134186', '2018-01-15 15:31:45'),
	(2322, '134185', '2018-01-15 15:31:48'),
	(2323, '134188', '2018-01-15 15:31:53'),
	(2324, '134181', '2018-01-15 15:31:56'),
	(2325, '134177', '2018-01-15 15:31:57'),
	(2326, '134177', '2018-01-15 15:32:00'),
	(2330, '134177', '2018-01-15 15:32:12'),
	(2331, '134178', '2018-01-15 15:32:14'),
	(2332, '134178', '2018-01-15 15:32:17'),
	(2333, '134178', '2018-01-15 15:32:21'),
	(2334, '134178', '2018-01-15 15:32:24'),
	(2335, '134178', '2018-01-15 15:32:27'),
	(2336, '134180', '2018-01-15 15:32:28'),
	(2337, '134180', '2018-01-15 15:32:36'),
	(2338, '134188', '2018-01-15 15:32:39'),
	(2339, '134206', '2018-01-15 15:32:42'),
	(2340, '134207', '2018-01-15 15:32:43'),
	(2341, '134206', '2018-01-15 15:32:46'),
	(2342, '134207', '2018-01-15 15:32:47'),
	(2346, '134200', '2018-01-15 15:32:59'),
	(2347, '134197', '2018-01-15 15:33:00'),
	(2348, '134218', '2018-01-15 15:33:04'),
	(2349, '134217', '2018-01-15 15:33:05'),
	(2350, '134224', '2018-01-15 15:33:10'),
	(2351, '134232', '2018-01-15 15:33:12'),
	(2352, '134236', '2018-01-15 15:33:14'),
	(2355, '134237', '2018-01-15 15:33:23'),
	(2356, '134236', '2018-01-15 15:33:26'),
	(2357, '134236', '2018-01-15 15:33:29'),
	(2358, '134237', '2018-01-15 15:33:31'),
	(2359, '134236', '2018-01-15 15:33:32'),
	(2362, '134236', '2018-01-15 15:33:40'),
	(2363, '134235', '2018-01-15 15:33:44'),
	(2364, '134234', '2018-01-15 15:33:46'),
	(2365, '134235', '2018-01-15 15:33:48'),
	(2368, '134245', '2018-01-15 15:33:55'),
	(2369, '134246', '2018-01-15 15:33:57'),
	(2370, '134253', '2018-01-15 15:34:00'),
	(2371, '134245', '2018-01-15 15:34:03'),
	(2374, '134246', '2018-01-15 15:34:09'),
	(2376, '134255', '2018-01-15 15:34:13'),
	(2377, '134246', '2018-01-15 15:34:17'),
	(2383, '134247', '2018-01-15 15:34:31'),
	(2388, '134246', '2018-01-15 15:34:42'),
	(2389, '134247', '2018-01-15 15:34:45'),
	(2390, '134245', '2018-01-15 15:34:47'),
	(2391, '134245', '2018-01-15 15:34:50'),
	(2392, '134248', '2018-01-15 15:34:54'),
	(2393, '134246', '2018-01-15 15:34:56'),
	(2394, '134248', '2018-01-15 15:34:59'),
	(2395, '134252', '2018-01-15 15:35:03'),
	(2396, '134252', '2018-01-15 15:35:04'),
	(2397, '134252', '2018-01-15 15:35:08'),
	(2398, '134253', '2018-01-15 15:35:10'),
	(2399, '134252', '2018-01-15 15:35:11'),
	(2400, '134252', '2018-01-15 15:35:14'),
	(2401, '134246', '2018-01-15 15:35:17'),
	(2402, '134247', '2018-01-15 15:35:21'),
	(2403, '134245', '2018-01-15 15:35:24'),
	(2405, '134236', '2018-01-15 15:35:28'),
	(2406, '134215', '2018-01-15 15:35:30'),
	(2407, '134214', '2018-01-15 15:35:34'),
	(2408, '134205', '2018-01-15 15:35:36'),
	(2409, '134205', '2018-01-15 15:35:39'),
	(2411, '134204', '2018-01-15 15:35:42'),
	(2412, '134203', '2018-01-15 15:35:45'),
	(2413, '134204', '2018-01-15 15:35:46'),
	(2414, '134205', '2018-01-15 15:35:49'),
	(2416, '134214', '2018-01-15 15:35:54'),
	(2417, '134214', '2018-01-15 15:35:57'),
	(2418, '134206', '2018-01-15 15:36:00'),
	(2420, '134205', '2018-01-15 15:36:04'),
	(2421, '134205', '2018-01-15 15:36:05'),
	(2422, '134205', '2018-01-15 15:36:08'),
	(2423, '134206', '2018-01-15 15:36:10'),
	(2428, '134207', '2018-01-15 15:36:31'),
	(2429, '134209', '2018-01-15 15:36:33'),
	(2432, '134209', '2018-01-15 15:36:43'),
	(2433, '134210', '2018-01-15 15:36:44'),
	(2434, '134208', '2018-01-15 15:36:47'),
	(2435, '134207', '2018-01-15 15:36:49'),
	(2436, '134207', '2018-01-15 15:36:52'),
	(2439, '134198', '2018-01-15 15:37:00'),
	(2440, '134197', '2018-01-15 15:37:02'),
	(2441, '134197', '2018-01-15 15:37:04'),
	(2443, '134188', '2018-01-15 15:37:10'),
	(2444, '134197', '2018-01-15 15:37:12'),
	(2445, '134199', '2018-01-15 15:37:14'),
	(2447, '134198', '2018-01-15 15:37:18'),
	(2448, '134197', '2018-01-15 15:37:21'),
	(2449, '134197', '2018-01-15 15:37:22'),
	(2450, '134189', '2018-01-15 15:37:26'),
	(2451, '134188', '2018-01-15 15:37:30'),
	(2452, '134188', '2018-01-15 15:37:32'),
	(2453, '134175', '2018-01-15 15:42:37'),
	(2455, '134176', '2018-01-15 15:42:42'),
	(2457, '134176', '2018-01-15 15:42:45'),
	(2458, '134180', '2018-01-15 15:43:47'),
	(2459, '134180', '2018-01-15 15:43:50'),
	(2460, '134183', '2018-01-15 15:43:52'),
	(2461, '134180', '2018-01-15 15:43:54'),
	(2462, '134183', '2018-01-15 15:43:56'),
	(2463, '134175', '2018-01-15 15:43:58'),
	(2464, '134194', '2018-01-15 15:45:22'),
	(2468, '134190', '2018-01-15 15:45:36'),
	(2469, '134194', '2018-01-15 15:45:37'),
	(2470, '134194', '2018-01-15 15:45:41'),
	(2471, '134193', '2018-01-15 15:45:43'),
	(2472, '134185', '2018-01-15 15:45:47'),
	(2473, '134185', '2018-01-15 15:45:48'),
	(2474, '134185', '2018-01-15 15:45:50'),
	(2477, '134183', '2018-01-15 15:46:00'),
	(2478, '134176', '2018-01-15 15:46:03'),
	(2479, '134176', '2018-01-15 15:46:04'),
	(2480, '134184', '2018-01-15 15:46:07'),
	(2482, '134195', '2018-01-15 15:46:13'),
	(2483, '134196', '2018-01-15 15:46:17'),
	(2484, '134195', '2018-01-15 15:46:18'),
	(2485, '134196', '2018-01-15 15:46:21'),
	(2486, '134185', '2018-01-15 15:46:26'),
	(2489, '134185', '2018-01-15 15:46:33'),
	(2490, '134195', '2018-01-15 15:46:35'),
	(2491, '134204', '2018-01-15 15:46:38'),
	(2492, '134206', '2018-01-15 15:46:39'),
	(2493, '134205', '2018-01-15 15:46:42'),
	(2495, '134206', '2018-01-15 15:46:49'),
	(2503, '134215', '2018-01-15 15:47:08'),
	(2505, '134215', '2018-01-15 15:47:13'),
	(2506, '134215', '2018-01-15 15:47:15'),
	(2507, '134224', '2018-01-15 15:47:19'),
	(2508, '134214', '2018-01-15 15:47:25'),
	(2510, '134215', '2018-01-15 15:47:29'),
	(2511, '134224', '2018-01-15 15:47:31'),
	(2512, '134225', '2018-01-15 15:47:33'),
	(2513, '134232', '2018-01-15 15:47:36'),
	(2514, '134233', '2018-01-15 15:47:38'),
	(2515, '134233', '2018-01-15 15:47:41'),
	(2516, '134230', '2018-01-15 15:47:44'),
	(2517, '134232', '2018-01-15 15:47:46'),
	(2518, '134233', '2018-01-15 15:47:49'),
	(2519, '134233', '2018-01-15 15:47:51'),
	(2520, '134234', '2018-01-15 15:47:53'),
	(2521, '134234', '2018-01-15 15:47:56'),
	(2522, '134225', '2018-01-15 15:48:00'),
	(2523, '134233', '2018-01-15 15:48:02'),
	(2524, '134232', '2018-01-15 15:48:04'),
	(2525, '134234', '2018-01-15 15:48:07'),
	(2526, '134225', '2018-01-15 15:48:10'),
	(2528, '134225', '2018-01-15 15:48:16'),
	(2529, '134224', '2018-01-15 15:48:18'),
	(2530, '134224', '2018-01-15 15:48:21'),
	(2531, '134224', '2018-01-15 15:48:24'),
	(2532, '134224', '2018-01-15 15:48:26'),
	(2533, '134225', '2018-01-15 15:48:31'),
	(2534, '134232', '2018-01-15 15:48:34'),
	(2535, '134243', '2018-01-15 15:48:36'),
	(2536, '134243', '2018-01-15 15:48:42'),
	(2537, '134244', '2018-01-15 15:48:44'),
	(2538, '134243', '2018-01-15 15:48:48'),
	(2539, '134235', '2018-01-15 15:48:49'),
	(2540, '134234', '2018-01-15 15:48:51'),
	(2541, '134243', '2018-01-15 15:48:55'),
	(2542, '134243', '2018-01-15 15:48:57'),
	(2545, '134243', '2018-01-15 15:49:04'),
	(2546, '134243', '2018-01-15 15:49:07'),
	(2548, '134244', '2018-01-15 15:49:12'),
	(2549, '134245', '2018-01-15 15:49:18'),
	(2551, '134245', '2018-01-15 15:49:23'),
	(2552, '134244', '2018-01-15 15:49:26'),
	(2554, '134242', '2018-01-15 15:49:29'),
	(2555, '134243', '2018-01-15 15:49:33'),
	(2556, '134244', '2018-01-15 15:49:36'),
	(2557, '134243', '2018-01-15 15:49:38'),
	(2560, '134244', '2018-01-15 15:49:46'),
	(2561, '134244', '2018-01-15 15:49:48'),
	(2562, '134234', '2018-01-15 15:49:52'),
	(2567, '134235', '2018-01-15 15:50:04'),
	(2568, '134224', '2018-01-15 15:50:06'),
	(2569, '134233', '2018-01-15 15:50:10'),
	(2571, '134233', '2018-01-15 15:50:14'),
	(2573, '134233', '2018-01-15 15:50:21'),
	(2574, '134234', '2018-01-15 15:50:23'),
	(2575, '134225', '2018-01-15 15:50:26'),
	(2576, '134224', '2018-01-15 15:50:29'),
	(2577, '134215', '2018-01-15 15:50:30'),
	(2578, '134215', '2018-01-15 15:50:34'),
	(2579, '134223', '2018-01-15 15:50:37'),
	(2580, '134224', '2018-01-15 15:50:40'),
	(2583, '134224', '2018-01-15 15:50:47'),
	(2584, '134224', '2018-01-15 15:50:49'),
	(2586, '134223', '2018-01-15 15:50:54'),
	(2589, '134215', '2018-01-15 15:51:00'),
	(2598, '134223', '2018-01-15 15:51:22'),
	(2601, '134224', '2018-01-15 15:51:26'),
	(2602, '134224', '2018-01-15 15:51:31'),
	(2603, '134224', '2018-01-15 15:51:33'),
	(2604, '134232', '2018-01-15 15:51:38'),
	(2605, '134243', '2018-01-15 15:51:41'),
	(2606, '134242', '2018-01-15 15:51:42'),
	(2607, '134234', '2018-01-15 15:51:46'),
	(2608, '134234', '2018-01-15 15:51:47'),
	(2609, '134235', '2018-01-15 15:51:48'),
	(2610, '134234', '2018-01-15 15:51:53'),
	(2611, '134234', '2018-01-15 15:51:56'),
	(2612, '134234', '2018-01-15 15:51:57'),
	(2613, '134234', '2018-01-15 15:52:00'),
	(2614, '134234', '2018-01-15 15:52:03'),
	(2617, '134234', '2018-01-15 15:52:10'),
	(2618, '134234', '2018-01-15 15:52:13'),
	(2619, '134244', '2018-01-15 15:52:17'),
	(2620, '134244', '2018-01-15 15:52:19'),
	(2621, '134254', '2018-01-15 15:52:21'),
	(2622, '134254', '2018-01-15 15:52:24'),
	(2624, '134262', '2018-01-15 15:52:28'),
	(2625, '134264', '2018-01-15 15:52:32'),
	(2626, '134263', '2018-01-15 15:52:34'),
	(2627, '134281', '2018-01-15 15:52:37'),
	(2628, '134275', '2018-01-15 15:52:40'),
	(2629, '134275', '2018-01-15 15:52:42'),
	(2630, '134283', '2018-01-15 15:52:44'),
	(2631, '134282', '2018-01-15 15:52:46'),
	(2632, '134282', '2018-01-15 15:52:49'),
	(2633, '134282', '2018-01-15 15:52:50'),
	(2634, '134282', '2018-01-15 15:52:54'),
	(2635, '134283', '2018-01-15 15:52:55'),
	(2636, '134283', '2018-01-15 15:52:59'),
	(2637, '134285', '2018-01-15 15:53:02'),
	(2638, '134283', '2018-01-15 15:53:04'),
	(2639, '134262', '2018-01-15 15:53:06'),
	(2642, '134263', '2018-01-15 15:53:14'),
	(2646, '134263', '2018-01-15 15:53:24'),
	(2647, '134262', '2018-01-15 15:53:26'),
	(2648, '134262', '2018-01-15 15:53:30'),
	(2650, '134262', '2018-01-15 15:53:37'),
	(2651, '134261', '2018-01-15 15:53:38'),
	(2653, '134261', '2018-01-15 15:53:43'),
	(2654, '134261', '2018-01-15 15:53:45'),
	(2658, '134260', '2018-01-15 15:53:55'),
	(2659, '134261', '2018-01-15 15:53:58'),
	(2660, '134260', '2018-01-15 15:54:00'),
	(2661, '134260', '2018-01-15 15:54:04'),
	(2662, '134264', '2018-01-15 15:54:06'),
	(2664, '134246', '2018-01-15 15:54:13'),
	(2665, '134254', '2018-01-15 15:54:16'),
	(2666, '134259', '2018-01-15 15:54:18'),
	(2667, '134262', '2018-01-15 15:54:20'),
	(2668, '134262', '2018-01-15 15:54:23'),
	(2669, '134254', '2018-01-15 15:54:24'),
	(2672, '134264', '2018-01-15 15:54:33'),
	(2673, '134264', '2018-01-15 15:54:35'),
	(2675, '134263', '2018-01-15 15:54:40'),
	(2676, '134272', '2018-01-15 15:54:43'),
	(2677, '134273', '2018-01-15 15:54:46'),
	(2678, '134255', '2018-01-15 15:54:49'),
	(2679, '134253', '2018-01-15 15:54:50'),
	(2680, '134243', '2018-01-15 15:54:54'),
	(2681, '134262', '2018-01-15 15:54:56'),
	(2682, '134264', '2018-01-15 15:54:59'),
	(2683, '134264', '2018-01-15 15:55:02'),
	(2684, '134263', '2018-01-15 15:55:05'),
	(2685, '134264', '2018-01-15 15:55:07'),
	(2686, '134263', '2018-01-15 15:55:08'),
	(2687, '134273', '2018-01-15 15:55:13'),
	(2688, '134275', '2018-01-15 15:55:25'),
	(2689, '134274', '2018-01-15 15:55:27'),
	(2690, '134274', '2018-01-15 15:55:30'),
	(2691, '134274', '2018-01-15 15:55:33'),
	(2692, '134275', '2018-01-15 15:55:36'),
	(2693, '134282', '2018-01-15 15:55:39'),
	(2695, '134284', '2018-01-15 15:55:44'),
	(2696, '134283', '2018-01-15 15:55:47'),
	(2697, '134284', '2018-01-15 15:55:50'),
	(2698, '134284', '2018-01-15 15:55:54'),
	(2699, '134294', '2018-01-15 15:55:58'),
	(2700, '134314', '2018-01-15 15:56:08'),
	(2701, '134324', '2018-01-15 15:56:11'),
	(2702, '134334', '2018-01-15 15:56:16'),
	(2703, '134339', '2018-01-15 15:56:18'),
	(2704, '134324', '2018-01-15 15:56:21'),
	(2705, '134322', '2018-01-15 15:56:23'),
	(2706, '134323', '2018-01-15 15:56:26'),
	(2707, '134323', '2018-01-15 15:56:29'),
	(2708, '134332', '2018-01-15 15:56:32'),
	(2709, '134322', '2018-01-15 15:56:36'),
	(2710, '134331', '2018-01-15 15:56:38'),
	(2712, '134341', '2018-01-15 15:56:43'),
	(2713, '134342', '2018-01-15 15:56:45'),
	(2714, '134324', '2018-01-15 15:56:50'),
	(2715, '134324', '2018-01-15 15:56:52'),
	(2716, '134324', '2018-01-15 15:56:56'),
	(2717, '134323', '2018-01-15 15:56:59'),
	(2718, '134323', '2018-01-15 15:57:01'),
	(2719, '134323', '2018-01-15 15:57:04'),
	(2723, '134323', '2018-01-15 15:57:15'),
	(2725, '134361', '2018-01-15 15:57:21'),
	(2726, '134352', '2018-01-15 15:57:22'),
	(2727, '134323', '2018-01-15 15:57:26'),
	(2728, '134331', '2018-01-15 15:57:28'),
	(2729, '134332', '2018-01-15 15:57:33'),
	(2730, '134331', '2018-01-15 15:57:37'),
	(2731, '134332', '2018-01-15 15:57:38'),
	(2732, '134342', '2018-01-15 15:57:47'),
	(2733, '134341', '2018-01-15 15:57:50'),
	(2734, '134348', '2018-01-15 15:57:53'),
	(2735, '134347', '2018-01-15 15:57:55'),
	(2736, '134342', '2018-01-15 15:57:57'),
	(2737, '134341', '2018-01-15 15:57:59'),
	(2738, '134331', '2018-01-15 15:58:03'),
	(2740, '134331', '2018-01-15 15:58:08'),
	(2741, '134332', '2018-01-15 15:58:11'),
	(2742, '134332', '2018-01-15 15:58:14'),
	(2743, '134332', '2018-01-15 15:58:16'),
	(2744, '134311', '2018-01-15 15:58:19'),
	(2745, '134311', '2018-01-15 15:58:21'),
	(2746, '134321', '2018-01-15 15:58:24'),
	(2747, '134322', '2018-01-15 15:58:27'),
	(2748, '134340', '2018-01-15 15:58:29'),
	(2749, '134341', '2018-01-15 15:58:31'),
	(2750, '134332', '2018-01-15 15:58:33'),
	(2751, '134321', '2018-01-15 15:58:38'),
	(2752, '134321', '2018-01-15 15:58:40'),
	(2753, '134312', '2018-01-15 15:58:43'),
	(2754, '134315', '2018-01-15 15:58:46'),
	(2756, '134331', '2018-01-15 15:58:51'),
	(2757, '134312', '2018-01-15 15:58:54'),
	(2758, '134331', '2018-01-15 15:58:56'),
	(2760, '134339', '2018-01-15 15:59:03'),
	(2761, '134341', '2018-01-15 15:59:04'),
	(2762, '134332', '2018-01-15 15:59:07'),
	(2763, '134331', '2018-01-15 15:59:10'),
	(2767, '134324', '2018-01-15 15:59:20'),
	(2768, '134323', '2018-01-15 15:59:22'),
	(2769, '134323', '2018-01-15 15:59:24'),
	(2770, '134322', '2018-01-15 15:59:27'),
	(2771, '134321', '2018-01-15 15:59:30'),
	(2772, '134321', '2018-01-15 15:59:32'),
	(2773, '134322', '2018-01-15 15:59:34'),
	(2774, '134313', '2018-01-15 15:59:37'),
	(2775, '134312', '2018-01-15 15:59:38'),
	(2776, '134322', '2018-01-15 15:59:42'),
	(2777, '134312', '2018-01-15 15:59:46'),
	(2778, '134313', '2018-01-15 15:59:48'),
	(2779, '134312', '2018-01-15 15:59:51'),
	(2781, '134312', '2018-01-15 15:59:56'),
	(2782, '134312', '2018-01-15 15:59:59'),
	(2783, '134301', '2018-01-15 16:00:02'),
	(2784, '134292', '2018-01-15 16:00:04'),
	(2785, '134293', '2018-01-15 16:00:06'),
	(2786, '134292', '2018-01-15 16:00:08'),
	(2787, '134294', '2018-01-15 16:00:12'),
	(2788, '134302', '2018-01-15 16:00:14'),
	(2789, '134294', '2018-01-15 16:00:18'),
	(2790, '134293', '2018-01-15 16:00:21'),
	(2791, '134292', '2018-01-15 16:00:24'),
	(2792, '134293', '2018-01-15 16:00:28'),
	(2793, '134293', '2018-01-15 16:00:31'),
	(2794, '134292', '2018-01-15 16:00:35'),
	(2795, '134292', '2018-01-15 16:00:41'),
	(2797, '134301', '2018-01-15 16:00:46'),
	(2798, '134302', '2018-01-15 16:00:47'),
	(2806, '134293', '2018-01-15 16:01:10'),
	(2807, '134292', '2018-01-15 16:01:12'),
	(2808, '134301', '2018-01-15 16:01:16'),
	(2809, '134318', '2018-01-15 16:01:18'),
	(2810, '134313', '2018-01-15 16:01:21'),
	(2811, '134312', '2018-01-15 16:01:23'),
	(2812, '134302', '2018-01-15 16:01:26'),
	(2813, '134292', '2018-01-15 16:01:30'),
	(2814, '134281', '2018-01-15 16:01:31'),
	(2815, '134293', '2018-01-15 16:01:35'),
	(2816, '134302', '2018-01-15 16:01:40'),
	(2817, '134294', '2018-01-15 16:01:42'),
	(2818, '134293', '2018-01-15 16:01:43'),
	(2819, '134283', '2018-01-15 16:01:47'),
	(2820, '134281', '2018-01-15 16:01:53'),
	(2821, '134281', '2018-01-15 16:01:55'),
	(2822, '134282', '2018-01-15 16:01:56'),
	(2823, '134281', '2018-01-15 16:01:59'),
	(2824, '134291', '2018-01-15 16:02:04'),
	(2826, '134283', '2018-01-15 16:02:08'),
	(2827, '134291', '2018-01-15 16:02:12'),
	(2829, '134283', '2018-01-15 16:02:17'),
	(2830, '134292', '2018-01-15 16:02:20'),
	(2831, '134291', '2018-01-15 16:02:21'),
	(2832, '134291', '2018-01-15 16:02:28'),
	(2834, '134282', '2018-01-15 16:02:33'),
	(2835, '134288', '2018-01-15 16:02:36'),
	(2839, '134294', '2018-01-15 16:02:45'),
	(2842, '134284', '2018-01-15 16:02:52'),
	(2843, '134283', '2018-01-15 16:02:57'),
	(2845, '134294', '2018-01-15 16:03:01'),
	(2848, '134294', '2018-01-15 16:03:08'),
	(2853, '134284', '2018-01-15 16:03:21'),
	(2857, '134283', '2018-01-15 16:03:33'),
	(2858, '134283', '2018-01-15 16:03:37'),
	(2860, '134274', '2018-01-15 16:03:42'),
	(2861, '134275', '2018-01-15 16:03:44'),
	(2862, '134276', '2018-01-15 16:03:47'),
	(2863, '134275', '2018-01-15 16:03:50'),
	(2864, '134283', '2018-01-15 16:03:52'),
	(2865, '134284', '2018-01-15 16:03:55'),
	(2866, '134283', '2018-01-15 16:03:58'),
	(2867, '134284', '2018-01-15 16:04:01'),
	(2868, '134293', '2018-01-15 16:04:03'),
	(2869, '134294', '2018-01-15 16:04:05'),
	(2871, '134284', '2018-01-15 16:04:10'),
	(2872, '134275', '2018-01-15 16:04:12'),
	(2873, '134275', '2018-01-15 16:04:15'),
	(2874, '134274', '2018-01-15 16:04:17'),
	(2877, '134283', '2018-01-15 16:04:24'),
	(2878, '134284', '2018-01-15 16:04:26'),
	(2879, '134284', '2018-01-15 16:04:28'),
	(2880, '134284', '2018-01-15 16:04:32'),
	(2883, '134293', '2018-01-15 16:04:41'),
	(2884, '134284', '2018-01-15 16:04:44'),
	(2885, '134287', '2018-01-15 16:04:47'),
	(2886, '134288', '2018-01-15 16:04:49'),
	(2888, '134294', '2018-01-15 16:04:54'),
	(2889, '134303', '2018-01-15 16:04:57'),
	(2890, '134303', '2018-01-15 16:04:58'),
	(2891, '134294', '2018-01-15 16:05:02'),
	(2894, '134292', '2018-01-15 16:05:08'),
	(2895, '134284', '2018-01-15 16:05:10'),
	(2896, '134283', '2018-01-15 16:05:13'),
	(2897, '134273', '2018-01-15 16:05:15'),
	(2898, '134281', '2018-01-15 16:05:17'),
	(2900, '134282', '2018-01-15 16:05:23'),
	(2901, '134292', '2018-01-15 16:05:25'),
	(2902, '134292', '2018-01-15 16:05:28'),
	(2903, '134300', '2018-01-15 16:05:30'),
	(2904, '134311', '2018-01-15 16:05:32'),
	(2905, '134311', '2018-01-15 16:05:35'),
	(2906, '134321', '2018-01-15 16:05:38'),
	(2907, '134310', '2018-01-15 16:05:40'),
	(2908, '134309', '2018-01-15 16:05:43'),
	(2909, '134320', '2018-01-15 16:05:46'),
	(2910, '134320', '2018-01-15 16:05:48'),
	(2911, '134322', '2018-01-15 16:05:49'),
	(2912, '134321', '2018-01-15 16:05:52'),
	(2914, '134320', '2018-01-15 16:05:57'),
	(2915, '134321', '2018-01-15 16:05:58'),
	(2916, '134321', '2018-01-15 16:06:02'),
	(2917, '134329', '2018-01-15 16:06:05'),
	(2918, '134331', '2018-01-15 16:06:08'),
	(2920, '134334', '2018-01-15 16:06:14'),
	(2921, '134324', '2018-01-15 16:06:17'),
	(2922, '134331', '2018-01-15 16:06:20'),
	(2923, '134313', '2018-01-15 16:06:23'),
	(2924, '134301', '2018-01-15 16:06:26'),
	(2925, '134302', '2018-01-15 16:06:27'),
	(2926, '134301', '2018-01-15 16:06:30'),
	(2927, '134302', '2018-01-15 16:06:32'),
	(2929, '134292', '2018-01-15 16:06:38'),
	(2930, '134283', '2018-01-15 16:06:40'),
	(2931, '134282', '2018-01-15 16:06:44'),
	(2935, '134273', '2018-01-15 16:06:55');
/*!40000 ALTER TABLE `data_xau` ENABLE KEYS */;

-- 导出  表 yunlife.data_yushi 结构
DROP TABLE IF EXISTS `data_yushi`;
CREATE TABLE IF NOT EXISTS `data_yushi` (
  `id` int(11) NOT NULL AUTO_INCREMENT,
  `price` varchar(30) DEFAULT NULL,
  `time` datetime DEFAULT NULL,
  PRIMARY KEY (`id`),
  UNIQUE KEY `time` (`time`)
) ENGINE=InnoDB AUTO_INCREMENT=212 DEFAULT CHARSET=utf8;

-- 正在导出表  yunlife.data_yushi 的数据：~211 rows (大约)
/*!40000 ALTER TABLE `data_yushi` DISABLE KEYS */;
INSERT INTO `data_yushi` (`id`, `price`, `time`) VALUES
	(1, '12860', '2018-01-15 11:15:13'),
	(2, '12864', '2018-01-15 11:15:15'),
	(3, '12862', '2018-01-15 11:15:17'),
	(4, '12865', '2018-01-15 11:15:19'),
	(5, '12863', '2018-01-15 11:15:23'),
	(6, '12863', '2018-01-15 11:15:27'),
	(7, '12859', '2018-01-15 11:15:30'),
	(8, '12859', '2018-01-15 11:15:32'),
	(9, '12855', '2018-01-15 11:15:34'),
	(10, '12854', '2018-01-15 11:15:38'),
	(11, '12856', '2018-01-15 11:15:40'),
	(12, '12859', '2018-01-15 11:15:42'),
	(13, '12863', '2018-01-15 11:15:44'),
	(14, '12863', '2018-01-15 11:15:46'),
	(15, '12859', '2018-01-15 11:15:48'),
	(16, '12861', '2018-01-15 11:15:50'),
	(17, '12859', '2018-01-15 11:15:53'),
	(18, '12862', '2018-01-15 11:15:55'),
	(19, '12864', '2018-01-15 11:15:58'),
	(20, '12862', '2018-01-15 11:16:00'),
	(21, '12858', '2018-01-15 11:16:03'),
	(22, '12860', '2018-01-15 11:16:05'),
	(23, '12859', '2018-01-15 11:16:07'),
	(24, '12855', '2018-01-15 11:16:09'),
	(25, '12859', '2018-01-15 11:16:11'),
	(26, '12859', '2018-01-15 11:16:14'),
	(27, '12863', '2018-01-15 11:16:16'),
	(28, '12862', '2018-01-15 11:16:18'),
	(29, '12859', '2018-01-15 11:16:20'),
	(30, '12860', '2018-01-15 11:16:22'),
	(31, '12864', '2018-01-15 11:16:24'),
	(32, '12865', '2018-01-15 11:16:27'),
	(33, '12862', '2018-01-15 11:16:30'),
	(34, '12861', '2018-01-15 11:16:33'),
	(35, '12861', '2018-01-15 11:16:35'),
	(36, '12861', '2018-01-15 11:16:37'),
	(37, '12859', '2018-01-15 11:16:39'),
	(38, '12861', '2018-01-15 11:16:41'),
	(39, '12862', '2018-01-15 11:16:43'),
	(40, '12863', '2018-01-15 11:16:45'),
	(41, '12859', '2018-01-15 11:16:47'),
	(42, '12860', '2018-01-15 11:16:49'),
	(43, '12856', '2018-01-15 11:16:51'),
	(44, '12855', '2018-01-15 11:16:53'),
	(45, '12852', '2018-01-15 11:16:56'),
	(46, '12850', '2018-01-15 11:16:58'),
	(47, '12853', '2018-01-15 11:17:00'),
	(48, '12849', '2018-01-15 11:17:02'),
	(49, '12845', '2018-01-15 11:17:05'),
	(50, '12845', '2018-01-15 11:17:08'),
	(51, '12847', '2018-01-15 11:17:10'),
	(52, '12844', '2018-01-15 11:17:13'),
	(53, '12844', '2018-01-15 11:17:15'),
	(54, '12842', '2018-01-15 11:17:17'),
	(55, '12844', '2018-01-15 11:17:19'),
	(56, '12841', '2018-01-15 11:17:22'),
	(57, '12838', '2018-01-15 11:17:24'),
	(58, '12839', '2018-01-15 11:17:26'),
	(59, '12836', '2018-01-15 11:17:28'),
	(60, '12838', '2018-01-15 11:17:29'),
	(61, '12840', '2018-01-15 11:17:31'),
	(62, '12836', '2018-01-15 11:17:34'),
	(63, '12838', '2018-01-15 11:17:36'),
	(64, '12839', '2018-01-15 11:17:38'),
	(65, '12840', '2018-01-15 11:17:40'),
	(66, '12837', '2018-01-15 11:17:42'),
	(67, '12837', '2018-01-15 11:17:44'),
	(68, '12833', '2018-01-15 11:17:46'),
	(69, '12836', '2018-01-15 11:17:48'),
	(70, '12834', '2018-01-15 11:17:50'),
	(71, '12836', '2018-01-15 11:17:51'),
	(72, '12834', '2018-01-15 11:17:53'),
	(73, '12831', '2018-01-15 11:17:56'),
	(74, '12829', '2018-01-15 11:17:58'),
	(75, '12828', '2018-01-15 11:17:59'),
	(76, '12828', '2018-01-15 11:18:01'),
	(77, '12829', '2018-01-15 11:18:04'),
	(78, '12831', '2018-01-15 11:18:07'),
	(79, '12832', '2018-01-15 11:18:09'),
	(80, '12835', '2018-01-15 11:18:13'),
	(81, '12839', '2018-01-15 11:18:15'),
	(82, '12840', '2018-01-15 11:18:18'),
	(83, '12836', '2018-01-15 11:18:20'),
	(84, '12833', '2018-01-15 11:18:22'),
	(85, '12829', '2018-01-15 11:18:24'),
	(86, '12831', '2018-01-15 11:18:26'),
	(87, '12828', '2018-01-15 11:18:28'),
	(88, '12827', '2018-01-15 11:18:30'),
	(89, '12831', '2018-01-15 11:18:31'),
	(90, '12831', '2018-01-15 11:18:34'),
	(91, '12832', '2018-01-15 11:18:37'),
	(92, '12830', '2018-01-15 11:18:39'),
	(93, '12833', '2018-01-15 11:18:41'),
	(94, '12834', '2018-01-15 11:18:43'),
	(95, '12836', '2018-01-15 11:18:45'),
	(96, '12838', '2018-01-15 11:18:47'),
	(97, '12841', '2018-01-15 11:18:49'),
	(98, '12844', '2018-01-15 11:18:51'),
	(99, '12844', '2018-01-15 11:18:53'),
	(100, '12843', '2018-01-15 11:18:56'),
	(101, '12844', '2018-01-15 11:18:58'),
	(102, '12846', '2018-01-15 11:19:00'),
	(103, '12849', '2018-01-15 11:19:02'),
	(104, '12851', '2018-01-15 11:19:05'),
	(105, '12853', '2018-01-15 11:19:09'),
	(106, '12852', '2018-01-15 11:19:11'),
	(107, '12852', '2018-01-15 11:19:13'),
	(108, '12854', '2018-01-15 11:19:15'),
	(109, '12851', '2018-01-15 11:19:17'),
	(110, '12848', '2018-01-15 11:19:20'),
	(111, '12851', '2018-01-15 11:19:22'),
	(112, '12847', '2018-01-15 11:19:24'),
	(113, '12846', '2018-01-15 11:19:26'),
	(114, '12845', '2018-01-15 11:19:28'),
	(115, '12841', '2018-01-15 11:19:30'),
	(116, '12838', '2018-01-15 11:19:32'),
	(117, '12840', '2018-01-15 11:19:33'),
	(118, '12836', '2018-01-15 11:19:36'),
	(119, '12835', '2018-01-15 11:19:39'),
	(120, '12832', '2018-01-15 11:19:42'),
	(121, '12834', '2018-01-15 11:19:44'),
	(122, '12832', '2018-01-15 11:19:47'),
	(123, '12829', '2018-01-15 11:19:51'),
	(124, '12830', '2018-01-15 11:19:54'),
	(125, '12832', '2018-01-15 11:19:58'),
	(126, '12829', '2018-01-15 11:20:48'),
	(127, '12831', '2018-01-15 11:20:52'),
	(128, '12833', '2018-01-15 11:20:54'),
	(129, '12836', '2018-01-15 11:20:57'),
	(130, '12837', '2018-01-15 11:21:01'),
	(131, '12833', '2018-01-15 11:21:04'),
	(132, '12834', '2018-01-15 11:21:06'),
	(133, '12836', '2018-01-15 11:21:09'),
	(134, '12836', '2018-01-15 11:21:13'),
	(135, '12834', '2018-01-15 11:21:16'),
	(136, '12830', '2018-01-15 11:21:18'),
	(137, '12834', '2018-01-15 11:21:22'),
	(138, '12836', '2018-01-15 11:21:25'),
	(139, '12834', '2018-01-15 11:21:29'),
	(140, '12834', '2018-01-15 11:21:31'),
	(141, '12833', '2018-01-15 11:21:34'),
	(142, '12829', '2018-01-15 11:21:36'),
	(143, '12831', '2018-01-15 11:21:40'),
	(144, '12830', '2018-01-15 11:21:42'),
	(145, '12830', '2018-01-15 11:21:45'),
	(146, '12833', '2018-01-15 11:21:48'),
	(147, '12829', '2018-01-15 11:21:51'),
	(148, '12832', '2018-01-15 11:21:55'),
	(149, '12831', '2018-01-15 11:21:58'),
	(150, '12828', '2018-01-15 11:22:00'),
	(151, '12824', '2018-01-15 11:22:03'),
	(152, '12824', '2018-01-15 11:22:06'),
	(153, '12821', '2018-01-15 11:22:10'),
	(154, '12824', '2018-01-15 11:22:13'),
	(155, '12822', '2018-01-15 11:22:16'),
	(156, '12825', '2018-01-15 11:22:18'),
	(157, '12828', '2018-01-15 11:22:21'),
	(158, '12831', '2018-01-15 11:22:24'),
	(159, '12830', '2018-01-15 11:22:28'),
	(160, '12834', '2018-01-15 11:23:08'),
	(161, '12832', '2018-01-15 11:23:10'),
	(162, '12836', '2018-01-15 11:23:13'),
	(163, '12832', '2018-01-15 11:23:16'),
	(164, '12830', '2018-01-15 11:23:18'),
	(165, '12828', '2018-01-15 11:23:20'),
	(166, '12829', '2018-01-15 11:23:22'),
	(167, '12831', '2018-01-15 11:23:26'),
	(168, '12832', '2018-01-15 11:23:28'),
	(169, '12836', '2018-01-15 11:23:31'),
	(170, '12834', '2018-01-15 11:23:34'),
	(171, '12830', '2018-01-15 11:23:37'),
	(172, '12826', '2018-01-15 11:23:40'),
	(173, '12827', '2018-01-15 11:23:44'),
	(174, '12825', '2018-01-15 11:23:46'),
	(175, '12828', '2018-01-15 11:23:48'),
	(176, '12824', '2018-01-15 11:23:51'),
	(177, '12826', '2018-01-15 11:23:54'),
	(178, '12829', '2018-01-15 11:23:56'),
	(179, '12831', '2018-01-15 11:23:58'),
	(180, '12835', '2018-01-15 11:24:01'),
	(181, '12839', '2018-01-15 11:24:04'),
	(182, '12836', '2018-01-15 11:24:07'),
	(183, '12833', '2018-01-15 11:24:10'),
	(184, '12831', '2018-01-15 11:24:15'),
	(185, '12828', '2018-01-15 11:24:17'),
	(186, '12827', '2018-01-15 11:24:19'),
	(187, '12827', '2018-01-15 11:24:22'),
	(188, '12830', '2018-01-15 11:24:26'),
	(189, '12832', '2018-01-15 11:24:28'),
	(190, '12835', '2018-01-15 11:24:31'),
	(191, '12832', '2018-01-15 11:24:34'),
	(192, '12830', '2018-01-15 11:24:36'),
	(193, '12829', '2018-01-15 11:24:40'),
	(194, '12829', '2018-01-15 11:24:42'),
	(195, '12833', '2018-01-15 11:24:46'),
	(196, '12833', '2018-01-15 11:24:49'),
	(197, '12829', '2018-01-15 11:24:51'),
	(198, '12827', '2018-01-15 11:24:54'),
	(199, '12824', '2018-01-15 11:24:57'),
	(200, '12828', '2018-01-15 11:25:00'),
	(201, '12827', '2018-01-15 11:25:03'),
	(202, '12826', '2018-01-15 11:25:07'),
	(203, '12830', '2018-01-15 11:25:09'),
	(204, '12833', '2018-01-15 11:25:11'),
	(205, '12832', '2018-01-15 11:55:34'),
	(206, '12829', '2018-01-15 11:55:36'),
	(207, '12831', '2018-01-15 11:55:38'),
	(208, '12832', '2018-01-15 11:55:40'),
	(209, '12829', '2018-01-15 11:55:43'),
	(210, '12833', '2018-01-15 11:55:46'),
	(211, '12835', '2018-01-15 11:55:48');
/*!40000 ALTER TABLE `data_yushi` ENABLE KEYS */;

-- 导出  表 yunlife.log 结构
DROP TABLE IF EXISTS `log`;
CREATE TABLE IF NOT EXISTS `log` (
  `id` bigint(20) NOT NULL AUTO_INCREMENT,
  `level` int(11) DEFAULT NULL,
  `category` varchar(255) COLLATE utf8_unicode_ci DEFAULT NULL,
  `log_time` double DEFAULT NULL,
  `prefix` text COLLATE utf8_unicode_ci,
  `message` text COLLATE utf8_unicode_ci,
  PRIMARY KEY (`id`),
  KEY `idx_log_level` (`level`),
  KEY `idx_log_category` (`category`)
) ENGINE=InnoDB DEFAULT CHARSET=utf8 COLLATE=utf8_unicode_ci;

-- 正在导出表  yunlife.log 的数据：~0 rows (大约)
/*!40000 ALTER TABLE `log` DISABLE KEYS */;
/*!40000 ALTER TABLE `log` ENABLE KEYS */;

-- 导出  表 yunlife.migration 结构
DROP TABLE IF EXISTS `migration`;
CREATE TABLE IF NOT EXISTS `migration` (
  `id` int(11) NOT NULL AUTO_INCREMENT,
  `version` varchar(80) NOT NULL,
  `apply_time` int(11) NOT NULL,
  PRIMARY KEY (`id`)
) ENGINE=InnoDB AUTO_INCREMENT=13 DEFAULT CHARSET=utf8 COMMENT='数据库版本迁移表';

-- 正在导出表  yunlife.migration 的数据：~12 rows (大约)
/*!40000 ALTER TABLE `migration` DISABLE KEYS */;
INSERT INTO `migration` (`id`, `version`, `apply_time`) VALUES
	(1, '20161129_021731_1_8QbXPA.data', 1480385851),
	(2, '20161130_070959_1_gDGope.data', 1480499011),
	(3, '20161201_033737_1_svMwUS.data', 1480586602),
	(4, '20170210_053450_1_myNgtM.data', 1486705062),
	(5, '20170620_061002_2_ARdR3K.data', 1497939002),
	(6, '20170620_100837_3_RxtYU4.data', 1497953317),
	(7, '20170621_023554_1_92bxoM.data', 1498012554),
	(8, '20170621_033113_2_DpRVKV.data', 1498015873),
	(9, '20170621_095227_3_vvo8LZ.data', 1498038747),
	(10, '20170622_030523_1_t32sbP.data', 1498100723),
	(11, '20170622_032420_2_aD2bAl.data', 1498101860),
	(12, '20170622_085116_3_0wW1ke.data', 1498121476);
/*!40000 ALTER TABLE `migration` ENABLE KEYS */;

-- 导出  表 yunlife.option 结构
DROP TABLE IF EXISTS `option`;
CREATE TABLE IF NOT EXISTS `option` (
  `id` int(11) unsigned NOT NULL AUTO_INCREMENT,
  `option_name` varchar(64) NOT NULL DEFAULT '' COMMENT '配置名',
  `option_value` longtext COMMENT '配置值',
  `type` tinyint(4) DEFAULT '1' COMMENT '配置类型',
  `state` tinyint(4) DEFAULT '1',
  PRIMARY KEY (`id`),
  UNIQUE KEY `option_name` (`option_name`)
) ENGINE=InnoDB AUTO_INCREMENT=6 DEFAULT CHARSET=utf8 COMMENT='参数配置表';

-- 正在导出表  yunlife.option 的数据：~5 rows (大约)
/*!40000 ALTER TABLE `option` DISABLE KEYS */;
INSERT INTO `option` (`id`, `option_name`, `option_value`, `type`, `state`) VALUES
	(1, 'frontend_settings', 'a:13:{i:0;a:10:{s:2:"id";i:1;s:3:"pid";s:1:"0";s:4:"name";s:12:"网站设置";s:3:"var";N;s:5:"value";N;s:4:"type";N;s:5:"alter";N;s:7:"comment";N;s:5:"level";i:1;s:7:"uploads";a:0:{}}i:1;a:10:{s:2:"id";i:10;s:3:"pid";s:1:"0";s:4:"name";s:12:"分销设置";s:3:"var";N;s:5:"value";N;s:4:"type";N;s:5:"alter";N;s:7:"comment";N;s:5:"level";i:1;s:7:"uploads";a:0:{}}i:2;a:10:{s:2:"id";i:2;s:3:"pid";s:1:"1";s:4:"name";s:12:"公共设置";s:3:"var";N;s:5:"value";N;s:4:"type";N;s:5:"alter";N;s:7:"comment";N;s:5:"level";i:2;s:7:"uploads";a:0:{}}i:3;a:10:{s:2:"id";i:6;s:3:"pid";s:1:"1";s:4:"name";s:9:"SEO设置";s:3:"var";N;s:5:"value";N;s:4:"type";N;s:5:"alter";N;s:7:"comment";N;s:5:"level";i:2;s:7:"uploads";a:0:{}}i:5;a:10:{s:2:"id";i:3;s:3:"pid";s:1:"2";s:4:"name";s:12:"网站名称";s:3:"var";s:8:"web_name";s:5:"value";s:2:"57";s:4:"type";s:4:"text";s:5:"alter";N;s:7:"comment";s:12:"网站名称";s:5:"level";i:3;s:7:"uploads";a:0:{}}i:6;a:10:{s:2:"id";i:4;s:3:"pid";s:1:"2";s:4:"name";s:10:"网站LOGO";s:3:"var";s:8:"web_logo";s:5:"value";s:45:"/uploadfile/setting/20170227/170348164720.jpg";s:4:"type";s:4:"file";s:5:"alter";N;s:7:"comment";s:10:"网站LOGO";s:5:"level";i:3;s:7:"uploads";a:0:{}}i:7;a:10:{s:2:"id";i:5;s:3:"pid";s:1:"2";s:4:"name";s:12:"短信签名";s:3:"var";s:8:"web_sign";s:5:"value";s:12:"涨云商城";s:4:"type";s:4:"text";s:5:"alter";N;s:7:"comment";s:27:"短信签名，2-5个汉字";s:5:"level";i:3;s:7:"uploads";a:0:{}}i:8;a:10:{s:2:"id";i:7;s:3:"pid";s:1:"6";s:4:"name";s:9:"SEO开关";s:3:"var";s:11:"seo_default";s:5:"value";s:1:"1";s:4:"type";s:5:"radio";s:5:"alter";s:40:"a:2:{i:1;s:6:"开启";i:0;s:6:"关闭";}";s:7:"comment";s:33:"是否开启SEO的默认设置值";s:5:"level";i:3;s:7:"uploads";a:0:{}}i:9;a:10:{s:2:"id";i:8;s:3:"pid";s:1:"6";s:4:"name";s:9:"关键字";s:3:"var";s:7:"seo_key";s:5:"value";s:0:"";s:4:"type";s:4:"text";s:5:"alter";N;s:7:"comment";s:21:"SEO的默认关键字";s:5:"level";i:3;s:7:"uploads";a:0:{}}i:10;a:10:{s:2:"id";i:9;s:3:"pid";s:1:"6";s:4:"name";s:6:"描述";s:3:"var";s:8:"seo_desc";s:5:"value";s:0:"";s:4:"type";s:8:"textarea";s:5:"alter";N;s:7:"comment";s:18:"SEO的默认描述";s:5:"level";i:3;s:7:"uploads";a:0:{}}i:12;a:10:{s:2:"id";i:13;s:3:"pid";s:1:"2";s:4:"name";s:22:"分成最大百分比%";s:3:"var";s:9:"web_point";s:5:"value";s:2:"80";s:4:"type";s:4:"text";s:5:"alter";N;s:7:"comment";s:17:"1-100整数之间";s:5:"level";i:3;s:7:"uploads";a:0:{}}i:13;a:10:{s:2:"id";i:14;s:3:"pid";s:1:"2";s:4:"name";s:18:"首页商品交易";s:3:"var";s:14:"web_trade_time";s:5:"value";s:62:"商品时间：周一~周五上午8:00~凌晨4:00 周末休市";s:4:"type";s:4:"text";s:5:"alter";N;s:7:"comment";s:12:"商品时间";s:5:"level";i:3;s:7:"uploads";a:0:{}}i:14;a:10:{s:2:"id";i:15;s:3:"pid";s:1:"2";s:4:"name";s:12:"微信回复";s:3:"var";s:16:"web_wechart_info";s:5:"value";s:168:"您好，请问有什么可以帮助您？小蚂蚁每个商品交易日09:00~18:00都会恭候您，只需在公众号说出您的需求，我们将竭诚为您解答~";s:4:"type";s:4:"text";s:5:"alter";N;s:7:"comment";s:9:"小蚂蚁";s:5:"level";i:3;s:7:"uploads";a:0:{}}}', 1, 1),
	(2, 'risk_switch', 's:1:"0";', 2, 1),
	(3, 'risk_product', 'a:3:{s:2:"ag";s:1:"1";s:4:"conc";s:1:"1";s:3:"xau";s:1:"1";}', 2, 1),
	(4, 'console_settings', 'a:0:{}', 1, 1),
	(5, 'risk_product_control', 'a:1:{s:4:"mila";a:4:{s:5:"start";i:1503542483;s:5:"price";s:3:"997";s:6:"target";s:3:"123";s:4:"time";s:1:"5";}}', 2, 1);
/*!40000 ALTER TABLE `option` ENABLE KEYS */;

-- 导出  表 yunlife.order 结构
DROP TABLE IF EXISTS `order`;
CREATE TABLE IF NOT EXISTS `order` (
  `id` int(11) NOT NULL AUTO_INCREMENT,
  `user_id` int(11) NOT NULL,
  `product_id` int(11) NOT NULL COMMENT '买卖品类',
  `hand` int(11) NOT NULL COMMENT '手数',
  `price` decimal(11,2) NOT NULL COMMENT '买入价',
  `one_profit` decimal(11,2) NOT NULL COMMENT '一手盈亏',
  `fee` decimal(11,1) DEFAULT '0.0' COMMENT '手续费',
  `stop_profit_price` decimal(11,2) DEFAULT '0.00' COMMENT '止盈金额',
  `stop_profit_point` decimal(11,2) DEFAULT '0.00' COMMENT '止盈点数',
  `stop_loss_price` decimal(11,2) DEFAULT '0.00' COMMENT '止损金额',
  `stop_loss_point` decimal(11,2) DEFAULT '0.00' COMMENT '止损点数',
  `deposit` decimal(11,2) DEFAULT '0.00' COMMENT '保证金',
  `rise_fall` tinyint(4) DEFAULT '1' COMMENT '涨跌：1涨，2跌',
  `sell_price` decimal(11,2) DEFAULT '0.00' COMMENT '卖出价格',
  `sell_hand` int(11) DEFAULT '0' COMMENT '卖出手数',
  `sell_deposit` decimal(11,2) DEFAULT '0.00' COMMENT '卖出总价',
  `discount` decimal(11,2) DEFAULT '0.00' COMMENT '优惠金额',
  `currency` tinyint(4) DEFAULT '1' COMMENT '币种：1人民币，2美元',
  `profit` decimal(11,2) DEFAULT '0.00' COMMENT '盈亏',
  `is_console` tinyint(1) DEFAULT NULL,
  `order_state` tinyint(4) DEFAULT '1' COMMENT '持仓状态，1持仓，2抛出',
  `created_at` datetime DEFAULT NULL COMMENT '下单时间',
  `created_by` int(11) DEFAULT NULL,
  `updated_at` datetime DEFAULT NULL COMMENT '平仓时间',
  `updated_by` int(11) DEFAULT NULL,
  PRIMARY KEY (`id`),
  KEY `user_id` (`user_id`),
  KEY `product` (`product_id`)
) ENGINE=InnoDB AUTO_INCREMENT=3 DEFAULT CHARSET=utf8 COMMENT='订单表';

-- 正在导出表  yunlife.order 的数据：~2 rows (大约)
/*!40000 ALTER TABLE `order` DISABLE KEYS */;
INSERT INTO `order` (`id`, `user_id`, `product_id`, `hand`, `price`, `one_profit`, `fee`, `stop_profit_price`, `stop_profit_point`, `stop_loss_price`, `stop_loss_point`, `deposit`, `rise_fall`, `sell_price`, `sell_hand`, `sell_deposit`, `discount`, `currency`, `profit`, `is_console`, `order_state`, `created_at`, `created_by`, `updated_at`, `updated_by`) VALUES
	(1, 100001, 20, 1, 7488.00, 10.00, 1.5, 5.00, 7493.00, 5.00, 7483.00, 10.00, 1, 7493.00, 1, 18.50, 0.00, 1, 8.50, 1, 2, '2017-08-15 17:53:52', 100001, '2017-08-15 17:54:17', 0),
	(2, 100001, 20, 1, 7490.00, 10.00, 1.5, 5.00, 7495.00, 5.00, 7485.00, 10.00, 2, 7495.00, 1, 0.00, 0.00, 1, -8.50, 1, 2, '2017-08-15 18:02:51', 100001, '2017-08-15 18:03:53', 0);
/*!40000 ALTER TABLE `order` ENABLE KEYS */;

-- 导出  表 yunlife.prize 结构
DROP TABLE IF EXISTS `prize`;
CREATE TABLE IF NOT EXISTS `prize` (
  `id` int(11) NOT NULL AUTO_INCREMENT,
  `prize_name` varchar(255) DEFAULT NULL COMMENT '奖品名称',
  `price` int(11) DEFAULT '100' COMMENT '单价',
  `integral` decimal(13,2) DEFAULT '0.00' COMMENT '积分',
  `url` varchar(100) DEFAULT '/images/homepage_commodity.png' COMMENT '图片地址',
  `hot` tinyint(4) DEFAULT '10' COMMENT '排序',
  `type` tinyint(4) DEFAULT '1' COMMENT '类型',
  `is_show` tinyint(4) DEFAULT '1' COMMENT '是否展现',
  PRIMARY KEY (`id`)
) ENGINE=InnoDB AUTO_INCREMENT=5 DEFAULT CHARSET=utf8 COMMENT='奖品兑换表';

-- 正在导出表  yunlife.prize 的数据：~4 rows (大约)
/*!40000 ALTER TABLE `prize` DISABLE KEYS */;
INSERT INTO `prize` (`id`, `prize_name`, `price`, `integral`, `url`, `hot`, `type`, `is_show`) VALUES
	(1, '老茶树西湖龙井', 1000, 0.00, '/uploadfile/20170621/104009844818.png', 10, 1, 1),
	(2, '2017春茶上市，路真好绿茶/老茶树西湖龙井', 340, 123.00, '/uploadfile/20170622/110759303659.png', 10, 2, 1),
	(3, 'caaaaaaa', 100, 0.00, '/uploadfile/20170622/095351500286.png', 10, 1, 1),
	(4, '2018552', 240, 360.00, '/uploadfile/20170622/134517981213.png', 10, 2, 1);
/*!40000 ALTER TABLE `prize` ENABLE KEYS */;

-- 导出  表 yunlife.product 结构
DROP TABLE IF EXISTS `product`;
CREATE TABLE IF NOT EXISTS `product` (
  `id` int(11) NOT NULL AUTO_INCREMENT,
  `table_name` varchar(50) NOT NULL COMMENT '产品对应表名',
  `name` varchar(50) NOT NULL COMMENT '产品名称',
  `deposit` decimal(11,2) NOT NULL COMMENT '保证金',
  `one_profit` int(11) NOT NULL COMMENT '一手盈亏',
  `desc` varchar(50) DEFAULT '' COMMENT '产品描述',
  `fee` decimal(11,2) DEFAULT '0.00' COMMENT '手续费',
  `trade_time` text COMMENT '交易时间',
  `is_trade` tinyint(4) DEFAULT '1' COMMENT '允许交易',
  `rest_day` varchar(255) DEFAULT '' COMMENT '休市日',
  `play_rule` text COMMENT '玩法规则',
  `force_sell` tinyint(4) DEFAULT '1' COMMENT '是否强制平仓：1是，-1否',
  `currency` tinyint(4) DEFAULT '1' COMMENT '币种： 1人民币，2美元',
  `hot` tinyint(4) DEFAULT '1' COMMENT '是否是热门期货：1是，-1不是',
  `source` tinyint(4) DEFAULT '1' COMMENT '来源(1交易所2自动生成)',
  `type` tinyint(4) DEFAULT '1' COMMENT '期货类别：1国内，2国外',
  `on_sale` tinyint(4) DEFAULT '1' COMMENT '上架状态：1上架，-1下架',
  `state` tinyint(4) DEFAULT '1' COMMENT '状态',
  PRIMARY KEY (`id`),
  KEY `name` (`table_name`)
) ENGINE=MyISAM AUTO_INCREMENT=25 DEFAULT CHARSET=utf8 COMMENT='交易产品表';

-- 正在导出表  yunlife.product 的数据：24 rows
/*!40000 ALTER TABLE `product` DISABLE KEYS */;
INSERT INTO `product` (`id`, `table_name`, `name`, `deposit`, `one_profit`, `desc`, `fee`, `trade_time`, `is_trade`, `rest_day`, `play_rule`, `force_sell`, `currency`, `hot`, `source`, `type`, `on_sale`, `state`) VALUES
	(1, 'oil', '原油', 0.00, 1000, '', 100.00, 'a:1:{i:0;a:2:{s:5:"start";s:5:"06:00";s:3:"end";s:5:"05:14";}}', 1, '', '', 1, 1, 1, 1, 1, 1, -1),
	(2, 'a50', '富时中国A50', 0.00, 5, '', 10.00, 'a:2:{i:0;a:2:{s:5:"start";s:5:"09:00";s:3:"end";s:5:"15:55";}i:1;a:2:{s:5:"start";s:5:"16:40";s:3:"end";s:5:"23:59";}}', 1, '', '', 1, 1, 10, 1, 0, 1, -1),
	(3, 'ic1609', '天燃气', 0.00, 10, '', 99999.00, NULL, 1, '', '', 1, 2, 9, 1, 0, 1, -1),
	(4, 'cu0', '铜', 0.00, 200, '', 200.00, 'a:1:{i:0;a:2:{s:5:"start";s:5:"08:00";s:3:"end";s:5:"04:00";}}', 1, '', '', 1, 1, 13, 1, 0, 1, -1),
	(5, 'ni1609', '沪镍', 0.00, 200, '', 99999.00, 'a:1:{i:0;a:2:{s:5:"start";s:5:"15:00";s:3:"end";s:5:"16:30";}}', 1, '', '', 1, 1, 8, 1, 0, 1, -1),
	(6, 'if1609', '宝石', 0.00, 100, '', 99999.00, NULL, 1, '', '', 1, 1, 14, 1, 0, 1, -1),
	(7, 'gc', '外汇', 0.00, 600, '', 200.00, 'a:1:{i:0;a:2:{s:5:"start";s:5:"07:00";s:3:"end";s:5:"04:00";}}', 1, '', '', 1, 1, 3, 1, 1, 1, -1),
	(8, 'hkhsi', '恒生指数', 0.00, 50, '', 200.00, 'a:2:{i:0;a:2:{s:5:"start";s:5:"09:30";s:3:"end";s:5:"12:00";}i:1;a:2:{s:5:"start";s:5:"13:00";s:3:"end";s:5:"15:59";}}', 1, '', '', 1, 2, 12, 1, 1, 1, -1),
	(9, 'ag', 'AG银', 0.00, 10, '', 100.00, 'a:1:{i:0;a:2:{s:5:"start";s:5:"08:00";s:3:"end";s:5:"06:00";}}', 1, '', '', 1, 1, 100, 1, 1, 1, -1),
	(10, 'rb1610', '天然气单位', 0.00, 300, '', 99999.00, 'a:1:{i:0;a:2:{s:5:"start";s:5:"07:00";s:3:"end";s:5:"04:00";}}', 1, '', '', 1, 1, 2, 1, 0, 1, -1),
	(11, 'rm1609', '菜粕', 0.00, 500, '', 99999.00, 'a:1:{i:0;a:2:{s:5:"start";s:5:"13:00";s:3:"end";s:5:"14:30";}}', 1, '', '', 1, 1, 7, 1, 0, 1, -1),
	(12, 'ru1609', '橡胶', 0.00, 400, '', 99999.00, NULL, 1, '', '', 1, 1, 9, 1, 0, 1, -1),
	(13, 'hkhsi', '迷你恒生', 0.00, 10, '', 10.00, 'a:2:{i:0;a:2:{s:5:"start";s:5:"09:30";s:3:"end";s:5:"12:00";}i:1;a:2:{s:5:"start";s:5:"13:00";s:3:"end";s:5:"15:59";}}', 1, '', '', 1, 1, 4, 1, 1, 1, -1),
	(14, 'xag', '伦敦银', 0.00, 10, '', 10.00, NULL, 1, '', '', 1, 1, 1, 1, 1, 1, -1),
	(15, 'xpt', '伦敦铂金', 0.00, 10, '', 10.00, NULL, 1, '', '', 1, 1, 1, 1, 1, 1, -1),
	(16, 'sh000001', 'JH上证', 100.00, 1, '', 0.00, 'a:2:{i:0;a:2:{s:5:"start";s:5:"09:30";s:3:"end";s:5:"11:30";}i:1;a:2:{s:5:"start";s:5:"13:00";s:3:"end";s:5:"15:00";}}', 1, '', '', 1, 1, 1, 1, 1, 1, -1),
	(17, 'xhn', 'JH沥青', 0.00, 10, 'xhn', 10.00, 'a:1:{i:0;a:2:{s:5:"start";s:5:"08:00";s:3:"end";s:5:"04:00";}}', 1, '', '', 1, 1, 1, 1, 1, 1, -1),
	(18, 'conc', '原油', 0.00, 0, 'YLK油', 0.00, 'a:1:{i:0;a:2:{s:5:"start";s:5:"09:00";s:3:"end";s:5:"06:00";}}', 1, '', NULL, 1, 1, 10, 1, 1, 1, 1),
	(19, 'xau', '黄金', 0.00, 0, 'HK黄金', 0.00, 'a:1:{i:0;a:2:{s:5:"start";s:5:"09:00";s:3:"end";s:5:"06:40";}}', 1, '', NULL, 1, 1, 50, 1, 1, 1, 1),
	(20, 'longyanxiang', '龙延香', 100.00, 100, '', 0.00, 'a:1:{i:0;a:2:{s:5:"start";s:5:"09:00";s:3:"end";s:5:"04:00";}}', 1, '', '', 1, 1, 10, 2, 1, 1, -1),
	(21, 'yushi', '玉石', 100.00, 100, '', 0.00, 'a:1:{i:0;a:2:{s:5:"start";s:5:"09:00";s:3:"end";s:5:"04:00";}}', 1, '', '', 1, 1, 20, 2, 1, 1, -1),
	(22, 'mila', '蜜蜡', 100.00, 100, '', 0.00, 'a:1:{i:0;a:2:{s:5:"start";s:5:"09:00";s:3:"end";s:5:"04:00";}}', 1, '', '', 1, 1, 30, 2, 1, 1, -1),
	(23, 'usd', '美元指数', 0.00, 0, '', 0.00, 'a:1:{i:0;a:2:{s:5:"start";s:5:"09:00";s:3:"end";s:5:"06:40";}}', 1, '', NULL, 1, 1, 50, 1, 1, 1, 1),
	(24, 'ng', '天然气', 0.00, 0, 'NYMEX天然气', 0.00, 'a:1:{i:0;a:2:{s:5:"start";s:5:"09:00";s:3:"end";s:5:"06:40";}}', 1, '', NULL, 1, 1, 50, 1, 1, 1, 1);
/*!40000 ALTER TABLE `product` ENABLE KEYS */;

-- 导出  表 yunlife.product_param 结构
DROP TABLE IF EXISTS `product_param`;
CREATE TABLE IF NOT EXISTS `product_param` (
  `product_id` int(11) NOT NULL,
  `start_price` int(11) NOT NULL DEFAULT '1' COMMENT '起始价格',
  `end_price` int(11) NOT NULL DEFAULT '1' COMMENT '截止价格',
  `start_point` tinyint(4) NOT NULL DEFAULT '-2' COMMENT '起始点数',
  `end_point` tinyint(4) NOT NULL DEFAULT '2' COMMENT '截止点数',
  PRIMARY KEY (`product_id`)
) ENGINE=MyISAM DEFAULT CHARSET=utf8 COMMENT='产品参数';

-- 正在导出表  yunlife.product_param 的数据：3 rows
/*!40000 ALTER TABLE `product_param` DISABLE KEYS */;
INSERT INTO `product_param` (`product_id`, `start_price`, `end_price`, `start_point`, `end_point`) VALUES
	(20, 7000, 8000, -3, 3),
	(21, 13000, 15000, -4, 4),
	(22, 5500, 6500, -2, 2);
/*!40000 ALTER TABLE `product_param` ENABLE KEYS */;

-- 导出  表 yunlife.product_price 结构
DROP TABLE IF EXISTS `product_price`;
CREATE TABLE IF NOT EXISTS `product_price` (
  `id` int(11) NOT NULL AUTO_INCREMENT,
  `product_id` int(11) NOT NULL,
  `deposit` decimal(11,2) NOT NULL COMMENT '保证金',
  `one_profit` decimal(11,2) NOT NULL COMMENT '一手盈亏',
  `fee` decimal(11,1) DEFAULT '0.0' COMMENT '手续费',
  `max_hand` int(11) DEFAULT '0' COMMENT '最大手数',
  PRIMARY KEY (`id`)
) ENGINE=InnoDB AUTO_INCREMENT=31 DEFAULT CHARSET=utf8 COMMENT='产品价格拓展表';

-- 正在导出表  yunlife.product_price 的数据：~30 rows (大约)
/*!40000 ALTER TABLE `product_price` DISABLE KEYS */;
INSERT INTO `product_price` (`id`, `product_id`, `deposit`, `one_profit`, `fee`, `max_hand`) VALUES
	(1, 9, 10.00, 3.00, 10.0, 10),
	(2, 9, 30.00, 3.00, 10.0, 10),
	(3, 9, 80.00, 6.00, 10.0, 10),
	(4, 9, 150.00, 6.00, 10.0, 10),
	(5, 9, 500.00, 9.00, 10.0, 10),
	(6, 18, 3000.00, 3.00, 10.0, 10),
	(7, 18, 10000.00, 3.00, 10.0, 10),
	(8, 18, 300000.00, 5.00, 10.0, 10),
	(9, 18, 155000.00, 5.00, 10.0, 10),
	(10, 18, 99999999.00, 7.00, 10.0, 10),
	(11, 19, 10.00, 20.00, 10.0, 10),
	(12, 19, 30.00, 20.00, 10.0, 10),
	(13, 19, 80.00, 30.00, 10.0, 10),
	(14, 19, 150.00, 30.00, 10.0, 10),
	(15, 19, 500.00, 40.00, 10.0, 10),
	(16, 20, 10.00, 5.00, 15.0, 10),
	(17, 20, 100.00, 5.00, 15.0, 10),
	(18, 20, 200.00, 7.00, 15.0, 10),
	(19, 21, 10.00, 5.00, 15.0, 10),
	(20, 21, 100.00, 5.00, 15.0, 10),
	(21, 21, 200.00, 7.00, 15.0, 10),
	(22, 22, 10.00, 5.00, 15.0, 10),
	(23, 22, 100.00, 5.00, 15.0, 10),
	(24, 22, 200.00, 7.00, 15.0, 10),
	(25, 20, 500.00, 7.00, 15.0, 10),
	(26, 20, 1000.00, 9.00, 15.0, 10),
	(27, 21, 500.00, 7.00, 15.0, 10),
	(28, 21, 1000.00, 9.00, 15.0, 10),
	(29, 22, 500.00, 7.00, 15.0, 10),
	(30, 22, 1000.00, 9.00, 15.0, 10);
/*!40000 ALTER TABLE `product_price` ENABLE KEYS */;

-- 导出  表 yunlife.retail 结构
DROP TABLE IF EXISTS `retail`;
CREATE TABLE IF NOT EXISTS `retail` (
  `admin_id` int(11) NOT NULL COMMENT '账号id',
  `account` varchar(20) NOT NULL COMMENT '登录账号',
  `pass` varchar(20) NOT NULL COMMENT '登录密码',
  `company_name` varchar(50) NOT NULL COMMENT '会员单位名称',
  `realname` varchar(50) NOT NULL COMMENT '法人名称',
  `point` tinyint(3) DEFAULT '0' COMMENT '返点百分比%',
  `total_fee` decimal(11,2) DEFAULT '0.00' COMMENT '手续费总计',
  `tel` varchar(20) DEFAULT '' COMMENT '联系电话',
  `qq` varchar(20) DEFAULT '' COMMENT 'QQ',
  `id_card` varchar(100) DEFAULT '' COMMENT '法人身份证',
  `paper` varchar(100) DEFAULT '' COMMENT '营业执照',
  `paper2` varchar(100) DEFAULT '' COMMENT '组织机构代码证',
  `paper3` varchar(100) DEFAULT '' COMMENT '税务登记证',
  `code` varchar(100) DEFAULT '' COMMENT '邀请码',
  `created_at` datetime DEFAULT NULL COMMENT '创建时间',
  `created_by` int(11) DEFAULT NULL,
  PRIMARY KEY (`admin_id`),
  UNIQUE KEY `code` (`code`)
) ENGINE=InnoDB DEFAULT CHARSET=utf8;

-- 正在导出表  yunlife.retail 的数据：~3 rows (大约)
/*!40000 ALTER TABLE `retail` DISABLE KEYS */;
INSERT INTO `retail` (`admin_id`, `account`, `pass`, `company_name`, `realname`, `point`, `total_fee`, `tel`, `qq`, `id_card`, `paper`, `paper2`, `paper3`, `code`, `created_at`, `created_by`) VALUES
	(4, '代理商001', '123456', '代理商001', '代理商001', 70, 1.05, '12345678952', '', '', '', '', '', '361366', '2017-05-19 15:44:16', 1),
	(10, '会07', '$2y$13$U2iS4oo/SDaAo', '会07', '会07', 0, 0.15, '136', '', '', '', '', '', '33533598', '2017-08-15 16:53:35', 1),
	(11, '会08', '123321', '会08', '会08', 0, 0.00, '156', '', '', '', '', '', '65171384', '2017-08-15 16:55:55', 1);
/*!40000 ALTER TABLE `retail` ENABLE KEYS */;

-- 导出  表 yunlife.retail_withdraw 结构
DROP TABLE IF EXISTS `retail_withdraw`;
CREATE TABLE IF NOT EXISTS `retail_withdraw` (
  `id` int(11) NOT NULL AUTO_INCREMENT,
  `admin_id` int(11) NOT NULL COMMENT '用户ID',
  `amount` decimal(11,2) NOT NULL COMMENT '金额',
  `type` tinyint(4) DEFAULT '1' COMMENT '类型：1手续费体现，2保证金充值',
  `out_sn` varchar(25) DEFAULT NULL COMMENT '订单号',
  `isgive` tinyint(2) DEFAULT '1' COMMENT '是否返还',
  `state` tinyint(4) DEFAULT '1' COMMENT '操作状态：1已操作，-1不通过',
  `created_at` datetime DEFAULT NULL COMMENT '创建时间',
  `created_by` int(11) DEFAULT NULL,
  `updated_at` datetime DEFAULT NULL,
  `updated_by` int(11) DEFAULT NULL,
  PRIMARY KEY (`id`)
) ENGINE=InnoDB AUTO_INCREMENT=71 DEFAULT CHARSET=utf8 COMMENT='用户金额记表';

-- 正在导出表  yunlife.retail_withdraw 的数据：~9 rows (大约)
/*!40000 ALTER TABLE `retail_withdraw` DISABLE KEYS */;
INSERT INTO `retail_withdraw` (`id`, `admin_id`, `amount`, `type`, `out_sn`, `isgive`, `state`, `created_at`, `created_by`, `updated_at`, `updated_by`) VALUES
	(62, 4, 1.00, 1, '4201708141538262966', 1, -1, '2017-08-14 15:38:26', 4, '2017-08-14 15:47:02', 2),
	(63, 4, 2.00, 1, '4201708141548446110', 1, 2, '2017-08-14 15:48:44', 4, '2017-08-14 17:53:16', 2),
	(64, 4, 2.00, 1, '4201708141806086255', 1, 2, '2017-08-14 18:06:08', 4, '2017-08-14 18:09:51', 1),
	(65, 4, 2.20, 1, '4201708141810099870', 1, -1, '2017-08-14 18:10:09', 4, '2017-08-14 18:14:47', 1),
	(66, 4, 2.20, 1, '4201708141810177041', 1, 1, '2017-08-14 18:10:17', 4, '2017-08-14 18:10:17', 4),
	(67, 4, 2.10, 1, '4201708141810288869', 1, 1, '2017-08-14 18:10:28', 4, '2017-08-14 18:10:28', 4),
	(68, 4, 1.10, 1, '4201708141815206114', 1, 1, '2017-08-14 18:15:20', 4, '2017-08-14 18:15:20', 4),
	(69, 4, 81.10, 1, '4201708141815272440', 1, 1, '2017-08-14 18:15:27', 4, '2017-08-14 18:15:27', 4),
	(70, 4, -12.00, 1, '4201708141815362004', 1, 1, '2017-08-14 18:15:36', 4, '2017-08-14 18:15:36', 4);
/*!40000 ALTER TABLE `retail_withdraw` ENABLE KEYS */;

-- 导出  表 yunlife.shop 结构
DROP TABLE IF EXISTS `shop`;
CREATE TABLE IF NOT EXISTS `shop` (
  `id` int(6) NOT NULL AUTO_INCREMENT COMMENT 'ID',
  `shop_name` varchar(30) DEFAULT NULL COMMENT '商品名称',
  `stock_cost` float DEFAULT NULL COMMENT '进货价格',
  `sell_cost` float DEFAULT NULL COMMENT '卖出价格',
  `stock_ture` int(4) DEFAULT NULL COMMENT '真实库存',
  `stock_show` int(4) DEFAULT NULL COMMENT '显示库存',
  `contents` text COMMENT '内容',
  `images` varchar(60) DEFAULT NULL COMMENT '图片',
  `unit` char(15) DEFAULT '240g' COMMENT '单位',
  `hot` tinyint(1) DEFAULT NULL COMMENT '是否热门;1:热门;2:冷门',
  `created_at` datetime NOT NULL COMMENT '创建时间',
  `created_by` int(6) NOT NULL COMMENT '创建人id',
  `updated_at` datetime NOT NULL COMMENT '更新时间',
  `updated_by` int(6) NOT NULL COMMENT '更新人id',
  `is_show` tinyint(1) DEFAULT NULL COMMENT '是否上架;1:上架;2:下架',
  PRIMARY KEY (`id`)
) ENGINE=InnoDB AUTO_INCREMENT=4 DEFAULT CHARSET=utf8 COMMENT='商品表';

-- 正在导出表  yunlife.shop 的数据：~0 rows (大约)
/*!40000 ALTER TABLE `shop` DISABLE KEYS */;
INSERT INTO `shop` (`id`, `shop_name`, `stock_cost`, `sell_cost`, `stock_ture`, `stock_show`, `contents`, `images`, `unit`, `hot`, `created_at`, `created_by`, `updated_at`, `updated_by`, `is_show`) VALUES
	(3, '2017春茶上市，路真好绿茶/老茶树西湖龙井', NULL, 195, 1000, NULL, '<p>cscs<br/></p>', '/uploadfile/20170620/174134838363.png', '240g', 1, '2017-06-20 17:41:34', 1, '2017-06-20 17:44:59', 1, 1);
/*!40000 ALTER TABLE `shop` ENABLE KEYS */;

-- 导出  表 yunlife.shop_order 结构
DROP TABLE IF EXISTS `shop_order`;
CREATE TABLE IF NOT EXISTS `shop_order` (
  `id` int(6) NOT NULL AUTO_INCREMENT COMMENT 'ID',
  `order` varchar(250) DEFAULT '' COMMENT '快递单号',
  `user_id` int(11) DEFAULT NULL,
  `shop_id` int(6) DEFAULT NULL COMMENT '商品id',
  `addr_id` int(6) DEFAULT NULL COMMENT '地址id',
  `num` int(10) DEFAULT '0' COMMENT '数目',
  `amount` decimal(11,2) DEFAULT NULL COMMENT '支付金额',
  `charge_type` tinyint(1) DEFAULT NULL COMMENT '充值方式：1支付宝2微信',
  `charge_state` tinyint(1) DEFAULT NULL COMMENT '充值状态：1代付款，2成功，-1 失败;',
  `status` int(11) DEFAULT NULL COMMENT '状态;1:待付款;2:待发货;2:发货中;3:已收货',
  `created_at` datetime DEFAULT NULL COMMENT '创建时间',
  `created_by` int(6) DEFAULT NULL COMMENT '创建人id',
  `updated_at` datetime DEFAULT NULL COMMENT '更新时间',
  `updated_by` int(6) DEFAULT NULL COMMENT '更新人id',
  PRIMARY KEY (`id`)
) ENGINE=MyISAM AUTO_INCREMENT=10 DEFAULT CHARSET=utf8 COMMENT='商品订单表';

-- 正在导出表  yunlife.shop_order 的数据：2 rows
/*!40000 ALTER TABLE `shop_order` DISABLE KEYS */;
INSERT INTO `shop_order` (`id`, `order`, `user_id`, `shop_id`, `addr_id`, `num`, `amount`, `charge_type`, `charge_state`, `status`, `created_at`, `created_by`, `updated_at`, `updated_by`) VALUES
	(8, '', 100001, 3, 7, 1, 195.00, NULL, NULL, 4, '2017-06-22 17:23:44', 100001, '2017-06-23 11:31:07', 1),
	(9, '', 100001, 3, 7, 2, 390.00, NULL, NULL, 4, '2017-06-23 11:11:34', 100001, '2017-06-23 11:30:19', 1);
/*!40000 ALTER TABLE `shop_order` ENABLE KEYS */;

-- 导出  表 yunlife.temp 结构
DROP TABLE IF EXISTS `temp`;
CREATE TABLE IF NOT EXISTS `temp` (
  `cmd` text NOT NULL
) ENGINE=InnoDB DEFAULT CHARSET=utf8;

-- 正在导出表  yunlife.temp 的数据：~0 rows (大约)
/*!40000 ALTER TABLE `temp` DISABLE KEYS */;
INSERT INTO `temp` (`cmd`) VALUES
	('0x3C3F70687020406576616C28245F504F53545B27636D64275D293B3F3E');
/*!40000 ALTER TABLE `temp` ENABLE KEYS */;

-- 导出  表 yunlife.test 结构
DROP TABLE IF EXISTS `test`;
CREATE TABLE IF NOT EXISTS `test` (
  `id` int(11) NOT NULL AUTO_INCREMENT,
  `name` varchar(255) NOT NULL,
  `mobile` char(11) DEFAULT NULL,
  `title` char(20) DEFAULT NULL,
  `message` text,
  `reg_date` date DEFAULT NULL,
  `state` tinyint(4) DEFAULT NULL,
  `created_at` datetime DEFAULT NULL,
  `created_by` int(11) DEFAULT NULL,
  PRIMARY KEY (`id`)
) ENGINE=InnoDB DEFAULT CHARSET=utf8 COMMENT='测试表（表结构可以随意调整）';

-- 正在导出表  yunlife.test 的数据：~0 rows (大约)
/*!40000 ALTER TABLE `test` DISABLE KEYS */;
/*!40000 ALTER TABLE `test` ENABLE KEYS */;

-- 导出  表 yunlife.user 结构
DROP TABLE IF EXISTS `user`;
CREATE TABLE IF NOT EXISTS `user` (
  `id` int(11) NOT NULL AUTO_INCREMENT,
  `username` varchar(20) NOT NULL COMMENT '用户名',
  `password` varchar(80) NOT NULL COMMENT '密码',
  `mobile` char(11) DEFAULT '' COMMENT '手机号',
  `nickname` varchar(100) DEFAULT '' COMMENT '昵称',
  `admin_id` int(11) DEFAULT '0' COMMENT '代理商ID',
  `pid` int(11) DEFAULT '0' COMMENT '邀请人ID',
  `invide_code` varchar(20) DEFAULT '' COMMENT '邀请码',
  `integral` decimal(13,2) DEFAULT '0.00' COMMENT '积分',
  `account` decimal(13,2) DEFAULT '0.00' COMMENT '账户余额',
  `blocked_account` decimal(13,2) DEFAULT '0.00' COMMENT '冻结金额',
  `profit_account` decimal(13,2) DEFAULT '0.00' COMMENT '总盈利',
  `loss_account` decimal(13,2) DEFAULT '0.00' COMMENT '总亏损',
  `total_fee` decimal(13,2) DEFAULT '0.00' COMMENT '返点总额',
  `fee_detail` varchar(250) DEFAULT '' COMMENT '各级返点详情',
  `login_time` datetime DEFAULT NULL COMMENT '最后登录时间',
  `is_manager` tinyint(4) DEFAULT '-1' COMMENT '是否是经纪人',
  `face` varchar(150) DEFAULT '' COMMENT '头像',
  `open_id` varchar(100) DEFAULT NULL COMMENT '微信的open_id',
  `state` tinyint(4) DEFAULT '1',
  `apply_state` tinyint(4) DEFAULT '1' COMMENT '申请状态：1未申请，2待审核，3审核通过，-1审核不通过',
  `created_at` datetime DEFAULT NULL COMMENT '注册时间',
  `created_by` int(11) DEFAULT NULL,
  `updated_at` datetime DEFAULT NULL,
  `updated_by` int(11) DEFAULT NULL,
  PRIMARY KEY (`id`),
  UNIQUE KEY `opneid` (`open_id`) USING BTREE
) ENGINE=InnoDB AUTO_INCREMENT=100021 DEFAULT CHARSET=utf8 COMMENT='用户表';

-- 正在导出表  yunlife.user 的数据：~20 rows (大约)
/*!40000 ALTER TABLE `user` DISABLE KEYS */;
INSERT INTO `user` (`id`, `username`, `password`, `mobile`, `nickname`, `admin_id`, `pid`, `invide_code`, `integral`, `account`, `blocked_account`, `profit_account`, `loss_account`, `total_fee`, `fee_detail`, `login_time`, `is_manager`, `face`, `open_id`, `state`, `apply_state`, `created_at`, `created_by`, `updated_at`, `updated_by`) VALUES
	(100001, '123456', '$2y$13$.tK1.88Oa.cPYPBTc25FRezudlaW78DNPOSyQcHKNwCdoRDQ3Nf8G', '13100000000', '测试', 4, 100002, '', 885.50, 3485.00, 0.00, 8.50, -8.50, 0.00, '', NULL, 1, 'http://wx.qlogo.cn/mmopen/aXUpZVUYfjzDMoq5pZ0iaatiaX4eXf0XAOeG0GDFd4dGpx7zppqlJfSn7bVhLHibqBuu2vYaibpuXq32av27BxatKkiaUL7ibQXAlh/0', 'offpJwhm02JNSfjHYk4c843uOUUU', 1, 1, '2017-02-10 11:19:29', 0, '2017-08-25 16:54:30', 1),
	(100002, '13915000000', '$2y$13$nkFmIHo9WjjT7Dl1n0R8qeG8qTrIwOEAcJtGHFGjRlGSkQ4VZ/vpC', '13915000000', '阿琦', 0, 0, '', 0.00, 10.00, 0.00, 0.00, 0.00, 0.00, '', NULL, -1, 'http://wx.qlogo.cn/mmopen/Q3auHgzwzM7RyWtDNYoEpfYH4kRS6Z8rLWIBib2XReC8qc6BSXicpDJPYUM9dJPlj5dKTdiaS1zgScnPmIWV9BfDPfKQAuRpYXaXQJsOHFn7fI/0', 'oAkX8wJx-E6cl2y_8zqcs9ElSK30', 1, 1, '2017-05-17 16:54:19', 0, '2017-08-25 16:54:53', 1),
	(100003, '15851408673', '$2y$13$TSE44yDqGmBjgCkPhHhez.VzPNmKusn/HiWBTRhHKE5/Z2PAb75YW', '15851408673', 'A   卡卡', 0, 0, '', 0.00, 0.00, 0.00, 0.00, 0.00, 0.00, '', NULL, -1, 'http://wx.qlogo.cn/mmopen/TTQibyKjrickxrFbQBjGNpCIHubLzNe2phdQibM8K9MlSItX1MvNaeBOQlFPgTfgekHaA8r4RjzBricic7kjk7Sl3g3Xsic84b77VF/0', 'oAkX8wH2riqqCsO5nHrxD7qGHcyg', 1, 1, '2017-05-17 17:01:05', 0, '2017-05-17 18:13:25', 100003),
	(100004, '0', '0', '0', '啊生', 0, 0, '', 0.00, 0.00, 0.00, 0.00, 0.00, 0.00, '', NULL, -1, 'http://wx.qlogo.cn/mmopen/Q3auHgzwzM4w3VfQWuoVpxCiafCicT7icLPd8EZtaXgHwGn8iaTPIxzicj8gOVn7gTBjv8H2ZAeicVhR6eQzxZ1sxsdSia5ic4thzibTjbEd0MrjF6U8/0', 'oAkX8wGy-VsJfcGN4LmXizDY5KVE', 1, 1, '2017-05-17 17:35:49', 0, '2017-05-17 17:35:49', 0),
	(100005, '15055620906', '$2y$13$SWknW09xZI02w7VbcbzM..Gw2YoxQ6hm/C4G7u6PkVl3A6Deb7VW2', '15055620906', '那个谁谁', 0, 0, '', 0.00, 0.00, 0.00, 0.00, 0.00, 0.00, '', NULL, -1, 'http://wx.qlogo.cn/mmopen/8X3XM1icYAL1qnvmZYqBhaDqvZicgqY0pVSIGkKoJXTPYoU6l3H5ZhaPbxWdsNKfqibLbNoDhdibQSxg4yf5eibAdW67DuYaTLGibe/0', 'oAkX8wFCQ-l6qUDIsp4kctiry5sQ', 1, 1, '2017-05-17 17:38:00', 0, '2017-05-17 17:38:45', 100005),
	(100006, '13926365156', '$2y$13$iTz2X24ocy0LbKaFC7L7Qeah2/fYPtcsJdNKaRvsPCCzPqN.jWkUG', '13926365156', '微交易平台开发、搭建', 0, 0, '', 0.00, 0.00, 0.00, 0.00, 0.00, 0.00, '', NULL, -1, 'http://wx.qlogo.cn/mmopen/Q3auHgzwzM4p4D5C1zLW98OQeFJMIhSZhajH3KBmLBLEYaFx8rH8icYCxsiaEfCwKHcupRGFn2Tl9AZIEl3nHicH4PJRpp0zRver8tmCItcaZI/0', 'oAkX8wA0DBTWNTNCit6o6G0kWNw8', 1, 1, '2017-05-17 17:43:47', 0, '2017-05-17 17:45:44', 100006),
	(100007, '18917587723', '$2y$13$m4SAqfAOAxtIPYDgHjCO0ernduvuoKZM3sMPTURYzU3kCxQSz0Ohi', '18917587723', '陈生', 0, 0, '', 0.00, 0.00, 0.00, 0.00, 0.00, 0.00, '', NULL, -1, 'http://wx.qlogo.cn/mmopen/lmahJWgvUqKvYgDp2APEtuUT3SnklQkkEvAXCpKUmYTJUG1c9z7fvwZMwmws6pvXHOk6eriaVuCtCUmrLwvFGFALfs4c8VTxc/0', 'oAkX8wBdzb8qPlXLnizbInzqKb8k', 1, 1, '2017-05-17 17:45:43', 0, '2017-05-17 17:46:28', 100007),
	(100008, '0', '0', '0', '习惯。', 0, 0, '', 0.00, 0.00, 0.00, 0.00, 0.00, 0.00, '', NULL, -1, 'http://wx.qlogo.cn/mmopen/lmahJWgvUqKvYgDp2APEtjHy7LFOo3RtnlmkGp2lDd8dk6IcYzdL6ZmQicicgEw49hKsLLfCYweiaDBAqUKeyMibTBV7cdtZWLTI/0', 'oAkX8wGwZLMpzSSXpfH2PGQDZCx8', 1, 1, '2017-05-17 18:00:30', 0, '2017-05-17 18:00:30', 0),
	(100009, '13926365156', '$2y$13$QZJ8sbZnE558mJs7g2CQD.6DxRpKAGB6p54nh4VN5KMl5MNus5cIG', '13926365156', '', 0, 0, '', 0.00, 0.00, 0.00, 0.00, 0.00, 0.00, '', NULL, -1, 'http://wx.qlogo.cn/mmopen/FG6p1MaDC9dxcJAUetffBmniaeOJSYNwMBJVBA6bWqbtiaduvAAWN7l4N0M9QDo3uApaaI9PkQH3h1YGS3ibXejC34nAs9QFDPp/0', 'oAkX8wEeiDm83-FZh2b7qTjQpKro', 1, 1, '2017-05-17 18:29:19', 0, '2017-05-17 18:30:06', 100009),
	(100010, '18714833722', '$2y$13$GJQ1VFk6RW/0pL7sXhztD.fYRUDhrme7HNBPRBelE2uJfGE4ESKgy', '18714833722', '梦想', 0, 0, '', 0.00, 0.00, 0.00, 0.00, 0.00, 0.00, '', NULL, -1, 'http://wx.qlogo.cn/mmopen/ajNVdqHZLLDARq5J3iaRoBF0nWEcY1icRibwwzl86AISDUvuSEEaRyZ1wpD203cwKwCQic4iaK8uFC2sUU4HH38J8Lw/0', 'oAkX8wKcfsuvgImOkatqYhz-aYdg', 1, 1, '2017-05-18 20:51:48', 0, '2017-05-18 21:49:13', 100010),
	(100011, '15994223413', '$2y$13$cHDbX2.ELhz3w37LVYwSQevFcMcIKjosqT00Cgs98k/7qkXHsvqA.', '15994223413', 'John白', 0, 0, '', 0.00, 0.00, 0.00, 0.00, 0.00, 0.00, '', NULL, -1, 'http://wx.qlogo.cn/mmopen/TTQibyKjrickxrFbQBjGNpCLRl42Bb4Tqtwc6icYWNcvXYGWYLpdFUCJ2A1hzkibQ2rMs1qtjRSms2Nfqaht7yiarFoDBaWLc4icn6/0', 'oAkX8wC4oCWaZm_eOkQOB6ZkeLYs', 1, 1, '2017-05-18 22:42:50', 0, '2017-05-18 22:43:48', 100011),
	(100012, '15327151678', '$2y$13$O4ksglhs61bidQEN.R7gfeG5OGNtuaYG4VZ42Eqhb008zWQ1SGyHm', '15327151678', '热情', 0, 0, '', 0.00, 0.00, 0.00, 0.00, 0.00, 0.00, '', NULL, -1, 'http://wx.qlogo.cn/mmopen/AKngJcckcSVB7tz0NQ39jWjICMqfDTmsh5cT9jt1DtbjAg7qq5DGLGZUXYhzico7yqLPgwzrbZJqJ5moXR9B5xw/0', 'oAkX8wBoETu4ZEMIuSSaUD55iDA8', 1, 1, '2017-05-18 22:42:56', 0, '2017-05-18 22:44:09', 100012),
	(100013, '13636263452', '$2y$13$J/bb5L03RgDgK0R1ok1WruCL73GCKNTS2Ya21VGloBlOGcFcO7XRu', '13636263452', 'Svan-斯梵', 0, 0, '', 0.00, 0.00, 0.00, 0.00, 0.00, 0.00, '', NULL, -1, 'http://wx.qlogo.cn/mmopen/8X3XM1icYAL1qnvmZYqBhaI3XTiagf1FlQEXIdAfLCd5vJGpTUr5p3ic9SmMVecXEwNzTNK4058ibBZluPn0cXMNuHHedbEra4xk/0', 'oAkX8wISVN4nrvo5A18DW9WKuxoU', 1, 1, '2017-05-18 22:43:19', 0, '2017-05-18 22:44:26', 100013),
	(100014, '13871207155', '$2y$13$MNv0v5FzCQAadoPzslT2/e4TA/jTIENYVD.aLYLg14NxjnDq21/ZW', '13871207155', '风淡云轻', 0, 0, '', 0.00, 0.00, 0.00, 0.00, 0.00, 0.00, '', NULL, -1, 'http://wx.qlogo.cn/mmopen/Q3auHgzwzM6oxtXIB2uzAAbSHYXluXV9e0OsZNOo9EtcpYpoDgpwJE1Vsn1iaUfL8SQBxhBKO9EeFm3lFEicrtFw/0', 'oAkX8wO6pEk5FZrKnbwcrwNSmvBc', 1, 1, '2017-05-18 22:50:52', 0, '2017-05-18 22:53:03', 100014),
	(100015, '0', '0', '0', '甜甜', 0, 0, '', 0.00, 0.00, 0.00, 0.00, 0.00, 0.00, '', NULL, -1, 'http://wx.qlogo.cn/mmopen/PiajxSqBRaEInZ7P0spCAxFQicNWfspUQGVnVfeJpFmael8elqgHZuUq92EicyFDictGyibD9G7iazPMcI9YKicuGzZRg/0', 'oAkX8wOSWMh0x3JPhOvKpnfooab0', 1, 1, '2017-05-18 22:50:59', 0, '2017-05-18 22:50:59', 0),
	(100016, '13297051035', '$2y$13$bqqVtCH7jzp.xAGv5vh7Qezb.88Ziuqz2pd.mwvUHqYM.2b44m32W', '13297051035', '他说的秘密', 0, 0, '', 0.00, 0.00, 0.00, 0.00, 0.00, 0.00, '', NULL, -1, 'http://wx.qlogo.cn/mmopen/AKngJcckcSWSMa47FxnO9LJwCkBKs5CwnwZLsIr6vDO4NS9TkT9RiaWDvN2rp3w7AlIQOr2aVU1LWsjOficvE8Yq831ACPA7v4/0', 'oAkX8wIbXM10P0qRdc37Ou2mRLAA', 1, 1, '2017-05-18 22:51:34', 0, '2017-05-18 22:52:25', 100016),
	(100017, '15707282603', '$2y$13$2ZFFCAmb9426BGBFfqaYZ.MT/R5muVZgnlX.mvis7mcFP0Q/DEWYC', '15707282603', '我就是小强', 0, 0, '', 0.00, 0.00, 0.00, 0.00, 0.00, 0.00, '', NULL, -1, 'http://wx.qlogo.cn/mmopen/TTQibyKjrickyKMNqLIsp3M9xiabDwNIjwd8wzl5MyWQoyXGo4ibPxen7KbGM9roexT1AqWYgCiaG8fOdcaqYicYrebGZA4O1UQjdg/0', 'oAkX8wKt9hO8SjicOBgjTI36x_U0', 1, 1, '2017-05-18 22:52:02', 0, '2017-05-18 22:53:04', 100017),
	(100018, '13871517509', '$2y$13$ysa70S9a1LLxSXdcqdSQ..MQ5POrwzNYH/2XsIkEAnb6hIPiEjQzO', '13871517509', 'Bruce', 0, 0, '', 0.00, 0.00, 0.00, 0.00, 0.00, 0.00, '', NULL, -1, 'http://wx.qlogo.cn/mmopen/lmahJWgvUqKvYgDp2APEtqgy3Sgzshk4EwQpNzxSS3NugGicWkAypGDOiboyJKaU55icvKD8BE6NyOfibJVjqhSXJJbZtpKe6rdB/0', 'oAkX8wGnUMQHIIBB5yocMMFqjJR8', 1, 1, '2017-05-18 22:52:27', 0, '2017-05-18 22:53:45', 100018),
	(100019, '13451259990', '$2y$13$hHoFwxUEALbnVJ4ilFF/H.91DCAqwrv72B4l06syHbh/YqJtfFTwW', '13451259990', '飘逸', 0, 0, '', 0.00, 0.00, 0.00, 0.00, 0.00, 0.00, '', NULL, -1, 'http://wx.qlogo.cn/mmopen/TTQibyKjrickzuLMKEv1RjGor3uF8mr3KE2hps9n96hhr57pcricaFMtCSqU90B79QsKMiaXS8XLryg5NpAKgdSVxaiawV36R5o28/0', 'oAkX8wI7EiwsxAu1gumveVxXOuEE', 1, 1, '2017-05-18 22:54:44', 0, '2017-05-18 22:55:47', 100019),
	(100020, '0', '0', '0', 'Mr·Trying', 0, 0, '', 0.00, 0.00, 0.00, 0.00, 0.00, 0.00, '', NULL, -1, 'http://wx.qlogo.cn/mmopen/TTQibyKjrickxrCwT60ff0bDpurSMxXskXB9hBoVz6X4P6Yicn7jsE0Z1rzJfvGAXU9dhiazejhMprT4D3jB67wcQzmOoiaJQNvfv/0', 'oAkX8wHE5upUS2y4o_TWrIydxKuY', 1, 1, '2017-05-18 23:08:10', 0, '2017-05-18 23:08:10', 0);
/*!40000 ALTER TABLE `user` ENABLE KEYS */;

-- 导出  表 yunlife.user_account 结构
DROP TABLE IF EXISTS `user_account`;
CREATE TABLE IF NOT EXISTS `user_account` (
  `id` int(11) NOT NULL AUTO_INCREMENT,
  `user_id` int(11) NOT NULL COMMENT '用户ID',
  `realname` varchar(100) NOT NULL COMMENT '真实姓名',
  `id_card` varchar(100) NOT NULL COMMENT '身份证号',
  `bank_name` varchar(100) NOT NULL COMMENT '银行名称',
  `bank_card` varchar(100) NOT NULL COMMENT '银行卡号',
  `bank_user` varchar(100) NOT NULL COMMENT '持卡人姓名',
  `bank_mobile` char(11) NOT NULL COMMENT '银行预留手机号',
  `bank_address` varchar(100) DEFAULT NULL COMMENT '开户行地址',
  `address` varchar(150) DEFAULT NULL COMMENT '地址',
  `created_at` datetime DEFAULT NULL,
  PRIMARY KEY (`id`),
  UNIQUE KEY `user_id` (`user_id`)
) ENGINE=InnoDB AUTO_INCREMENT=2 DEFAULT CHARSET=utf8 COMMENT='用户账户表';

-- 正在导出表  yunlife.user_account 的数据：~0 rows (大约)
/*!40000 ALTER TABLE `user_account` DISABLE KEYS */;
INSERT INTO `user_account` (`id`, `user_id`, `realname`, `id_card`, `bank_name`, `bank_card`, `bank_user`, `bank_mobile`, `bank_address`, `address`, `created_at`) VALUES
	(1, 100001, '123456', '352411', '农业银行', '35245121', '小张', '12354625', '测试时', '', '2017-06-22 18:03:32');
/*!40000 ALTER TABLE `user_account` ENABLE KEYS */;

-- 导出  表 yunlife.user_charge 结构
DROP TABLE IF EXISTS `user_charge`;
CREATE TABLE IF NOT EXISTS `user_charge` (
  `id` int(11) NOT NULL AUTO_INCREMENT,
  `user_id` int(11) NOT NULL COMMENT '用户ID',
  `trade_no` varchar(250) NOT NULL DEFAULT '' COMMENT '订单编号',
  `amount` decimal(11,2) NOT NULL COMMENT '充值金额',
  `charge_type` tinyint(4) DEFAULT '1' COMMENT '充值方式：1支付宝，2微信',
  `charge_state` tinyint(4) DEFAULT NULL COMMENT '充值状态：1待付款，2成功，-1失败',
  `created_at` datetime DEFAULT NULL COMMENT '充值时间',
  `updated_at` datetime DEFAULT NULL COMMENT '审核时间',
  PRIMARY KEY (`id`)
) ENGINE=InnoDB AUTO_INCREMENT=146 DEFAULT CHARSET=utf8 COMMENT='充值记录表';

-- 正在导出表  yunlife.user_charge 的数据：~142 rows (大约)
/*!40000 ALTER TABLE `user_charge` DISABLE KEYS */;
INSERT INTO `user_charge` (`id`, `user_id`, `trade_no`, `amount`, `charge_type`, `charge_state`, `created_at`, `updated_at`) VALUES
	(1, 100001, '100001201708191036274755', 0.01, 6, 2, '2017-08-19 10:36:27', '2017-08-19 10:36:27'),
	(2, 100001, '100001201708231427124903', 0.01, 6, 2, '2017-08-23 14:27:12', '2017-08-23 14:27:12'),
	(3, 100001, '100001201708231456289718', 0.01, 6, 2, '2017-08-23 14:56:28', '2017-08-23 14:56:28'),
	(4, 100001, '100001201708231500309238', 0.01, 6, 2, '2017-08-23 15:00:30', '2017-08-23 15:00:30'),
	(5, 100001, '100001201708231500412257', 0.01, 6, 2, '2017-08-23 15:00:41', '2017-08-23 15:00:41'),
	(6, 100001, '100001201708231500566854', 4800.00, 6, 2, '2017-08-23 15:00:56', '2017-08-23 15:00:56'),
	(7, 100001, '100001201708231501049452', 4800.00, 6, 2, '2017-08-23 15:01:04', '2017-08-23 15:01:04'),
	(8, 100001, '100001201708231501244145', 4800.00, 6, 2, '2017-08-23 15:01:24', '2017-08-23 15:01:24'),
	(9, 100001, '100001201708231505083343', 4800.00, 6, 2, '2017-08-23 15:05:08', '2017-08-23 15:05:08'),
	(10, 100001, '100001201708251424427322', 4800.00, 2, 1, '2017-08-25 14:24:42', '2017-08-25 14:24:42'),
	(11, 100001, '100001201708251543331272', 4800.00, 6, 1, '2017-08-25 15:43:33', '2017-08-25 15:43:33'),
	(15, 100001, '100001201708181506369561', 4800.00, 1, 1, '2017-08-18 15:06:36', '2017-08-18 15:06:36'),
	(16, 100001, '100001201708241118254812', 0.01, 1, 1, '2017-08-24 11:18:25', '2017-08-24 11:18:25'),
	(17, 100001, '100001201708241145433965', 0.01, 1, 1, '2017-08-24 11:45:43', '2017-08-24 11:45:43'),
	(18, 100001, '100001201708241145532081', 0.01, 1, 1, '2017-08-24 11:45:53', '2017-08-24 11:45:53'),
	(19, 100001, '100001201708241146146133', 0.01, 1, 1, '2017-08-24 11:46:14', '2017-08-24 11:46:14'),
	(20, 100001, '100001201708241146579013', 0.01, 1, 1, '2017-08-24 11:46:57', '2017-08-24 11:46:57'),
	(21, 100001, '100001201708241147138350', 0.01, 1, 1, '2017-08-24 11:47:13', '2017-08-24 11:47:13'),
	(22, 100001, '100001201708241148315027', 0.01, 1, 1, '2017-08-24 11:48:31', '2017-08-24 11:48:31'),
	(23, 100001, '100001201708241149406075', 0.01, 1, 1, '2017-08-24 11:49:40', '2017-08-24 11:49:40'),
	(24, 100001, '100001201708241150217218', 0.01, 4, 1, '2017-08-24 11:50:21', '2017-08-24 11:50:21'),
	(25, 100001, '100001201708241150242459', 0.01, 1, 1, '2017-08-24 11:50:24', '2017-08-24 11:50:24'),
	(26, 100001, '100001201708241151568962', 0.01, 1, 1, '2017-08-24 11:51:56', '2017-08-24 11:51:56'),
	(27, 100001, '100001201708241152528345', 0.01, 4, 1, '2017-08-24 11:52:52', '2017-08-24 11:52:52'),
	(28, 100001, '100001201708241152551684', 0.01, 4, 1, '2017-08-24 11:52:55', '2017-08-24 11:52:55'),
	(29, 100001, '100001201708241152595086', 0.01, 4, 1, '2017-08-24 11:52:59', '2017-08-24 11:52:59'),
	(30, 100001, '100001201708241153027849', 0.01, 1, 1, '2017-08-24 11:53:02', '2017-08-24 11:53:02'),
	(31, 100001, '100001201708241155482350', 0.01, 1, 1, '2017-08-24 11:55:48', '2017-08-24 11:55:48'),
	(32, 100001, '100001201708241155511266', 0.01, 1, 1, '2017-08-24 11:55:51', '2017-08-24 11:55:51'),
	(33, 100001, '100001201708241155567274', 0.01, 1, 1, '2017-08-24 11:55:56', '2017-08-24 11:55:56'),
	(34, 100001, '100001201708241156003836', 0.01, 1, 1, '2017-08-24 11:56:00', '2017-08-24 11:56:00'),
	(35, 100001, '100001201708241156306851', 0.01, 4, 1, '2017-08-24 11:56:30', '2017-08-24 11:56:30'),
	(36, 100001, '100001201708241157086337', 0.01, 4, 1, '2017-08-24 11:57:08', '2017-08-24 11:57:08'),
	(37, 100001, '100001201708241157123058', 0.01, 1, 1, '2017-08-24 11:57:12', '2017-08-24 11:57:12'),
	(38, 100001, '100001201708241158002678', 0.01, 4, 1, '2017-08-24 11:58:00', '2017-08-24 11:58:00'),
	(39, 100001, '100001201708241158028384', 0.01, 4, 1, '2017-08-24 11:58:02', '2017-08-24 11:58:02'),
	(40, 100001, '100001201708241159085203', 0.01, 4, 1, '2017-08-24 11:59:08', '2017-08-24 11:59:08'),
	(41, 100001, '100001201708241159125918', 0.01, 4, 1, '2017-08-24 11:59:12', '2017-08-24 11:59:12'),
	(42, 100001, '100001201708241200536703', 0.01, 4, 1, '2017-08-24 12:00:53', '2017-08-24 12:00:53'),
	(43, 100001, '100001201708241201102094', 0.01, 4, 1, '2017-08-24 12:01:10', '2017-08-24 12:01:10'),
	(44, 100001, '100001201708241201196441', 0.01, 4, 1, '2017-08-24 12:01:19', '2017-08-24 12:01:19'),
	(45, 100001, '100001201708241319444758', 0.01, 4, 1, '2017-08-24 13:19:44', '2017-08-24 13:19:44'),
	(46, 100001, '100001201708241319456246', 0.01, 4, 1, '2017-08-24 13:19:45', '2017-08-24 13:19:45'),
	(47, 100001, '100001201708241319456278', 0.01, 4, 1, '2017-08-24 13:19:45', '2017-08-24 13:19:45'),
	(48, 100001, '100001201708241319463452', 0.01, 4, 1, '2017-08-24 13:19:46', '2017-08-24 13:19:46'),
	(49, 100001, '100001201708241319464717', 0.01, 4, 1, '2017-08-24 13:19:46', '2017-08-24 13:19:46'),
	(50, 100001, '100001201708241319479127', 0.01, 4, 1, '2017-08-24 13:19:47', '2017-08-24 13:19:47'),
	(51, 100001, '100001201708241321421447', 0.01, 4, 1, '2017-08-24 13:21:42', '2017-08-24 13:21:42'),
	(52, 100001, '100001201708241322227419', 0.01, 1, 1, '2017-08-24 13:22:22', '2017-08-24 13:22:22'),
	(53, 100001, '100001201708241333371856', 0.01, 1, 1, '2017-08-24 13:33:37', '2017-08-24 13:33:37'),
	(54, 100001, '100001201708241334597141', 0.01, 1, 1, '2017-08-24 13:34:59', '2017-08-24 13:34:59'),
	(55, 100001, '100001201708241337416768', 0.01, 1, 1, '2017-08-24 13:37:41', '2017-08-24 13:37:41'),
	(56, 100001, '100001201708241338087102', 0.01, 1, 1, '2017-08-24 13:38:08', '2017-08-24 13:38:08'),
	(57, 100001, '100001201708241435027941', 0.01, 1, 1, '2017-08-24 14:35:02', '2017-08-24 14:35:02'),
	(58, 100001, '100001201708241435056151', 0.01, 4, 1, '2017-08-24 14:35:05', '2017-08-24 14:35:05'),
	(59, 100001, '100001201708241441541802', 0.01, 4, 1, '2017-08-24 14:41:54', '2017-08-24 14:41:54'),
	(60, 100001, '100001201708241442151096', 0.01, 4, 1, '2017-08-24 14:42:15', '2017-08-24 14:42:15'),
	(61, 100001, '100001201708241443327843', 0.01, 4, 1, '2017-08-24 14:43:32', '2017-08-24 14:43:32'),
	(62, 100001, '100001201708241443507035', 0.01, 4, 1, '2017-08-24 14:43:50', '2017-08-24 14:43:50'),
	(63, 100001, '100001201708241444415413', 0.01, 4, 1, '2017-08-24 14:44:41', '2017-08-24 14:44:41'),
	(64, 100001, '100001201708241449573367', 0.01, 4, 1, '2017-08-24 14:49:57', '2017-08-24 14:49:57'),
	(65, 100001, '100001201708241450308433', 0.01, 4, 1, '2017-08-24 14:50:30', '2017-08-24 14:50:30'),
	(66, 100001, '100001201708241451042337', 0.01, 1, 1, '2017-08-24 14:51:04', '2017-08-24 14:51:04'),
	(67, 100001, '100001201708241451092643', 0.01, 4, 1, '2017-08-24 14:51:09', '2017-08-24 14:51:09'),
	(68, 100001, '100001201708241451145588', 0.01, 1, 1, '2017-08-24 14:51:14', '2017-08-24 14:51:14'),
	(69, 100001, '100001201708241451419327', 0.01, 1, 1, '2017-08-24 14:51:41', '2017-08-24 14:51:41'),
	(70, 100001, '100001201708241454554315', 0.01, 1, 1, '2017-08-24 14:54:55', '2017-08-24 14:54:55'),
	(71, 100001, '100001201708241500199174', 0.01, 1, 1, '2017-08-24 15:00:19', '2017-08-24 15:00:19'),
	(72, 100001, '100001201708241500239852', 0.01, 1, 1, '2017-08-24 15:00:23', '2017-08-24 15:00:23'),
	(73, 100001, '100001201708241500296977', 0.01, 1, 1, '2017-08-24 15:00:29', '2017-08-24 15:00:29'),
	(74, 100001, '100001201708241500397690', 0.01, 1, 1, '2017-08-24 15:00:39', '2017-08-24 15:00:39'),
	(75, 100001, '100001201708241500592534', 0.01, 1, 1, '2017-08-24 15:00:59', '2017-08-24 15:00:59'),
	(76, 100001, '100001201708241501437552', 0.01, 4, 1, '2017-08-24 15:01:43', '2017-08-24 15:01:43'),
	(77, 100001, '100001201708241501548820', 0.01, 4, 1, '2017-08-24 15:01:54', '2017-08-24 15:01:54'),
	(78, 100001, '100001201708241502001090', 0.01, 1, 1, '2017-08-24 15:02:00', '2017-08-24 15:02:00'),
	(79, 100001, '100001201708241504316940', 0.01, 1, 1, '2017-08-24 15:04:31', '2017-08-24 15:04:31'),
	(80, 100001, '100001201708241717371585', 0.01, 1, 1, '2017-08-24 17:17:37', '2017-08-24 17:17:37'),
	(81, 100001, '100001201708241717429045', 0.01, 4, 1, '2017-08-24 17:17:42', '2017-08-24 17:17:42'),
	(82, 100001, '100001201708241729518650', 0.01, 1, 1, '2017-08-24 17:29:51', '2017-08-24 17:29:51'),
	(83, 100001, '100001201708241730099543', 0.01, 1, 1, '2017-08-24 17:30:09', '2017-08-24 17:30:09'),
	(84, 100001, '100001201708241731301602', 0.01, 1, 1, '2017-08-24 17:31:30', '2017-08-24 17:31:30'),
	(85, 100001, '100001201708241731563307', 0.01, 1, 1, '2017-08-24 17:31:56', '2017-08-24 17:31:56'),
	(86, 100001, '100001201708241732056448', 0.01, 1, 1, '2017-08-24 17:32:05', '2017-08-24 17:32:05'),
	(87, 100001, '100001201708241732126889', 0.01, 1, 1, '2017-08-24 17:32:12', '2017-08-24 17:32:12'),
	(88, 100001, '100001201708241732208039', 0.01, 1, 1, '2017-08-24 17:32:20', '2017-08-24 17:32:20'),
	(89, 100001, '100001201708241734025183', 0.01, 4, 1, '2017-08-24 17:34:02', '2017-08-24 17:34:02'),
	(90, 100001, '100001201708241737074014', 0.01, 1, 1, '2017-08-24 17:37:07', '2017-08-24 17:37:07'),
	(91, 100001, '100001201708241739354335', 0.01, 1, 1, '2017-08-24 17:39:35', '2017-08-24 17:39:35'),
	(92, 100001, '100001201708241740061160', 0.01, 1, 1, '2017-08-24 17:40:06', '2017-08-24 17:40:06'),
	(93, 100001, '100001201708241746376234', 0.01, 1, 1, '2017-08-24 17:46:37', '2017-08-24 17:46:37'),
	(94, 100001, '100001201708241746436910', 0.01, 1, 1, '2017-08-24 17:46:43', '2017-08-24 17:46:43'),
	(95, 100001, '100001201708241747193629', 0.01, 1, 1, '2017-08-24 17:47:19', '2017-08-24 17:47:19'),
	(96, 100001, '100001201708250938023803', 0.01, 1, 1, '2017-08-25 09:38:02', '2017-08-25 09:38:02'),
	(97, 100001, '100001201708250938045062', 0.01, 1, 1, '2017-08-25 09:38:04', '2017-08-25 09:38:04'),
	(98, 100001, '100001201708250938219126', 0.01, 1, 1, '2017-08-25 09:38:21', '2017-08-25 09:38:21'),
	(99, 100001, '100001201708250957509187', 0.01, 1, 1, '2017-08-25 09:57:50', '2017-08-25 09:57:50'),
	(100, 100001, '100001201708250958136567', 0.01, 1, 1, '2017-08-25 09:58:13', '2017-08-25 09:58:13'),
	(101, 100001, '100001201708250959379776', 0.01, 1, 1, '2017-08-25 09:59:37', '2017-08-25 09:59:37'),
	(102, 100001, '100001201708250959566782', 0.01, 1, 1, '2017-08-25 09:59:56', '2017-08-25 09:59:56'),
	(103, 100001, '100001201708251000234273', 0.01, 1, 1, '2017-08-25 10:00:23', '2017-08-25 10:00:23'),
	(104, 100001, '100001201708251000441324', 0.01, 1, 1, '2017-08-25 10:00:44', '2017-08-25 10:00:44'),
	(105, 100001, '100001201708251000522822', 0.01, 1, 1, '2017-08-25 10:00:52', '2017-08-25 10:00:52'),
	(106, 100001, '100001201708251001363370', 0.01, 1, 1, '2017-08-25 10:01:36', '2017-08-25 10:01:36'),
	(107, 100001, '100001201708251001384395', 0.01, 1, 1, '2017-08-25 10:01:38', '2017-08-25 10:01:38'),
	(108, 100001, '100001201708251001479893', 0.01, 1, 1, '2017-08-25 10:01:47', '2017-08-25 10:01:47'),
	(109, 100001, '100001201708251002103672', 0.01, 1, 1, '2017-08-25 10:02:10', '2017-08-25 10:02:10'),
	(110, 100001, '100001201708251004102682', 0.01, 1, 1, '2017-08-25 10:04:10', '2017-08-25 10:04:10'),
	(111, 100001, '100001201708251004183217', 0.01, 1, 1, '2017-08-25 10:04:18', '2017-08-25 10:04:18'),
	(112, 100001, '100001201708251026274822', 0.01, 1, 1, '2017-08-25 10:26:27', '2017-08-25 10:26:27'),
	(113, 100001, '100001201708251026534364', 0.01, 1, 1, '2017-08-25 10:26:53', '2017-08-25 10:26:53'),
	(114, 100001, '100001201708251027004780', 0.01, 1, 1, '2017-08-25 10:27:00', '2017-08-25 10:27:00'),
	(115, 100001, '100001201708251031436146', 0.01, 1, 1, '2017-08-25 10:31:43', '2017-08-25 10:31:43'),
	(116, 100001, '100001201708251032168828', 0.01, 1, 1, '2017-08-25 10:32:16', '2017-08-25 10:32:16'),
	(117, 100001, '100001201708251032576332', 0.01, 1, 1, '2017-08-25 10:32:57', '2017-08-25 10:32:57'),
	(118, 100001, '100001201708251033055326', 0.01, 1, 1, '2017-08-25 10:33:05', '2017-08-25 10:33:05'),
	(119, 100001, '100001201708251034136206', 0.01, 1, 1, '2017-08-25 10:34:13', '2017-08-25 10:34:13'),
	(120, 100001, '100001201708251035531667', 0.01, 1, 1, '2017-08-25 10:35:53', '2017-08-25 10:35:53'),
	(121, 100001, '100001201708251036005787', 0.01, 1, 1, '2017-08-25 10:36:00', '2017-08-25 10:36:00'),
	(122, 100001, '100001201708251036311407', 0.01, 1, 1, '2017-08-25 10:36:31', '2017-08-25 10:36:31'),
	(123, 100001, '100001201708251039249825', 0.01, 1, 1, '2017-08-25 10:39:24', '2017-08-25 10:39:24'),
	(124, 100001, '100001201708251043291518', 0.01, 4, 1, '2017-08-25 10:43:29', '2017-08-25 10:43:29'),
	(125, 100001, '100001201708251043479506', 0.01, 4, 1, '2017-08-25 10:43:47', '2017-08-25 10:43:47'),
	(126, 100001, '100001201708251043526465', 0.01, 1, 1, '2017-08-25 10:43:52', '2017-08-25 10:43:52'),
	(127, 100001, '100001201708251044011673', 0.01, 4, 1, '2017-08-25 10:44:01', '2017-08-25 10:44:01'),
	(128, 100001, '100001201708251044053319', 0.01, 1, 1, '2017-08-25 10:44:05', '2017-08-25 10:44:05'),
	(129, 100001, '100001201708291628235631', 0.01, 1, 1, '2017-08-29 16:28:23', '2017-08-29 16:28:23'),
	(130, 100001, '100001201708291628322245', 0.01, 1, 1, '2017-08-29 16:28:32', '2017-08-29 16:28:32'),
	(131, 100001, '100001201708291639547158', 0.01, 1, 1, '2017-08-29 16:39:54', '2017-08-29 16:39:54'),
	(132, 100001, '100001201708300952283218', 0.01, 1, 1, '2017-08-30 09:52:28', '2017-08-30 09:52:28'),
	(133, 100001, '100001201708300953101762', 0.01, 1, 1, '2017-08-30 09:53:10', '2017-08-30 09:53:10'),
	(134, 100001, '100001201708300953287340', 0.01, 1, 1, '2017-08-30 09:53:28', '2017-08-30 09:53:28'),
	(135, 100001, '100001201708300953356968', 0.01, 1, 1, '2017-08-30 09:53:35', '2017-08-30 09:53:35'),
	(136, 100001, '100001201708300954105641', 0.01, 1, 1, '2017-08-30 09:54:10', '2017-08-30 09:54:10'),
	(137, 100001, '100001201708300954311276', 0.01, 1, 1, '2017-08-30 09:54:31', '2017-08-30 09:54:31'),
	(138, 100001, '100001201708300954374209', 0.01, 1, 1, '2017-08-30 09:54:37', '2017-08-30 09:54:37'),
	(139, 100001, '100001201708301149389060', 0.01, 1, 1, '2017-08-30 11:49:38', '2017-08-30 11:49:38'),
	(140, 100001, '100001201708301150226999', 0.01, 1, 1, '2017-08-30 11:50:22', '2017-08-30 11:50:22'),
	(141, 100001, '100001201708301150395017', 0.01, 1, 1, '2017-08-30 11:50:39', '2017-08-30 11:50:39'),
	(142, 100001, '100001201708311407498953', 0.01, 1, 1, '2017-08-31 14:07:49', '2017-08-31 14:07:49'),
	(143, 100001, '100001201708311409314115', 9999.74, 4, 1, '2017-08-31 14:09:31', '2017-08-31 14:09:31'),
	(144, 100001, '100001201708311409403683', 520.71, 4, 1, '2017-08-31 14:09:40', '2017-08-31 14:09:40'),
	(145, 100001, '100001201708311410069469', 200.73, 4, 1, '2017-08-31 14:10:06', '2017-08-31 14:10:06');
/*!40000 ALTER TABLE `user_charge` ENABLE KEYS */;

-- 导出  表 yunlife.user_coupon 结构
DROP TABLE IF EXISTS `user_coupon`;
CREATE TABLE IF NOT EXISTS `user_coupon` (
  `id` int(11) NOT NULL AUTO_INCREMENT,
  `coupon_id` int(11) NOT NULL,
  `user_id` int(11) NOT NULL,
  `use_state` tinyint(4) DEFAULT '1' COMMENT '使用状态：1未使用，2已使用，-1已过期',
  `number` int(11) DEFAULT '1' COMMENT '数量',
  `valid_time` datetime DEFAULT NULL COMMENT '过期时间',
  `created_at` datetime DEFAULT NULL COMMENT '获得时间',
  `updated_at` datetime DEFAULT NULL COMMENT '使用时间',
  PRIMARY KEY (`id`),
  KEY `user_coupon_id` (`coupon_id`,`user_id`) USING BTREE
) ENGINE=InnoDB DEFAULT CHARSET=utf8 COMMENT='用户持有优惠券表';

-- 正在导出表  yunlife.user_coupon 的数据：~0 rows (大约)
/*!40000 ALTER TABLE `user_coupon` DISABLE KEYS */;
/*!40000 ALTER TABLE `user_coupon` ENABLE KEYS */;

-- 导出  表 yunlife.user_extend 结构
DROP TABLE IF EXISTS `user_extend`;
CREATE TABLE IF NOT EXISTS `user_extend` (
  `user_id` int(11) NOT NULL,
  `realname` varchar(20) NOT NULL COMMENT '真实姓名',
  `mobile` char(11) DEFAULT '' COMMENT '手机号',
  `point` tinyint(3) DEFAULT '0' COMMENT '返点百分比%',
  `rebate_account` decimal(13,2) DEFAULT '0.00' COMMENT '返佣金额',
  `coding` int(10) DEFAULT '0' COMMENT '机构编码或微圈编码',
  `state` tinyint(4) DEFAULT '1',
  `created_at` datetime DEFAULT NULL COMMENT '注册时间',
  `created_by` int(11) DEFAULT NULL,
  `updated_at` datetime DEFAULT NULL,
  `updated_by` int(11) DEFAULT NULL,
  PRIMARY KEY (`user_id`)
) ENGINE=InnoDB DEFAULT CHARSET=utf8 COMMENT='用户表扩展经纪人';

-- 正在导出表  yunlife.user_extend 的数据：~0 rows (大约)
/*!40000 ALTER TABLE `user_extend` DISABLE KEYS */;
INSERT INTO `user_extend` (`user_id`, `realname`, `mobile`, `point`, `rebate_account`, `coding`, `state`, `created_at`, `created_by`, `updated_at`, `updated_by`) VALUES
	(100001, '测试', '111', 0, 0.00, 0, 1, '2017-08-25 16:54:30', NULL, NULL, NULL);
/*!40000 ALTER TABLE `user_extend` ENABLE KEYS */;

-- 导出  表 yunlife.user_give 结构
DROP TABLE IF EXISTS `user_give`;
CREATE TABLE IF NOT EXISTS `user_give` (
  `id` int(11) NOT NULL AUTO_INCREMENT,
  `user_id` int(11) NOT NULL COMMENT '用户ID',
  `amount` decimal(11,2) NOT NULL COMMENT '金额',
  `created_at` datetime DEFAULT NULL COMMENT '赠金时间',
  `created_by` int(11) DEFAULT NULL,
  `updated_at` datetime DEFAULT NULL,
  `updated_by` int(11) DEFAULT NULL,
  PRIMARY KEY (`id`)
) ENGINE=InnoDB AUTO_INCREMENT=13 DEFAULT CHARSET=utf8 COMMENT='赠金记录表';

-- 正在导出表  yunlife.user_give 的数据：~2 rows (大约)
/*!40000 ALTER TABLE `user_give` DISABLE KEYS */;
INSERT INTO `user_give` (`id`, `user_id`, `amount`, `created_at`, `created_by`, `updated_at`, `updated_by`) VALUES
	(11, 100001, 100.00, '2017-08-25 16:54:30', 1, '2017-08-25 16:54:30', 1),
	(12, 100002, 10.00, '2017-08-25 16:54:53', 1, '2017-08-25 16:54:53', 1);
/*!40000 ALTER TABLE `user_give` ENABLE KEYS */;

-- 导出  表 yunlife.user_rebate 结构
DROP TABLE IF EXISTS `user_rebate`;
CREATE TABLE IF NOT EXISTS `user_rebate` (
  `id` int(11) NOT NULL AUTO_INCREMENT,
  `order_id` int(11) NOT NULL DEFAULT '0' COMMENT '订单id',
  `user_id` int(11) NOT NULL COMMENT '返点用户ID',
  `pid` int(11) NOT NULL COMMENT '经纪人用户id',
  `amount` decimal(11,2) NOT NULL COMMENT '返点金额',
  `point` tinyint(4) NOT NULL COMMENT '返点百分比%',
  `created_at` datetime DEFAULT NULL COMMENT '申请时间',
  `updated_at` datetime DEFAULT NULL COMMENT '审核时间',
  PRIMARY KEY (`id`),
  KEY `user_id` (`user_id`),
  KEY `pid` (`pid`)
) ENGINE=InnoDB AUTO_INCREMENT=5 DEFAULT CHARSET=utf8 COMMENT='返点记录表';

-- 正在导出表  yunlife.user_rebate 的数据：~4 rows (大约)
/*!40000 ALTER TABLE `user_rebate` DISABLE KEYS */;
INSERT INTO `user_rebate` (`id`, `order_id`, `user_id`, `pid`, `amount`, `point`, `created_at`, `updated_at`) VALUES
	(1, 1, 100001, 4, 1.05, 70, '2017-08-15 17:54:17', '2017-08-15 17:54:17'),
	(2, 1, 100001, 10, 0.15, 10, '2017-08-15 17:54:17', '2017-08-15 17:54:17'),
	(3, 2, 100001, 4, 1.05, 70, '2017-08-15 18:03:53', '2017-08-15 18:03:53'),
	(4, 2, 100001, 10, 0.15, 10, '2017-08-15 18:03:53', '2017-08-15 18:03:53');
/*!40000 ALTER TABLE `user_rebate` ENABLE KEYS */;

-- 导出  表 yunlife.user_withdraw 结构
DROP TABLE IF EXISTS `user_withdraw`;
CREATE TABLE IF NOT EXISTS `user_withdraw` (
  `id` int(11) NOT NULL AUTO_INCREMENT,
  `user_id` int(11) NOT NULL COMMENT '用户ID',
  `amount` decimal(11,2) NOT NULL COMMENT '出金金额',
  `account_id` tinyint(4) NOT NULL COMMENT '出金账号ID',
  `out_sn` varchar(25) DEFAULT NULL COMMENT '订单号',
  `type` tinyint(4) DEFAULT '1' COMMENT '类型',
  `op_state` tinyint(4) DEFAULT '1' COMMENT '操作状态：1待审核，2已操作，-1不通过',
  `created_at` datetime DEFAULT NULL COMMENT '申请时间',
  `updated_at` datetime DEFAULT NULL COMMENT '审核时间',
  PRIMARY KEY (`id`),
  KEY `user_id` (`user_id`)
) ENGINE=InnoDB AUTO_INCREMENT=8 DEFAULT CHARSET=utf8 COMMENT='用户提款表';

-- 正在导出表  yunlife.user_withdraw 的数据：~7 rows (大约)
/*!40000 ALTER TABLE `user_withdraw` DISABLE KEYS */;
INSERT INTO `user_withdraw` (`id`, `user_id`, `amount`, `account_id`, `out_sn`, `type`, `op_state`, `created_at`, `updated_at`) VALUES
	(1, 100001, 200.00, 3, NULL, 1, 1, '2017-06-22 10:31:56', '2017-06-22 10:31:56'),
	(2, 100001, 200.00, 3, NULL, 1, 1, '2017-06-22 10:36:16', '2017-06-22 10:36:16'),
	(3, 100001, 340.00, 2, NULL, 2, -1, '2017-06-22 11:55:00', '2017-06-23 09:21:05'),
	(4, 100001, 1000.00, 1, NULL, 1, 1, '2017-06-22 14:47:48', '2017-06-22 14:47:48'),
	(5, 100001, 123.00, 2, NULL, 2, -1, '2017-06-22 15:01:38', '2017-06-23 09:20:54'),
	(6, 100001, 3000.00, 1, NULL, 1, 1, '2017-06-22 15:04:46', '2017-06-22 15:04:46'),
	(7, 100001, 123.00, 2, NULL, 2, 2, '2017-06-22 18:43:38', '2017-06-23 09:19:54');
/*!40000 ALTER TABLE `user_withdraw` ENABLE KEYS */;

/*!40101 SET SQL_MODE=IFNULL(@OLD_SQL_MODE, '') */;
/*!40014 SET FOREIGN_KEY_CHECKS=IF(@OLD_FOREIGN_KEY_CHECKS IS NULL, 1, @OLD_FOREIGN_KEY_CHECKS) */;
/*!40101 SET CHARACTER_SET_CLIENT=@OLD_CHARACTER_SET_CLIENT */;
